id,pred,margin_pass1,used_second_pass,score_a,score_b,score_c,score_d
test_0001.jpg,d,22.75,False,-24.75,-22.75,-23.625,0.0
test_0002.jpg,b,5.0,False,-5.006721496582031,-0.0067215063609182835,-18.38172149658203,-12.006721496582031
test_0003.jpg,c,22.5,False,-23.5,-22.5,0.0,-22.5
test_0004.jpg,a,19.75,False,0.0,-23.875,-19.75,-27.0
test_0005.jpg,b,7.25,False,-18.500709533691406,-0.0007098776986822486,-7.2507100105285645,-17.000709533691406
test_0006.jpg,c,24.125,False,-24.5,-24.125,0.0,-27.125
test_0007.jpg,a,22.875,False,0.0,-22.875,-25.25,-25.75
test_0008.jpg,b,18.25,False,-19.875,0.0,-18.25,-18.625
test_0009.jpg,d,15.5,False,-26.375,-23.125,-15.5,-2.3841855067985307e-07
test_0010.jpg,b,15.75,False,-20.75,-1.1920928244535389e-07,-15.75,-21.5
test_0011.jpg,d,17.625,False,-17.625,-21.5,-22.625,0.0
test_0012.jpg,b,24.625,False,-24.625,0.0,-27.875,-26.875
test_0013.jpg,a,21.25,False,0.0,-21.75,-24.25,-21.25
test_0014.jpg,c,3.0,False,-17.923587799072266,-3.0485873222351074,-0.04858732968568802,-18.673587799072266
test_0015.jpg,c,18.25,False,-18.25,-21.5,0.0,-21.125
test_0016.jpg,d,19.0,False,-19.0,-22.25,-26.0,0.0
test_0017.jpg,a,18.5,False,0.0,-20.5,-18.5,-21.5
test_0018.jpg,b,21.75,False,-22.0,0.0,-23.0,-21.75
test_0019.jpg,b,22.0,False,-24.25,0.0,-22.0,-25.875
test_0020.jpg,b,22.5,False,-22.5,0.0,-26.875,-25.125
test_0021.jpg,b,20.375,False,-20.375,0.0,-23.875,-22.25
test_0022.jpg,c,20.75,False,-23.125,-21.125,0.0,-20.75
test_0023.jpg,b,22.25,False,-22.25,0.0,-22.5,-24.75
test_0024.jpg,a,19.0,False,0.0,-20.5,-19.0,-22.25
test_0025.jpg,b,20.875,False,-21.75,0.0,-22.625,-20.875
test_0026.jpg,d,24.125,False,-24.125,-24.75,-27.875,0.0
test_0027.jpg,d,23.875,False,-25.75,-23.875,-27.25,0.0
test_0028.jpg,a,14.25,False,-5.960462772236497e-07,-14.250000953674316,-22.0,-21.5
test_0029.jpg,c,19.375,False,-20.625,-19.875,0.0,-19.375
test_0030.jpg,b,20.75,False,-20.75,0.0,-23.4375,-23.125
test_0031.jpg,a,16.75,False,0.0,-16.75,-18.375,-19.0
test_0032.jpg,b,24.375,False,-24.375,0.0,-28.5,-25.625
test_0033.jpg,c,9.625,False,-16.37506675720215,-9.625065803527832,-6.627816765103489e-05,-15.625065803527832
test_0034.jpg,d,22.75,False,-26.375,-22.75,-24.375,0.0
test_0035.jpg,d,21.25,False,-21.875,-21.25,-24.5625,0.0
test_0036.jpg,c,19.375,False,-21.625,-20.125,0.0,-19.375
test_0037.jpg,d,22.75,False,-27.375,-22.75,-24.875,0.0
test_0038.jpg,a,24.75,False,0.0,-24.75,-25.8125,-26.375
test_0039.jpg,b,22.25,False,-22.25,0.0,-25.875,-24.0
test_0040.jpg,a,20.375,False,0.0,-20.375,-22.125,-22.875
test_0041.jpg,a,25.0,False,0.0,-25.0,-28.0,-26.0
test_0042.jpg,a,20.0,False,0.0,-20.0,-21.0,-21.25
test_0043.jpg,c,24.625,False,-25.0,-24.625,0.0,-25.5
test_0044.jpg,a,20.625,False,0.0,-20.625,-21.125,-22.25
test_0045.jpg,a,9.0,False,-0.00012337400403339416,-9.000123023986816,-20.250123977661133,-20.875123977661133
test_0046.jpg,a,21.25,False,0.0,-21.25,-21.75,-22.5
test_0047.jpg,c,20.625,False,-20.625,-21.1875,0.0,-22.0625
test_0048.jpg,b,24.75,False,-24.75,0.0,-28.25,-26.75
test_0049.jpg,d,16.375,False,-24.5,-19.875,-16.375,-1.1920928244535389e-07
test_0050.jpg,d,3.5,False,-3.5297536849975586,-13.779753684997559,-13.029753684997559,-0.029753657057881355
test_0051.jpg,d,21.875,False,-24.125,-21.875,-23.0,0.0
test_0052.jpg,d,25.5,False,-27.0,-25.5,-27.25,0.0
test_0053.jpg,a,20.125,False,0.0,-21.875,-24.25,-20.125
test_0054.jpg,b,20.375,False,-21.125,0.0,-20.375,-21.0
test_0055.jpg,b,25.75,False,-25.75,0.0,-25.75,-25.75
test_0056.jpg,c,4.75,False,-23.88361358642578,-22.38361358642578,-0.008614521473646164,-4.758614540100098
test_0057.jpg,b,20.25,False,-21.875,0.0,-20.25,-20.75
test_0058.jpg,c,0.0,True,-10.270444869995117,-18.570444107055664,-0.2079445868730545,-18.957942962646484
test_0059.jpg,c,20.125,False,-20.375,-20.125,0.0,-21.875
test_0060.jpg,a,24.375,False,0.0,-24.375,-25.1875,-26.5
test_0061.jpg,a,21.625,False,0.0,-21.625,-22.125,-23.25
test_0062.jpg,d,26.125,False,-26.75,-26.125,-29.0,0.0
test_0063.jpg,d,24.625,False,-25.75,-24.625,-25.5,0.0
test_0064.jpg,a,22.875,False,0.0,-22.875,-24.625,-25.125
test_0065.jpg,b,23.625,False,-25.375,0.0,-29.0,-23.625
test_0066.jpg,b,19.5,False,-19.5,0.0,-21.375,-20.75
test_0067.jpg,b,24.0,False,-24.0,0.0,-28.25,-25.0
test_0068.jpg,d,21.0625,False,-21.75,-22.625,-21.0625,0.0
test_0069.jpg,c,21.5,False,-23.125,-21.5,0.0,-23.125
test_0070.jpg,b,17.375,False,-17.375,0.0,-20.625,-18.75
test_0071.jpg,d,23.0,False,-23.0,-23.375,-26.375,0.0
test_0072.jpg,c,10.625,False,-10.625024795532227,-15.375024795532227,-2.455681169521995e-05,-17.375024795532227
test_0073.jpg,c,21.375,False,-23.25,-21.5,0.0,-21.375
test_0074.jpg,b,22.875,False,-22.875,0.0,-23.0,-23.875
test_0075.jpg,a,19.75,False,0.0,-20.5,-19.75,-21.5
test_0076.jpg,a,19.125,False,0.0,-19.625,-19.125,-19.875
test_0077.jpg,b,18.125,False,-18.125,0.0,-24.0,-22.75
test_0078.jpg,c,21.375,False,-21.5,-21.375,0.0,-22.875
test_0079.jpg,d,23.125,False,-26.25,-23.125,-24.0,0.0
test_0080.jpg,b,23.375,False,-24.25,0.0,-24.0,-23.375
test_0081.jpg,a,21.5,False,0.0,-22.5,-22.75,-21.5
test_0082.jpg,b,20.875,False,-20.875,0.0,-22.625,-20.875
test_0083.jpg,a,18.625,False,0.0,-18.875,-18.625,-20.25
test_0084.jpg,c,19.875,False,-21.25,-20.25,0.0,-19.875
test_0085.jpg,d,19.875,False,-23.125,-19.875,-21.5,0.0
test_0086.jpg,c,20.875,False,-22.375,-22.25,0.0,-20.875
test_0087.jpg,b,23.75,False,-23.75,0.0,-24.75,-23.875
test_0088.jpg,a,11.0,False,-1.680836794548668e-05,-16.250017166137695,-11.000017166137695,-16.875017166137695
test_0089.jpg,b,24.875,False,-25.0,0.0,-24.875,-27.375
test_0090.jpg,c,24.375,False,-24.375,-24.5625,0.0,-26.6875
test_0091.jpg,b,18.875,False,-25.25,0.0,-18.875,-19.25
test_0092.jpg,b,23.625,False,-23.625,0.0,-23.625,-24.375
test_0093.jpg,d,17.25,False,-17.25,-23.0,-27.0,0.0
test_0094.jpg,b,24.0,False,-24.0,0.0,-25.5,-26.5
test_0095.jpg,b,4.0,False,-4.0181498527526855,-0.018149960786104202,-18.893150329589844,-18.393150329589844
test_0096.jpg,b,18.375,False,-18.375,0.0,-21.0,-21.125
test_0097.jpg,c,22.75,False,-23.375,-22.75,0.0,-24.375
test_0098.jpg,a,21.375,False,0.0,-21.375,-22.25,-27.0
test_0099.jpg,c,18.125,False,-18.875,-18.125,0.0,-21.25
test_0100.jpg,a,19.375,False,0.0,-19.625,-19.375,-20.5
test_0101.jpg,b,23.0,False,-23.0,0.0,-25.0,-23.375
test_0102.jpg,b,26.0,False,-26.0,0.0,-28.125,-28.5
test_0103.jpg,c,0.5,True,-17.554723739624023,-19.867223739624023,-0.1422239989042282,-13.417223930358887
test_0104.jpg,b,22.875,False,-22.875,0.0,-23.5,-24.25
test_0105.jpg,d,23.375,False,-23.875,-23.375,-25.75,0.0
test_0106.jpg,d,24.375,False,-25.25,-24.5,-24.375,0.0
test_0107.jpg,c,21.75,False,-23.125,-21.75,0.0,-23.0
test_0108.jpg,d,21.25,False,-24.0,-21.25,-22.75,0.0
test_0109.jpg,a,22.125,False,0.0,-22.125,-23.625,-24.5
test_0110.jpg,d,26.0,False,-26.375,-26.0,-28.5,0.0
test_0111.jpg,c,18.625,False,-20.75,-18.625,0.0,-19.625
test_0112.jpg,b,23.5,False,-23.5,0.0,-26.25,-25.5
test_0113.jpg,d,2.0,True,-21.72557830810547,-11.850578308105469,-21.888078689575195,-0.6380784511566162
test_0114.jpg,d,1.5,True,-19.968210220336914,-12.305709838867188,-3.2182092666625977,-0.5182092785835266
test_0115.jpg,d,24.75,False,-24.75,-24.75,-26.0,0.0
test_0116.jpg,c,16.875,False,-22.0,-16.875,0.0,-19.375
test_0117.jpg,a,17.875,False,0.0,-17.875,-20.375,-19.625
test_0118.jpg,b,26.875,False,-26.875,0.0,-30.125,-28.75
test_0119.jpg,d,0.0,True,-10.924642562866211,-6.862142562866211,-11.687143325805664,-0.21214249730110168
test_0120.jpg,c,20.5,False,-20.5,-20.5625,0.0,-20.75
test_0121.jpg,d,23.8125,False,-23.8125,-25.25,-26.875,0.0
test_0122.jpg,c,15.375,False,-16.875,-15.375,-3.576278118089249e-07,-15.875
test_0123.jpg,a,20.625,False,0.0,-20.625,-21.625,-21.875
test_0124.jpg,d,25.3125,False,-25.625,-25.3125,-27.375,0.0
test_0125.jpg,b,21.625,False,-22.25,0.0,-23.75,-21.625
test_0126.jpg,a,22.625,False,0.0,-22.625,-23.625,-25.0
test_0127.jpg,c,20.875,False,-21.75,-20.875,0.0,-20.875
test_0128.jpg,b,23.375,False,-23.375,0.0,-25.0,-25.375
test_0129.jpg,b,18.5,False,-22.375,0.0,-18.5,-20.625
test_0130.jpg,d,22.5625,False,-22.5625,-24.6875,-26.375,0.0
test_0131.jpg,a,20.8125,False,0.0,-20.8125,-23.4375,-23.1875
test_0132.jpg,d,25.875,False,-28.75,-25.875,-27.375,0.0
test_0133.jpg,d,20.75,False,-21.25,-21.0,-20.75,0.0
test_0134.jpg,c,18.625,False,-24.875,-23.125,0.0,-18.625
test_0135.jpg,d,17.875,False,-22.5,-19.375,-17.875,0.0
test_0136.jpg,a,12.125,False,-5.722029527532868e-06,-15.375005722045898,-16.5000057220459,-12.125005722045898
test_0137.jpg,a,18.0,False,0.0,-19.125,-21.0,-18.0
test_0138.jpg,a,18.0,False,0.0,-22.0625,-25.625,-18.0
test_0139.jpg,a,23.1875,False,0.0,-23.1875,-26.4375,-24.4375
test_0140.jpg,a,24.5,False,0.0,-24.5,-26.5,-26.25
test_0141.jpg,b,22.875,False,-22.875,0.0,-27.125,-26.125
test_0142.jpg,c,18.875,False,-18.875,-19.0,0.0,-19.25
test_0143.jpg,b,20.875,False,-20.875,0.0,-24.125,-23.0
test_0144.jpg,b,23.0,False,-23.0,0.0,-24.375,-25.25
test_0145.jpg,a,17.625,False,0.0,-19.375,-17.625,-20.75
test_0146.jpg,b,12.5,False,-23.875003814697266,-3.6954811548639555e-06,-24.375003814697266,-12.500003814697266
test_0147.jpg,a,22.5625,False,0.0,-23.0,-22.5625,-23.5
test_0148.jpg,c,22.375,False,-23.125,-22.375,0.0,-24.25
test_0149.jpg,b,22.5,False,-22.5,0.0,-26.0,-25.75
test_0150.jpg,c,20.5,False,-20.5,-21.1875,0.0,-21.9375
test_0151.jpg,a,19.125,False,0.0,-19.125,-19.375,-19.625
test_0152.jpg,c,18.5,False,-18.625,-18.5,0.0,-19.625
test_0153.jpg,c,20.5,False,-22.125,-21.25,0.0,-20.5
test_0154.jpg,d,21.625,False,-21.625,-21.875,-23.8125,0.0
test_0155.jpg,a,22.0,False,0.0,-22.0,-25.25,-24.3125
test_0156.jpg,c,21.5,False,-21.5,-21.5,0.0,-22.625
test_0157.jpg,b,20.125,False,-22.75,0.0,-20.125,-23.625
test_0158.jpg,c,21.0,False,-21.625,-21.0,0.0,-23.0
test_0159.jpg,a,18.9375,False,0.0,-18.9375,-20.125,-21.6875
test_0160.jpg,b,27.125,False,-27.25,0.0,-27.125,-27.125
test_0161.jpg,c,22.625,False,-23.625,-23.0,0.0,-22.625
test_0162.jpg,c,19.375,False,-19.375,-20.0,0.0,-20.0
test_0163.jpg,c,15.25,False,-17.625,-15.25,-3.576278118089249e-07,-16.0
test_0164.jpg,a,24.25,False,0.0,-24.25,-26.9375,-26.6875
test_0165.jpg,b,19.25,False,-20.75,0.0,-19.25,-21.75
test_0166.jpg,b,20.625,False,-23.25,0.0,-20.875,-20.625
test_0167.jpg,c,20.375,False,-22.0,-20.375,0.0,-20.75
test_0168.jpg,c,22.375,False,-23.25,-23.625,0.0,-22.375
test_0169.jpg,a,20.125,False,0.0,-21.5,-20.125,-21.875
test_0170.jpg,d,22.875,False,-22.875,-23.5,-27.0,0.0
test_0171.jpg,d,24.0,False,-25.0,-25.125,-24.0,0.0
test_0172.jpg,b,24.25,False,-25.0,0.0,-24.25,-24.75
test_0173.jpg,a,20.625,False,0.0,-20.625,-23.5,-22.125
test_0174.jpg,d,2.0,True,-8.263083457946777,-17.538084030151367,-18.388084411621094,-0.6380839943885803
test_0175.jpg,d,23.375,False,-23.375,-24.25,-25.375,0.0
test_0176.jpg,c,13.25,False,-13.250001907348633,-17.625001907348633,-1.7881377516459906e-06,-18.500001907348633
test_0177.jpg,a,19.75,False,0.0,-19.75,-21.375,-22.75
test_0178.jpg,a,20.75,False,0.0,-20.75,-23.25,-24.25
test_0179.jpg,b,18.0,False,-24.125,0.0,-18.0,-21.375
test_0180.jpg,a,15.0,False,-3.576278118089249e-07,-15.0,-17.875,-18.375
test_0181.jpg,a,14.75,False,-3.576278118089249e-07,-14.75,-17.0,-17.375
test_0182.jpg,c,22.375,False,-23.125,-23.25,0.0,-22.375
test_0183.jpg,d,4.75,False,-15.383617401123047,-12.758617401123047,-4.758617401123047,-0.008617594838142395
test_0184.jpg,b,20.125,False,-23.75,0.0,-22.375,-20.125
test_0185.jpg,a,22.375,False,0.0,-22.375,-24.5,-24.625
test_0186.jpg,a,22.0,False,0.0,-22.0,-23.3125,-24.625
test_0187.jpg,d,25.875,False,-27.5,-25.875,-26.125,0.0
test_0188.jpg,d,22.25,False,-24.875,-22.25,-22.875,0.0
test_0189.jpg,d,25.0,False,-26.125,-25.0,-27.875,0.0
test_0190.jpg,c,20.25,False,-20.25,-21.5,0.0,-21.0
test_0191.jpg,a,21.75,False,0.0,-21.75,-26.125,-24.1875
test_0192.jpg,d,2.25,False,-2.7887861728668213,-9.163785934448242,-2.4137861728668213,-0.16378618776798248
test_0193.jpg,c,20.125,False,-20.625,-20.125,0.0,-23.125
test_0194.jpg,d,1.0,True,-19.706491470336914,-12.03149127960205,-15.268991470336914,-0.0939914658665657
test_0195.jpg,c,19.625,False,-20.75,-19.625,0.0,-20.875
test_0196.jpg,d,18.625,False,-22.875,-20.0,-18.625,0.0
test_0197.jpg,a,19.875,False,0.0,-19.875,-24.75,-21.1875
test_0198.jpg,c,2.5,False,-2.578889846801758,-16.453889846801758,-0.078889861702919,-19.703889846801758
test_0199.jpg,a,22.125,False,0.0,-22.125,-26.625,-22.125
test_0200.jpg,c,22.625,False,-22.625,-23.375,0.0,-25.5625
test_0201.jpg,a,23.1875,False,0.0,-23.1875,-24.4375,-23.625
test_0202.jpg,c,22.625,False,-22.625,-23.0,0.0,-25.5
test_0203.jpg,b,21.625,False,-21.625,0.0,-24.875,-23.375
test_0204.jpg,c,20.375,False,-25.5,-23.25,0.0,-20.375
test_0205.jpg,c,23.0,False,-25.375,-23.875,0.0,-23.0
test_0206.jpg,d,22.25,False,-24.5,-22.25,-22.375,0.0
test_0207.jpg,b,23.625,False,-23.625,0.0,-26.0,-25.375
test_0208.jpg,c,0.75,True,-10.178777694702148,-13.091278076171875,-0.3412782847881317,-11.891277313232422
test_0209.jpg,b,1.75,True,-21.34817886352539,-0.048178236931562424,-17.398178100585938,-6.698177814483643
test_0210.jpg,a,19.8125,False,0.0,-19.8125,-23.0,-22.1875
test_0211.jpg,d,23.625,False,-27.25,-23.625,-24.375,0.0
test_0212.jpg,a,21.4375,False,0.0,-21.4375,-22.25,-23.4375
test_0213.jpg,a,23.25,False,0.0,-23.25,-25.25,-23.75
test_0214.jpg,a,12.25,False,-4.768360213347478e-06,-24.000003814697266,-26.937503814697266,-12.250004768371582
test_0215.jpg,c,18.0,False,-18.5,-18.25,0.0,-18.0
test_0216.jpg,c,23.125,False,-24.0,-23.125,0.0,-23.625
test_0217.jpg,c,23.5,False,-24.625,-24.5,0.0,-23.5
test_0218.jpg,a,20.375,False,0.0,-20.375,-21.5,-22.5
test_0219.jpg,a,24.8125,False,0.0,-24.8125,-25.375,-26.125
test_0220.jpg,b,18.0,False,-21.75,0.0,-19.75,-18.0
test_0221.jpg,d,24.5,False,-24.5,-24.5,-26.9375,0.0
test_0222.jpg,d,23.875,False,-28.375,-23.875,-27.0,0.0
test_0223.jpg,c,21.125,False,-22.375,-21.375,0.0,-21.125
test_0224.jpg,a,17.0,False,0.0,-17.0,-17.25,-19.5
test_0225.jpg,a,19.875,False,0.0,-19.875,-22.1875,-21.9375
test_0226.jpg,a,24.0,False,0.0,-24.0,-24.875,-26.5
test_0227.jpg,d,26.625,False,-27.25,-26.625,-27.75,0.0
test_0228.jpg,d,24.125,False,-25.0,-24.625,-24.125,0.0
test_0229.jpg,d,25.25,False,-25.5,-25.25,-25.75,0.0
test_0230.jpg,c,20.125,False,-20.375,-20.25,0.0,-20.125
test_0231.jpg,c,24.875,False,-26.0,-24.875,0.0,-25.125
test_0232.jpg,b,21.0,False,-21.0,0.0,-21.4375,-22.875
test_0233.jpg,c,21.25,False,-21.75,-21.625,0.0,-21.25
test_0234.jpg,c,20.5,False,-21.375,-21.625,0.0,-20.5
test_0235.jpg,a,22.9375,False,0.0,-22.9375,-24.1875,-24.625
test_0236.jpg,d,21.75,False,-24.375,-21.75,-22.875,0.0
test_0237.jpg,c,18.0,False,-18.0,-22.0,0.0,-22.375
test_0238.jpg,d,4.0,False,-4.018182277679443,-10.393181800842285,-13.393181800842285,-0.01818215288221836
test_0239.jpg,d,21.25,False,-21.25,-22.75,-25.5,0.0
test_0240.jpg,d,25.25,False,-28.625,-25.25,-27.75,0.0
test_0241.jpg,d,25.0,False,-26.5,-25.0,-26.5,0.0
test_0242.jpg,d,21.75,False,-24.5,-21.75,-23.0,0.0
test_0243.jpg,b,24.875,False,-24.875,0.0,-27.5,-27.375
test_0244.jpg,c,22.125,False,-22.125,-22.25,0.0,-25.375
test_0245.jpg,a,18.625,False,0.0,-20.75,-20.75,-18.625
test_0246.jpg,b,0.5,True,-14.817739486694336,-0.14273914694786072,-13.892739295959473,-5.367739200592041
test_0247.jpg,c,15.75,False,-21.125,-18.75,-1.1920928244535389e-07,-15.75
test_0248.jpg,a,21.625,False,0.0,-21.625,-21.625,-22.25
test_0249.jpg,a,19.9375,False,0.0,-19.9375,-21.1875,-21.4375
test_0250.jpg,c,21.125,False,-21.375,-21.125,0.0,-21.75
test_0251.jpg,c,21.0,False,-21.25,-21.0,0.0,-22.125
test_0252.jpg,b,19.5,False,-20.375,0.0,-19.5,-20.375
test_0253.jpg,a,17.75,False,0.0,-17.75,-20.875,-22.375
test_0254.jpg,a,24.375,False,0.0,-24.375,-26.25,-27.0625
test_0255.jpg,a,21.875,False,0.0,-21.875,-22.875,-22.875
test_0256.jpg,b,21.375,False,-21.375,0.0,-21.875,-22.875
test_0257.jpg,b,19.125,False,-19.125,0.0,-22.6875,-22.6875
test_0258.jpg,b,22.125,False,-22.125,0.0,-24.375,-24.0
test_0259.jpg,d,24.0,False,-24.25,-24.0,-25.625,0.0
test_0260.jpg,b,22.375,False,-22.375,0.0,-23.75,-24.25
test_0261.jpg,a,23.125,False,0.0,-23.125,-24.1875,-25.0625
test_0262.jpg,a,12.0,False,-6.198863957251888e-06,-12.000005722045898,-17.1250057220459,-18.0000057220459
test_0263.jpg,a,20.25,False,0.0,-20.25,-20.5,-21.875
test_0264.jpg,d,24.125,False,-24.125,-24.5,-26.125,0.0
test_0265.jpg,b,21.0,False,-23.0,0.0,-21.5,-21.0
test_0266.jpg,a,16.75,False,0.0,-16.75,-19.0,-18.125
test_0267.jpg,d,21.375,False,-27.375,-21.375,-24.5,0.0
test_0268.jpg,d,25.875,False,-26.875,-25.875,-27.5,0.0
test_0269.jpg,d,23.25,False,-26.5,-23.25,-24.75,0.0
test_0270.jpg,a,15.0,False,-3.576278118089249e-07,-15.0,-17.375,-17.0
test_0271.jpg,d,23.125,False,-23.125,-24.125,-26.3125,0.0
test_0272.jpg,c,24.5,False,-26.625,-24.625,0.0,-24.5
test_0273.jpg,a,22.75,False,0.0,-22.75,-23.875,-24.5625
test_0274.jpg,a,20.0,False,0.0,-20.0,-21.25,-23.125
test_0275.jpg,b,20.375,False,-20.625,0.0,-21.625,-20.375
test_0276.jpg,b,23.5,False,-24.25,0.0,-27.0,-23.5
test_0277.jpg,d,24.75,False,-24.75,-25.4375,-28.3125,0.0
test_0278.jpg,b,20.625,False,-20.625,0.0,-24.875,-23.375
test_0279.jpg,d,10.875,False,-10.875019073486328,-20.750019073486328,-21.125019073486328,-1.8954096958623268e-05
test_0280.jpg,b,10.5,False,-20.37502670288086,-2.753696753643453e-05,-17.62502670288086,-10.500027656555176
test_0281.jpg,a,21.6875,False,0.0,-23.875,-26.8125,-21.6875
test_0282.jpg,c,22.875,False,-23.875,-22.875,0.0,-23.75
test_0283.jpg,a,19.75,False,0.0,-19.75,-21.25,-23.375
test_0284.jpg,c,23.5625,False,-23.5625,-24.125,0.0,-26.1875
test_0285.jpg,b,21.5,False,-24.25,0.0,-21.5,-23.75
test_0286.jpg,b,20.5,False,-21.375,0.0,-20.5,-22.5
test_0287.jpg,b,22.625,False,-22.625,0.0,-23.25,-23.25
test_0288.jpg,a,15.375,False,-2.3841855067985307e-07,-15.375,-22.375,-16.875
test_0289.jpg,b,19.875,False,-19.875,0.0,-21.0,-20.375
test_0290.jpg,d,25.75,False,-26.875,-25.75,-28.75,0.0
test_0291.jpg,d,25.625,False,-28.375,-25.625,-26.25,0.0
test_0292.jpg,d,5.5,False,-22.504077911376953,-5.504078388214111,-20.254077911376953,-0.004078404977917671
test_0293.jpg,c,22.125,False,-23.25,-22.125,0.0,-22.875
test_0294.jpg,a,11.0,False,-2.610649426060263e-05,-11.625025749206543,-11.000025749206543,-14.500025749206543
test_0295.jpg,c,21.75,False,-22.5,-21.75,0.0,-23.625
test_0296.jpg,c,20.375,False,-21.0,-20.375,0.0,-22.75
test_0297.jpg,d,1.75,True,-13.523069381713867,-16.03557014465332,-18.210569381713867,-0.048069123178720474
test_0298.jpg,c,22.25,False,-22.25,-23.5,0.0,-23.75
test_0299.jpg,b,21.75,False,-25.625,0.0,-21.75,-24.625
test_0300.jpg,b,20.75,False,-20.75,0.0,-22.0,-21.125
test_0301.jpg,a,24.0625,False,0.0,-24.0625,-27.4375,-26.0625
test_0302.jpg,d,6.25,False,-24.126928329467773,-21.626928329467773,-6.251928806304932,-0.0019286142196506262
test_0303.jpg,c,21.75,False,-23.875,-21.75,0.0,-23.125
test_0304.jpg,b,22.0,False,-23.5,0.0,-23.625,-22.0
test_0305.jpg,b,22.25,False,-24.125,0.0,-25.25,-22.25
test_0306.jpg,c,19.125,False,-21.625,-19.125,0.0,-20.875
test_0307.jpg,b,18.875,False,-18.875,0.0,-21.5,-21.75
test_0308.jpg,b,19.75,False,-20.25,0.0,-19.75,-20.0
test_0309.jpg,d,26.125,False,-26.5,-26.125,-27.375,0.0
test_0310.jpg,b,21.75,False,-23.5,0.0,-21.75,-23.5
test_0311.jpg,a,19.5,False,0.0,-19.5,-19.75,-21.125
test_0312.jpg,a,12.5,False,-4.887569048150908e-06,-13.625004768371582,-17.3750057220459,-12.500004768371582
test_0313.jpg,a,18.5,False,0.0,-18.5,-21.3125,-23.3125
test_0314.jpg,a,18.5,False,0.0,-18.5,-21.6875,-20.3125
test_0315.jpg,b,22.0,False,-22.875,0.0,-24.5,-22.0
test_0316.jpg,d,22.0,False,-22.75,-22.0,-22.25,0.0
test_0317.jpg,c,21.5625,False,-21.5625,-22.0625,0.0,-21.625
test_0318.jpg,c,20.125,False,-24.75,-20.125,0.0,-22.25
test_0319.jpg,d,25.0,False,-28.25,-25.75,-25.0,0.0
test_0320.jpg,a,22.375,False,0.0,-22.375,-22.5625,-24.125
test_0321.jpg,d,23.375,False,-23.875,-23.375,-25.375,0.0
test_0322.jpg,d,23.0,False,-26.875,-23.0,-26.875,0.0
test_0323.jpg,d,22.75,False,-26.0,-22.75,-22.875,0.0
test_0324.jpg,a,21.0,False,0.0,-21.0,-23.25,-23.875
test_0325.jpg,d,5.25,False,-23.380233764648438,-5.2552337646484375,-21.755233764648438,-0.005233753472566605
test_0326.jpg,a,21.625,False,0.0,-21.625,-22.375,-23.625
test_0327.jpg,d,21.875,False,-25.625,-21.875,-22.5,0.0
test_0328.jpg,b,21.25,False,-23.375,0.0,-22.625,-21.25
test_0329.jpg,a,22.9375,False,0.0,-22.9375,-24.0625,-25.125
test_0330.jpg,a,22.0,False,0.0,-22.0,-23.625,-22.75
test_0331.jpg,b,22.375,False,-22.375,0.0,-23.125,-23.0
test_0332.jpg,d,24.5,False,-26.375,-24.5,-25.75,0.0
test_0333.jpg,a,22.5,False,0.0,-22.5,-23.625,-25.125
test_0334.jpg,a,21.625,False,0.0,-21.625,-23.4375,-25.5625
test_0335.jpg,d,24.75,False,-26.0,-24.75,-26.25,0.0
test_0336.jpg,d,23.75,False,-25.75,-23.75,-28.0,0.0
test_0337.jpg,c,19.375,False,-19.375,-20.0,0.0,-20.5
test_0338.jpg,b,20.875,False,-24.625,0.0,-20.875,-24.25
test_0339.jpg,a,22.0,False,0.0,-22.5,-25.125,-22.0
test_0340.jpg,d,19.625,False,-21.375,-19.625,-21.375,0.0
test_0341.jpg,d,5.0,False,-12.506718635559082,-18.6317195892334,-5.00671911239624,-0.00671901972964406
test_0342.jpg,c,21.875,False,-22.125,-21.875,0.0,-24.1875
test_0343.jpg,c,21.625,False,-21.625,-22.5,0.0,-22.625
test_0344.jpg,a,20.875,False,0.0,-20.875,-22.125,-22.25
test_0345.jpg,c,2.0,True,-7.463131427764893,-11.350631713867188,-0.038131728768348694,-14.688131332397461
test_0346.jpg,a,17.875,False,0.0,-25.125,-23.875,-17.875
test_0347.jpg,c,13.5,False,-13.500000953674316,-18.000001907348633,-1.4305104514278355e-06,-18.000001907348633
test_0348.jpg,b,22.5,False,-22.5,0.0,-25.8125,-24.625
test_0349.jpg,a,19.625,False,0.0,-19.625,-23.3125,-21.75
test_0350.jpg,b,21.5,False,-21.5,0.0,-21.875,-22.375
test_0351.jpg,a,21.75,False,0.0,-21.75,-24.25,-23.5
test_0352.jpg,a,20.375,False,0.0,-20.375,-20.375,-20.625
test_0353.jpg,d,23.875,False,-23.875,-24.125,-26.1875,0.0
test_0354.jpg,a,22.4375,False,0.0,-22.4375,-24.875,-24.875
test_0355.jpg,a,21.125,False,0.0,-21.75,-21.125,-23.25
test_0356.jpg,d,22.5,False,-22.5,-23.25,-24.8125,0.0
test_0357.jpg,c,8.125,False,-8.125296592712402,-14.625296592712402,-0.00029666791670024395,-15.375296592712402
test_0358.jpg,d,24.0,False,-24.875,-24.0,-27.25,0.0
test_0359.jpg,b,3.25,False,-3.288041591644287,-0.03804164379835129,-16.663042068481445,-16.413042068481445
test_0360.jpg,c,20.5,False,-21.3125,-21.5625,0.0,-20.5
test_0361.jpg,b,23.625,False,-24.375,0.0,-26.625,-23.625
test_0362.jpg,c,18.375,False,-20.0,-19.0,0.0,-18.375
test_0363.jpg,d,8.375,False,-19.50023078918457,-8.37523078918457,-19.12523078918457,-0.00023052419419400394
test_0364.jpg,a,20.625,False,0.0,-21.875,-20.625,-22.375
test_0365.jpg,b,23.625,False,-24.5,0.0,-24.75,-23.625
test_0366.jpg,d,8.0,False,-8.000335693359375,-19.750335693359375,-21.000335693359375,-0.00033539868309162557
test_0367.jpg,b,17.5,False,-19.875,0.0,-19.625,-17.5
test_0368.jpg,d,20.375,False,-21.5,-21.6875,-20.375,0.0
test_0369.jpg,a,19.875,False,0.0,-19.875,-21.5625,-22.3125
test_0370.jpg,d,24.625,False,-25.625,-24.625,-26.25,0.0
test_0371.jpg,a,20.25,False,0.0,-20.25,-21.6875,-22.625
test_0372.jpg,d,21.75,False,-26.125,-21.75,-24.625,0.0
test_0373.jpg,a,21.875,False,0.0,-21.875,-24.1875,-23.375
test_0374.jpg,d,23.75,False,-23.75,-25.0,-24.625,0.0
test_0375.jpg,d,2.75,False,-2.811967611312866,-17.186967849731445,-16.436967849731445,-0.06196772679686546
test_0376.jpg,b,23.75,False,-23.75,0.0,-26.75,-25.25
test_0377.jpg,a,21.75,False,0.0,-21.75,-23.625,-22.5625
test_0378.jpg,a,0.75,True,-1.395925760269165,-11.495925903320312,-14.020925521850586,-11.283425331115723
test_0379.jpg,a,22.0,False,0.0,-22.0,-25.6875,-23.625
test_0380.jpg,b,24.5,False,-24.5,0.0,-24.75,-25.125
test_0381.jpg,c,19.125,False,-19.125,-20.0,0.0,-22.0
test_0382.jpg,c,19.5,False,-20.0,-19.5,0.0,-20.875
test_0383.jpg,c,20.25,False,-20.25,-21.125,0.0,-22.9375
test_0384.jpg,a,20.5625,False,0.0,-20.5625,-23.3125,-22.0625
test_0385.jpg,b,19.0,False,-19.0,0.0,-21.375,-22.5625
test_0386.jpg,a,18.875,False,0.0,-18.875,-19.375,-19.625
test_0387.jpg,d,25.125,False,-27.125,-25.125,-25.125,0.0
test_0388.jpg,c,21.0,False,-22.25,-21.0,0.0,-21.875
test_0389.jpg,d,24.5,False,-24.625,-24.5,-25.5,0.0
test_0390.jpg,a,24.875,False,0.0,-24.875,-25.5,-25.125
test_0391.jpg,d,20.75,False,-20.75,-21.75,-24.875,0.0
test_0392.jpg,c,19.625,False,-20.0,-19.625,0.0,-21.0
test_0393.jpg,a,23.5,False,0.0,-23.5,-24.0,-23.6875
test_0394.jpg,a,21.25,False,0.0,-21.25,-21.625,-22.875
test_0395.jpg,a,11.125,False,-1.4781842764932662e-05,-19.500015258789062,-11.125014305114746,-22.625015258789062
test_0396.jpg,a,23.0,False,0.0,-23.0,-25.125,-26.125
test_0397.jpg,c,21.0,False,-21.125,-21.0,0.0,-23.125
test_0398.jpg,c,21.0,False,-23.0,-21.0,0.0,-24.0
test_0399.jpg,b,22.625,False,-22.625,0.0,-24.125,-24.0
test_0400.jpg,a,20.25,False,0.0,-20.25,-23.0,-23.75
test_0401.jpg,a,21.375,False,0.0,-21.375,-21.375,-21.75
test_0402.jpg,d,22.875,False,-23.375,-22.875,-23.8125,0.0
test_0403.jpg,c,16.375,False,-17.5,-16.375,-1.1920928244535389e-07,-16.875
test_0404.jpg,a,21.875,False,0.0,-21.875,-22.1875,-24.1875
test_0405.jpg,d,25.875,False,-27.375,-25.875,-28.125,0.0
test_0406.jpg,a,13.75,False,-1.0728830375228426e-06,-13.750000953674316,-19.750001907348633,-20.500001907348633
test_0407.jpg,d,19.25,False,-19.25,-21.25,-22.375,0.0
test_0408.jpg,c,17.0,False,-17.0,-17.25,-1.1920928244535389e-07,-17.875
test_0409.jpg,c,3.75,False,-18.273244857788086,-3.773245334625244,-0.023245446383953094,-18.148244857788086
test_0410.jpg,a,18.0,False,0.0,-18.0,-21.0,-19.875
test_0411.jpg,b,24.625,False,-24.625,0.0,-24.875,-25.625
test_0412.jpg,b,22.875,False,-22.875,0.0,-25.75,-24.25
test_0413.jpg,a,20.25,False,0.0,-20.25,-20.375,-23.125
test_0414.jpg,d,23.5,False,-25.875,-24.75,-23.5,0.0
test_0415.jpg,d,21.625,False,-21.625,-22.4375,-25.0,0.0
test_0416.jpg,c,18.625,False,-21.25,-19.25,0.0,-18.625
test_0417.jpg,b,16.25,False,-17.375,-2.3841855067985307e-07,-16.375,-16.25
test_0418.jpg,a,20.75,False,0.0,-20.75,-20.75,-22.375
test_0419.jpg,c,16.5,False,-18.0,-16.5,-1.1920928244535389e-07,-17.375
test_0420.jpg,a,15.25,False,-3.576278118089249e-07,-15.25,-16.125,-17.25
test_0421.jpg,d,21.75,False,-25.75,-21.75,-25.125,0.0
test_0422.jpg,a,21.5,False,0.0,-24.5,-26.125,-21.5
test_0423.jpg,b,19.0,False,-19.0,0.0,-22.0,-20.75
test_0424.jpg,a,22.25,False,0.0,-22.25,-23.75,-23.25
test_0425.jpg,a,21.875,False,0.0,-21.875,-24.375,-24.125
test_0426.jpg,d,24.5,False,-25.75,-24.5,-25.125,0.0
test_0427.jpg,c,21.875,False,-21.875,-23.25,0.0,-23.125
test_0428.jpg,c,20.625,False,-22.875,-21.25,0.0,-20.625
test_0429.jpg,c,20.5,False,-20.5,-21.125,0.0,-21.25
test_0430.jpg,c,15.125,False,-24.625,-15.125,-2.3841855067985307e-07,-23.75
test_0431.jpg,a,21.375,False,0.0,-21.375,-22.0,-22.625
test_0432.jpg,d,27.0625,False,-27.0625,-27.25,-28.3125,0.0
test_0433.jpg,d,24.125,False,-24.75,-24.125,-25.125,0.0
test_0434.jpg,d,25.75,False,-27.25,-25.75,-28.75,0.0
test_0435.jpg,d,15.625,False,-22.5,-15.625,-22.375,-1.1920928244535389e-07
test_0436.jpg,a,22.375,False,0.0,-22.375,-24.6875,-24.5625
test_0437.jpg,d,24.0,False,-24.0,-24.25,-27.125,0.0
test_0438.jpg,b,24.375,False,-24.375,0.0,-25.25,-25.5
test_0439.jpg,a,20.625,False,0.0,-20.625,-21.75,-21.625
test_0440.jpg,d,19.25,False,-24.125,-20.125,-19.25,0.0
test_0441.jpg,a,8.375,False,-0.0003398079425096512,-9.12533950805664,-8.37533950805664,-14.87533950805664
test_0442.jpg,d,21.0625,False,-21.0625,-22.0,-24.375,0.0
test_0443.jpg,a,15.5,False,-3.576278118089249e-07,-15.5,-16.125,-21.75
test_0444.jpg,a,21.0,False,0.0,-21.25,-21.0,-23.125
test_0445.jpg,d,21.125,False,-21.125,-22.8125,-24.375,0.0
test_0446.jpg,b,7.25,False,-20.875709533691406,-0.0007098776986822486,-20.500709533691406,-7.2507100105285645
test_0447.jpg,d,24.0625,False,-25.25,-24.0625,-25.0,0.0
test_0448.jpg,a,20.875,False,0.0,-20.875,-21.0,-22.75
test_0449.jpg,d,25.75,False,-26.75,-25.75,-27.125,0.0
test_0450.jpg,b,16.875,False,-16.875,0.0,-17.625,-18.625
test_0451.jpg,b,20.625,False,-21.125,0.0,-22.625,-20.625
test_0452.jpg,b,20.375,False,-21.25,0.0,-23.0,-20.375
test_0453.jpg,d,23.75,False,-26.75,-23.75,-24.5,0.0
test_0454.jpg,b,22.875,False,-22.875,0.0,-23.875,-23.125
test_0455.jpg,c,20.625,False,-22.625,-20.625,0.0,-23.125
test_0456.jpg,c,21.25,False,-22.375,-21.25,0.0,-23.625
test_0457.jpg,d,26.5,False,-27.125,-26.5,-28.75,0.0
test_0458.jpg,a,16.75,False,0.0,-16.75,-18.875,-18.5
test_0459.jpg,b,13.5,False,-13.50000286102295,-3.099436753473128e-06,-13.62500286102295,-14.50000286102295
test_0460.jpg,b,18.75,False,-19.0,0.0,-27.375,-18.75
test_0461.jpg,a,21.5625,False,0.0,-21.5625,-22.9375,-23.3125
test_0462.jpg,c,18.5,False,-20.5,-18.5,0.0,-18.5
test_0463.jpg,a,7.0,False,-0.0009114163694903255,-17.125911712646484,-19.500911712646484,-7.000911235809326
test_0464.jpg,b,22.125,False,-23.375,0.0,-25.375,-22.125
test_0465.jpg,a,20.75,False,0.0,-20.75,-20.75,-23.125
test_0466.jpg,d,22.125,False,-27.0,-22.5,-22.125,0.0
test_0467.jpg,d,7.75,False,-7.750430583953857,-19.125431060791016,-21.750431060791016,-0.0004306104383431375
test_0468.jpg,d,23.625,False,-23.875,-23.625,-26.5,0.0
test_0469.jpg,c,21.75,False,-21.75,-22.125,0.0,-22.0
test_0470.jpg,c,17.75,False,-20.375,-19.125,0.0,-17.75
test_0471.jpg,a,3.75,False,-0.023253949359059334,-13.27325439453125,-3.773253917694092,-11.89825439453125
test_0472.jpg,d,15.75,False,-15.75,-19.5,-19.875,-1.1920928244535389e-07
test_0473.jpg,b,22.5,False,-22.5,0.0,-25.0,-24.375
test_0474.jpg,d,21.5,False,-25.875,-21.5,-22.875,0.0
test_0475.jpg,a,22.25,False,0.0,-22.25,-24.375,-23.5
test_0476.jpg,c,20.25,False,-25.125,-22.875,0.0,-20.25
test_0477.jpg,b,23.0,False,-23.0,0.0,-28.0625,-25.1875
test_0478.jpg,b,20.875,False,-22.125,0.0,-21.875,-20.875
test_0479.jpg,d,6.0,False,-22.62747573852539,-6.002475738525391,-16.00247573852539,-0.0024757706560194492
test_0480.jpg,b,23.375,False,-23.375,0.0,-25.6875,-25.0625
test_0481.jpg,b,14.75,False,-14.75,-3.576278118089249e-07,-23.25,-26.0
test_0482.jpg,d,26.75,False,-28.75,-26.75,-27.375,0.0
test_0483.jpg,a,21.125,False,0.0,-21.125,-21.875,-22.875
test_0484.jpg,c,22.75,False,-24.75,-22.75,0.0,-24.625
test_0485.jpg,b,20.625,False,-21.5,0.0,-22.125,-20.625
test_0486.jpg,d,25.0,False,-26.125,-25.0,-26.125,0.0
test_0487.jpg,b,22.875,False,-22.875,0.0,-24.875,-23.75
test_0488.jpg,a,18.875,False,0.0,-18.875,-19.5,-20.0
test_0489.jpg,d,20.25,False,-25.0,-23.875,-20.25,0.0
test_0490.jpg,b,18.25,False,-19.375,0.0,-18.25,-18.5
test_0491.jpg,c,19.3125,False,-19.5,-19.3125,0.0,-20.125
test_0492.jpg,c,16.0,False,-18.25,-16.0,-1.1920928244535389e-07,-16.875
test_0493.jpg,a,22.5,False,0.0,-22.5,-25.875,-24.6875
test_0494.jpg,c,22.5,False,-23.125,-22.5,0.0,-23.75
test_0495.jpg,c,23.375,False,-23.375,-23.375,0.0,-25.0625
test_0496.jpg,a,20.125,False,0.0,-21.25,-23.0,-20.125
test_0497.jpg,d,20.875,False,-23.75,-20.875,-21.875,0.0
test_0498.jpg,b,24.625,False,-24.625,0.0,-25.625,-25.875
test_0499.jpg,b,25.0,False,-25.0,0.0,-28.125,-26.875
test_0500.jpg,c,15.125,False,-17.25,-15.125000953674316,-5.960462772236497e-07,-15.500000953674316
test_0501.jpg,c,20.375,False,-21.0,-20.375,0.0,-21.125
test_0502.jpg,c,20.25,False,-23.375,-22.375,0.0,-20.25
test_0503.jpg,c,14.0,False,-22.875,-20.75,-8.344646857949556e-07,-14.000000953674316
test_0504.jpg,c,18.125,False,-23.0,-20.625,0.0,-18.125
test_0505.jpg,d,7.5,False,-21.750553131103516,-7.500553131103516,-24.125553131103516,-0.0005529781919904053
test_0506.jpg,a,21.875,False,0.0,-21.875,-26.0,-24.6875
test_0507.jpg,a,21.0,False,0.0,-21.0,-22.625,-23.875
test_0508.jpg,c,1.0,True,-13.331644058227539,-10.131644248962402,-0.0941443145275116,-7.394144058227539
test_0509.jpg,d,26.25,False,-26.25,-26.5,-27.25,0.0
test_0510.jpg,c,15.625,False,-22.625,-15.625,-1.1920928244535389e-07,-20.5
test_0511.jpg,b,24.5,False,-24.5,0.0,-26.375,-26.0
test_0512.jpg,a,20.125,False,0.0,-20.125,-21.0,-22.25
test_0513.jpg,d,25.25,False,-25.25,-25.875,-29.5625,0.0
test_0514.jpg,d,24.5,False,-25.75,-24.5,-27.625,0.0
test_0515.jpg,b,19.375,False,-20.625,0.0,-21.25,-19.375
test_0516.jpg,c,20.875,False,-20.875,-21.875,0.0,-23.25
test_0517.jpg,d,24.125,False,-24.5,-24.125,-26.6875,0.0
test_0518.jpg,d,24.125,False,-24.125,-24.1875,-27.75,0.0
test_0519.jpg,b,1.0,True,-13.256478309631348,-0.09397850185632706,-21.906478881835938,-22.85647964477539
test_0520.jpg,c,17.0,False,-17.0,-18.1875,0.0,-19.0625
test_0521.jpg,d,19.125,False,-19.125,-22.75,-26.0,0.0
test_0522.jpg,c,22.25,False,-26.625,-24.125,0.0,-22.25
test_0523.jpg,b,23.25,False,-25.625,0.0,-23.25,-23.875
test_0524.jpg,a,15.5,False,-3.576278118089249e-07,-15.75,-16.75,-15.5
test_0525.jpg,c,19.25,False,-19.25,-19.375,0.0,-20.0
test_0526.jpg,a,1.5,True,-2.019157648086548,-6.994157314300537,-7.681657314300537,-8.519157409667969
test_0527.jpg,d,23.875,False,-24.5,-23.875,-26.25,0.0
test_0528.jpg,a,20.25,False,0.0,-21.5,-20.25,-21.875
test_0529.jpg,a,23.625,False,0.0,-23.625,-25.5,-25.75
test_0530.jpg,b,20.0,False,-21.5,0.0,-20.0,-22.5
test_0531.jpg,b,20.75,False,-20.75,0.0,-26.5,-23.375
test_0532.jpg,b,24.25,False,-24.25,0.0,-25.375,-24.875
test_0533.jpg,c,18.0,False,-18.0,-20.5,0.0,-21.375
test_0534.jpg,d,27.0,False,-27.5,-27.0,-28.125,0.0
test_0535.jpg,b,21.625,False,-21.625,0.0,-23.25,-22.875
test_0536.jpg,c,21.25,False,-21.25,-21.5,0.0,-21.5
test_0537.jpg,d,20.4375,False,-20.4375,-21.375,-23.0,0.0
test_0538.jpg,a,21.25,False,0.0,-21.875,-22.0,-21.25
test_0539.jpg,b,17.25,False,-17.25,0.0,-24.125,-20.25
test_0540.jpg,c,21.125,False,-21.125,-22.625,0.0,-22.0
test_0541.jpg,b,23.875,False,-23.875,0.0,-27.625,-25.375
test_0542.jpg,c,2.25,False,-22.10020637512207,-19.47520637512207,-0.10020658373832703,-2.3502066135406494
test_0543.jpg,d,22.375,False,-24.375,-22.375,-22.5,0.0
test_0544.jpg,b,22.625,False,-22.625,0.0,-25.5625,-24.375
test_0545.jpg,c,21.875,False,-23.875,-23.0,0.0,-21.875
test_0546.jpg,c,20.625,False,-20.625,-22.3125,0.0,-23.0625
test_0547.jpg,c,8.5,False,-8.500203132629395,-18.87520408630371,-0.00020346954988781363,-18.87520408630371
test_0548.jpg,a,21.5,False,0.0,-21.5,-23.6875,-24.0
test_0549.jpg,d,23.0,False,-23.125,-23.0,-25.0,0.0
test_0550.jpg,c,20.375,False,-20.375,-20.5625,0.0,-22.875
test_0551.jpg,a,20.625,False,0.0,-20.625,-21.375,-22.125
test_0552.jpg,c,23.125,False,-23.125,-23.375,0.0,-25.125
test_0553.jpg,c,20.125,False,-22.0,-21.25,0.0,-20.125
test_0554.jpg,d,6.5,False,-6.501502513885498,-18.751502990722656,-22.126502990722656,-0.0015023384476080537
test_0555.jpg,a,21.75,False,0.0,-21.75,-21.875,-23.625
test_0556.jpg,b,16.75,False,-16.75,0.0,-17.625,-17.375
test_0557.jpg,c,19.125,False,-19.125,-19.5,0.0,-19.375
test_0558.jpg,d,18.625,False,-20.125,-18.625,-20.25,0.0
test_0559.jpg,b,21.5,False,-22.5,0.0,-21.5,-22.0
test_0560.jpg,b,21.75,False,-22.75,0.0,-21.75,-23.375
test_0561.jpg,b,16.75,False,-24.375,0.0,-24.0,-16.75
test_0562.jpg,d,0.5,True,-5.892463207244873,-12.617463111877441,-14.129962921142578,-0.14246292412281036
test_0563.jpg,c,21.875,False,-21.875,-22.25,0.0,-23.25
test_0564.jpg,d,23.0,False,-27.0,-26.125,-23.0,0.0
test_0565.jpg,a,18.6875,False,0.0,-18.6875,-19.3125,-19.8125
test_0566.jpg,c,20.625,False,-23.75,-22.5,0.0,-20.625
test_0567.jpg,b,3.75,False,-3.773245334625244,-0.023245446383953094,-19.273244857788086,-17.773244857788086
test_0568.jpg,a,11.25,False,-1.3947389561508317e-05,-14.500014305114746,-11.250014305114746,-14.500014305114746
test_0569.jpg,b,22.125,False,-22.125,0.0,-24.125,-23.625
test_0570.jpg,c,19.75,False,-22.125,-19.75,0.0,-22.625
test_0571.jpg,d,23.875,False,-24.5,-23.875,-27.25,0.0
test_0572.jpg,d,17.125,False,-23.75,-20.375,-17.125,0.0
test_0573.jpg,d,25.125,False,-25.125,-26.375,-30.4375,0.0
test_0574.jpg,d,24.625,False,-28.375,-24.875,-24.625,0.0
test_0575.jpg,a,21.75,False,0.0,-21.75,-22.875,-24.125
test_0576.jpg,c,20.5,False,-22.25,-20.5,0.0,-22.875
test_0577.jpg,c,20.625,False,-23.875,-23.25,0.0,-20.625
test_0578.jpg,b,14.75,False,-18.375,-4.768370445162873e-07,-16.25,-14.75
test_0579.jpg,c,22.875,False,-25.75,-22.875,0.0,-23.0
test_0580.jpg,d,19.25,False,-24.75,-22.25,-19.25,0.0
test_0581.jpg,a,21.875,False,0.0,-21.875,-22.8125,-26.125
test_0582.jpg,c,20.0,False,-20.25,-20.5,0.0,-20.0
test_0583.jpg,b,25.125,False,-25.375,0.0,-25.125,-27.875
test_0584.jpg,b,25.625,False,-25.625,0.0,-29.375,-26.375
test_0585.jpg,c,23.375,False,-23.625,-23.375,0.0,-25.375
test_0586.jpg,d,21.625,False,-21.625,-22.875,-24.6875,0.0
test_0587.jpg,a,21.25,False,0.0,-21.75,-21.25,-22.6875
test_0588.jpg,c,22.0,False,-24.875,-22.75,0.0,-22.0
test_0589.jpg,a,20.75,False,0.0,-20.875,-20.75,-20.875
test_0590.jpg,a,24.5625,False,0.0,-24.5625,-26.125,-26.375
test_0591.jpg,d,23.5,False,-24.75,-23.5,-25.0,0.0
test_0592.jpg,c,20.125,False,-21.25,-20.125,0.0,-23.5625
test_0593.jpg,d,21.6875,False,-21.6875,-23.25,-23.21875,0.0
test_0594.jpg,a,22.625,False,0.0,-22.625,-25.125,-23.875
test_0595.jpg,d,19.375,False,-23.75,-19.375,-22.875,0.0
test_0596.jpg,c,19.125,False,-20.75,-19.125,0.0,-20.75
test_0597.jpg,a,21.75,False,0.0,-21.75,-22.5,-23.875
test_0598.jpg,a,20.25,False,0.0,-20.25,-21.625,-22.125
test_0599.jpg,a,23.875,False,0.0,-23.875,-25.9375,-25.8125
test_0600.jpg,c,18.625,False,-23.0,-20.625,0.0,-18.625
test_0601.jpg,a,21.625,False,0.0,-21.625,-23.3125,-23.25
test_0602.jpg,b,21.0,False,-21.0,0.0,-22.375,-21.25
test_0603.jpg,c,20.125,False,-20.875,-20.125,0.0,-21.25
test_0604.jpg,d,23.625,False,-24.0,-23.625,-26.125,0.0
test_0605.jpg,c,20.625,False,-22.25,-20.625,0.0,-21.5
test_0606.jpg,a,24.0625,False,0.0,-24.0625,-26.0,-25.1875
test_0607.jpg,a,19.25,False,0.0,-19.25,-20.375,-20.625
test_0608.jpg,c,12.75,False,-22.125001907348633,-19.750001907348633,-2.861018856492592e-06,-12.75000286102295
test_0609.jpg,c,19.25,False,-21.125,-20.75,0.0,-19.25
test_0610.jpg,b,23.125,False,-23.125,0.0,-23.5,-23.625
test_0611.jpg,d,22.875,False,-28.875,-25.75,-22.875,0.0
test_0612.jpg,a,20.125,False,0.0,-20.125,-21.375,-21.375
test_0613.jpg,d,24.25,False,-24.25,-24.75,-26.875,0.0
test_0614.jpg,b,23.5,False,-23.5,0.0,-24.875,-24.0
test_0615.jpg,a,19.875,False,0.0,-19.875,-24.75,-25.0
test_0616.jpg,b,14.5,False,-22.125,-4.768370445162873e-07,-14.5,-21.125
test_0617.jpg,c,21.125,False,-22.5,-21.5,0.0,-21.125
test_0618.jpg,a,17.875,False,0.0,-17.875,-18.625,-18.875
test_0619.jpg,b,23.375,False,-23.375,0.0,-26.75,-24.0
test_0620.jpg,c,20.6875,False,-21.25,-21.1875,0.0,-20.6875
test_0621.jpg,c,21.5,False,-21.5,-22.625,0.0,-22.5
test_0622.jpg,b,19.875,False,-19.875,0.0,-23.625,-22.3125
test_0623.jpg,d,25.5,False,-25.625,-25.5,-28.375,0.0
test_0624.jpg,c,22.125,False,-22.5,-22.125,0.0,-22.25
test_0625.jpg,c,17.5,False,-17.5,-18.75,0.0,-19.75
test_0626.jpg,b,22.375,False,-22.375,0.0,-26.625,-24.5
test_0627.jpg,b,13.75,False,-21.000001907348633,-1.0728830375228426e-06,-13.750000953674316,-19.875001907348633
test_0628.jpg,d,24.5,False,-28.25,-24.5,-25.625,0.0
test_0629.jpg,b,17.5,False,-20.375,0.0,-18.0,-17.5
test_0630.jpg,b,20.5,False,-21.125,0.0,-20.5,-21.6875
test_0631.jpg,b,13.75,False,-13.750000953674316,-1.0728830375228426e-06,-22.125001907348633,-22.375001907348633
test_0632.jpg,d,15.75,False,-15.75,-21.0,-22.875,-1.1920928244535389e-07
test_0633.jpg,a,20.375,False,0.0,-20.375,-23.625,-22.625
test_0634.jpg,a,20.25,False,0.0,-20.25,-25.75,-24.0
test_0635.jpg,d,9.5,False,-20.37507438659668,-9.50007438659668,-17.50007438659668,-7.486063259420916e-05
test_0636.jpg,b,23.0,False,-23.0,0.0,-23.5,-24.25
test_0637.jpg,a,23.0,False,0.0,-23.0,-24.5,-25.625
test_0638.jpg,b,12.0,False,-17.8750057220459,-6.318072337307967e-06,-12.000006675720215,-15.750006675720215
test_0639.jpg,a,18.8125,False,0.0,-18.8125,-21.875,-21.0625
test_0640.jpg,d,24.625,False,-26.875,-24.625,-25.875,0.0
test_0641.jpg,a,22.3125,False,0.0,-22.3125,-24.875,-24.8125
test_0642.jpg,d,25.625,False,-26.5,-25.625,-27.75,0.0
test_0643.jpg,c,19.875,False,-20.875,-19.875,0.0,-21.75
test_0644.jpg,a,6.25,False,-0.0019289711490273476,-14.75192928314209,-6.251928806304932,-17.251928329467773
test_0645.jpg,b,23.375,False,-23.375,0.0,-25.625,-23.75
test_0646.jpg,b,24.125,False,-24.125,0.0,-25.875,-25.25
test_0647.jpg,b,22.75,False,-22.75,0.0,-24.5,-23.875
test_0648.jpg,b,24.5,False,-24.5,0.0,-24.75,-25.5625
test_0649.jpg,c,23.25,False,-23.5,-23.25,0.0,-24.8125
test_0650.jpg,a,21.25,False,0.0,-21.25,-22.375,-21.875
test_0651.jpg,d,24.625,False,-24.625,-24.75,-26.5,0.0
test_0652.jpg,b,10.75,False,-10.750020980834961,-2.1457441107486375e-05,-21.00002098083496,-21.62502098083496
test_0653.jpg,b,21.375,False,-24.0,0.0,-22.375,-21.375
test_0654.jpg,a,19.0,False,0.0,-19.0,-19.125,-20.625
test_0655.jpg,b,22.75,False,-22.75,0.0,-25.875,-24.875
test_0656.jpg,b,23.625,False,-23.625,0.0,-24.125,-23.625
test_0657.jpg,b,22.625,False,-23.25,0.0,-23.25,-22.625
test_0658.jpg,b,18.875,False,-23.5,0.0,-21.625,-18.875
test_0659.jpg,d,25.625,False,-25.625,-26.0,-28.5,0.0
test_0660.jpg,b,21.125,False,-21.125,0.0,-22.9375,-22.6875
test_0661.jpg,a,23.375,False,0.0,-23.375,-24.25,-25.5
test_0662.jpg,a,23.625,False,0.0,-23.625,-25.5,-26.5
test_0663.jpg,d,24.625,False,-27.125,-24.625,-26.125,0.0
test_0664.jpg,b,22.75,False,-22.75,0.0,-24.5,-23.375
test_0665.jpg,b,16.75,False,-23.125,0.0,-16.75,-20.625
test_0666.jpg,a,21.0,False,0.0,-21.0,-22.125,-22.375
test_0667.jpg,a,20.25,False,0.0,-20.25,-24.5,-23.125
test_0668.jpg,b,22.5,False,-22.5,0.0,-24.125,-23.625
test_0669.jpg,b,23.25,False,-23.625,0.0,-24.125,-23.25
test_0670.jpg,d,24.25,False,-25.25,-24.25,-25.75,0.0
test_0671.jpg,b,23.25,False,-23.5,0.0,-23.25,-24.5
test_0672.jpg,d,22.5,False,-23.375,-22.5,-23.375,0.0
test_0673.jpg,c,2.25,False,-15.350238800048828,-10.350238800048828,-0.10023882985115051,-2.350238800048828
test_0674.jpg,d,23.0,False,-23.0,-24.875,-28.5,0.0
test_0675.jpg,d,22.125,False,-22.5,-23.5,-22.125,0.0
test_0676.jpg,c,18.125,False,-19.75,-18.125,0.0,-19.625
test_0677.jpg,d,18.0,False,-21.75,-18.0,-20.5,0.0
test_0678.jpg,b,23.5,False,-23.5,0.0,-24.25,-24.875
test_0679.jpg,b,20.625,False,-22.375,0.0,-22.625,-20.625
test_0680.jpg,c,19.5,False,-21.125,-19.5,0.0,-20.125
test_0681.jpg,a,23.6875,False,0.0,-23.6875,-25.375,-26.9375
test_0682.jpg,b,23.0,False,-23.0,0.0,-24.5,-23.625
test_0683.jpg,b,22.625,False,-23.875,0.0,-23.75,-22.625
test_0684.jpg,d,22.125,False,-26.125,-23.875,-22.125,0.0
test_0685.jpg,b,19.0,False,-23.375,0.0,-19.0,-20.75
test_0686.jpg,a,22.5,False,0.0,-22.5,-24.125,-24.1875
test_0687.jpg,c,18.625,False,-19.0,-18.625,0.0,-18.875
test_0688.jpg,a,11.5,False,-1.0132738680113107e-05,-11.50001049041748,-16.875009536743164,-17.625009536743164
test_0689.jpg,a,23.5625,False,0.0,-23.5625,-25.75,-25.4375
test_0690.jpg,d,24.6875,False,-24.6875,-27.625,-28.875,0.0
test_0691.jpg,b,25.125,False,-25.125,0.0,-26.125,-26.625
test_0692.jpg,d,24.5,False,-25.625,-24.5,-29.375,0.0
test_0693.jpg,d,24.875,False,-24.875,-25.25,-25.625,0.0
test_0694.jpg,d,26.25,False,-29.375,-26.25,-27.5,0.0
test_0695.jpg,d,23.625,False,-23.875,-23.625,-23.75,0.0
test_0696.jpg,b,23.5,False,-23.5,0.0,-27.25,-23.5
test_0697.jpg,d,25.25,False,-25.875,-25.25,-27.0,0.0
test_0698.jpg,c,20.875,False,-22.75,-20.875,0.0,-23.0
test_0699.jpg,d,21.3125,False,-21.3125,-22.25,-23.5,0.0
test_0700.jpg,b,19.625,False,-21.5,0.0,-21.0,-19.625
test_0701.jpg,a,23.75,False,0.0,-23.75,-26.75,-25.875
test_0702.jpg,c,16.0,False,-27.875,-24.625,-1.1920928244535389e-07,-16.0
test_0703.jpg,d,20.0,False,-20.0,-21.375,-21.375,0.0
test_0704.jpg,b,11.75,False,-11.750007629394531,-7.867782187531702e-06,-22.62500762939453,-17.50000762939453
test_0705.jpg,c,13.625,False,-16.875001907348633,-16.250001907348633,-1.311301275563892e-06,-13.625000953674316
test_0706.jpg,b,20.375,False,-23.625,0.0,-20.375,-22.625
test_0707.jpg,d,24.875,False,-25.5,-24.875,-26.875,0.0
test_0708.jpg,d,23.25,False,-25.125,-23.375,-23.25,0.0
test_0709.jpg,c,20.25,False,-21.5,-20.25,0.0,-21.0
test_0710.jpg,a,20.25,False,0.0,-20.25,-23.0,-25.875
test_0711.jpg,c,18.875,False,-20.375,-20.125,0.0,-18.875
test_0712.jpg,c,19.25,False,-19.875,-20.25,0.0,-19.25
test_0713.jpg,c,11.5,False,-26.625009536743164,-23.125009536743164,-1.0132738680113107e-05,-11.50001049041748
test_0714.jpg,c,19.625,False,-21.0,-19.75,0.0,-19.625
test_0715.jpg,a,23.125,False,0.0,-23.625,-23.125,-25.125
test_0716.jpg,a,19.875,False,0.0,-19.875,-20.25,-23.25
test_0717.jpg,d,20.875,False,-24.5,-23.625,-20.875,0.0
test_0718.jpg,b,24.375,False,-24.375,0.0,-27.5,-25.875
test_0719.jpg,b,1.25,True,-18.813283920288086,-0.4632836878299713,-19.625783920288086,-2.8882834911346436
test_0720.jpg,b,6.25,False,-20.376928329467773,-0.0019286142196506262,-18.251928329467773,-6.251928806304932
test_0721.jpg,d,24.875,False,-24.875,-25.8125,-27.6875,0.0
test_0722.jpg,b,18.375,False,-18.375,0.0,-23.125,-21.625
test_0723.jpg,c,22.1875,False,-22.75,-22.1875,0.0,-23.3125
test_0724.jpg,d,26.375,False,-27.375,-26.375,-27.75,0.0
test_0725.jpg,c,22.375,False,-23.375,-22.375,0.0,-22.75
test_0726.jpg,a,20.75,False,0.0,-20.75,-22.71875,-21.34375
test_0727.jpg,c,16.25,False,-23.25,-21.25,-1.1920928244535389e-07,-16.25
test_0728.jpg,b,22.25,False,-22.25,0.0,-24.875,-23.75
test_0729.jpg,c,21.625,False,-23.75,-21.625,0.0,-24.75
test_0730.jpg,d,21.75,False,-21.75,-22.125,-25.5,0.0
test_0731.jpg,c,23.125,False,-24.375,-23.25,0.0,-23.125
test_0732.jpg,a,22.875,False,0.0,-22.875,-24.875,-25.0
test_0733.jpg,b,24.5,False,-25.25,0.0,-27.375,-24.5
test_0734.jpg,a,19.375,False,0.0,-20.5,-19.375,-21.5
test_0735.jpg,c,14.875,False,-20.375,-14.875,-3.576278118089249e-07,-19.75
test_0736.jpg,a,20.5,False,0.0,-20.5,-23.0625,-22.625
test_0737.jpg,d,24.0,False,-25.0,-24.0,-25.75,0.0
test_0738.jpg,a,10.5,False,-2.753696753643453e-05,-10.500027656555176,-16.87502670288086,-18.62502670288086
test_0739.jpg,d,3.25,False,-3.288041353225708,-18.413042068481445,-21.163042068481445,-0.03804141283035278
test_0740.jpg,b,20.125,False,-23.625,0.0,-20.125,-23.25
test_0741.jpg,c,21.1875,False,-21.1875,-22.3125,0.0,-23.25
test_0742.jpg,a,21.125,False,0.0,-21.125,-24.1875,-24.0625
test_0743.jpg,a,23.625,False,0.0,-23.625,-25.3125,-26.3125
test_0744.jpg,b,22.625,False,-24.25,0.0,-26.125,-22.625
test_0745.jpg,b,21.625,False,-25.125,0.0,-21.625,-22.5
test_0746.jpg,c,19.5,False,-21.0,-20.125,0.0,-19.5
test_0747.jpg,c,21.125,False,-21.125,-21.375,0.0,-23.625
test_0748.jpg,d,14.75,False,-27.25,-21.875,-14.75,-3.576278118089249e-07
test_0749.jpg,a,18.625,False,0.0,-18.625,-20.125,-19.625
test_0750.jpg,c,1.0,True,-18.568979263305664,-12.256479263305664,-3.7314798831939697,-12.38148021697998
test_0751.jpg,b,5.25,False,-26.00523567199707,-0.005234939511865377,-5.255234718322754,-13.630234718322754
test_0752.jpg,d,22.0,False,-27.0,-22.0,-26.125,0.0
test_0753.jpg,d,24.5,False,-24.5625,-24.5,-27.0625,0.0
test_0754.jpg,a,21.0,False,0.0,-21.875,-21.0,-21.0
test_0755.jpg,b,17.125,False,-18.75,0.0,-17.125,-19.5
test_0756.jpg,b,21.75,False,-21.75,0.0,-23.875,-25.0
test_0757.jpg,a,22.9375,False,0.0,-22.9375,-23.8125,-25.25
test_0758.jpg,a,23.0625,False,0.0,-23.0625,-24.75,-25.5
test_0759.jpg,a,19.5,False,0.0,-19.5,-19.875,-21.0
test_0760.jpg,d,21.6875,False,-25.5625,-21.6875,-25.25,0.0
test_0761.jpg,c,20.125,False,-20.125,-21.125,0.0,-20.75
test_0762.jpg,c,19.25,False,-19.25,-19.25,0.0,-21.25
test_0763.jpg,a,6.0,False,-0.0024756519123911858,-6.002475738525391,-17.50247573852539,-17.75247573852539
test_0764.jpg,a,22.125,False,0.0,-22.125,-23.75,-24.875
test_0765.jpg,c,22.6875,False,-23.3125,-23.0625,0.0,-22.6875
test_0766.jpg,c,15.0,False,-20.0,-15.0,-3.576278118089249e-07,-17.875
test_0767.jpg,a,21.75,False,0.0,-21.75,-22.5,-22.375
test_0768.jpg,a,23.125,False,0.0,-23.125,-23.25,-25.25
test_0769.jpg,a,22.625,False,0.0,-22.625,-25.0,-25.5625
test_0770.jpg,d,21.875,False,-23.0,-21.875,-22.125,0.0
test_0771.jpg,b,19.875,False,-19.875,0.0,-21.875,-21.0
test_0772.jpg,a,7.25,False,-0.0007102350937202573,-7.2507100105285645,-15.375710487365723,-16.500709533691406
test_0773.jpg,c,16.625,False,-19.875,-16.625,-1.1920928244535389e-07,-18.5
test_0774.jpg,c,19.5,False,-19.5,-20.375,0.0,-19.875
test_0775.jpg,c,23.5,False,-24.0,-23.5,0.0,-24.75
test_0776.jpg,c,22.125,False,-22.5,-22.625,0.0,-22.125
test_0777.jpg,c,18.125,False,-21.625,-18.125,0.0,-19.125
test_0778.jpg,c,14.125,False,-20.25,-18.0,-7.152555099310121e-07,-14.125000953674316
test_0779.jpg,d,23.75,False,-25.875,-23.75,-23.75,0.0
test_0780.jpg,b,12.75,False,-25.875001907348633,-2.861018856492592e-06,-21.500001907348633,-12.75000286102295
test_0781.jpg,a,19.5,False,0.0,-20.0,-20.75,-19.5
test_0782.jpg,a,19.75,False,0.0,-19.75,-21.875,-20.375
test_0783.jpg,a,21.75,False,0.0,-24.25,-21.75,-24.75
test_0784.jpg,a,20.875,False,0.0,-20.875,-21.25,-22.75
test_0785.jpg,b,25.0,False,-26.375,0.0,-26.125,-25.0
test_0786.jpg,c,12.0,False,-12.000005722045898,-17.8750057220459,-6.198863957251888e-06,-18.7500057220459
test_0787.jpg,d,11.5,False,-14.125011444091797,-11.500011444091797,-15.000011444091797,-1.1205610462639015e-05
test_0788.jpg,a,21.125,False,0.0,-21.125,-22.25,-23.5
test_0789.jpg,b,21.875,False,-21.875,0.0,-25.75,-24.0
test_0790.jpg,d,22.5,False,-28.5,-24.75,-22.5,0.0
test_0791.jpg,d,21.0625,False,-21.0625,-22.4375,-24.125,0.0
test_0792.jpg,b,20.25,False,-20.375,0.0,-20.25,-21.125
test_0793.jpg,b,24.125,False,-24.75,0.0,-24.125,-24.125
test_0794.jpg,b,21.625,False,-21.625,0.0,-22.75,-22.5
test_0795.jpg,b,21.625,False,-21.625,0.0,-23.75,-23.5
test_0796.jpg,a,20.125,False,0.0,-22.625,-20.125,-23.875
test_0797.jpg,c,21.0625,False,-21.3125,-21.0625,0.0,-25.5625
test_0798.jpg,a,7.75,False,-0.0004306104383431375,-7.750430583953857,-21.750431060791016,-20.375431060791016
test_0799.jpg,d,26.625,False,-27.875,-26.625,-27.25,0.0
test_0800.jpg,d,20.75,False,-25.625,-22.5,-20.75,0.0
test_0801.jpg,a,24.625,False,0.0,-24.625,-25.25,-27.0
test_0802.jpg,d,25.0,False,-25.375,-25.0,-27.25,0.0
test_0803.jpg,b,20.375,False,-20.375,0.0,-21.0,-21.0
test_0804.jpg,d,7.5,False,-7.500553131103516,-23.500553131103516,-23.250553131103516,-0.0005529781919904053
test_0805.jpg,a,20.75,False,0.0,-20.75,-21.125,-22.0
test_0806.jpg,a,15.75,False,-2.3841855067985307e-07,-16.375,-15.75,-17.5
test_0807.jpg,c,22.5,False,-23.0,-22.5,0.0,-23.375
test_0808.jpg,c,18.5,False,-19.5,-19.0,0.0,-18.5
test_0809.jpg,a,24.875,False,0.0,-24.875,-25.75,-25.875
test_0810.jpg,a,21.125,False,0.0,-21.625,-21.125,-22.875
test_0811.jpg,c,21.5,False,-21.5,-22.0,0.0,-24.25
test_0812.jpg,c,22.125,False,-22.125,-22.6875,0.0,-25.125
test_0813.jpg,c,22.125,False,-23.625,-22.125,0.0,-23.25
test_0814.jpg,a,21.0,False,0.0,-21.0,-21.625,-21.0
test_0815.jpg,c,22.875,False,-22.875,-23.125,0.0,-22.875
test_0816.jpg,c,17.375,False,-20.25,-17.375,0.0,-18.5
test_0817.jpg,a,21.1875,False,0.0,-21.1875,-24.5,-24.875
test_0818.jpg,b,14.625,False,-16.125,-7.152555099310121e-07,-14.625000953674316,-16.375
test_0819.jpg,b,22.875,False,-23.0,0.0,-24.125,-22.875
test_0820.jpg,c,15.75,False,-18.375,-17.125,-1.1920928244535389e-07,-15.75
test_0821.jpg,c,19.5,False,-19.5,-19.8125,0.0,-22.4375
test_0822.jpg,b,26.375,False,-27.375,0.0,-30.125,-26.375
test_0823.jpg,b,19.25,False,-19.25,0.0,-20.75,-19.75
test_0824.jpg,b,22.875,False,-23.875,0.0,-29.75,-22.875
test_0825.jpg,c,16.25,False,-16.25,-20.875,-1.1920928244535389e-07,-20.75
test_0826.jpg,a,21.5,False,0.0,-21.5,-23.75,-23.125
test_0827.jpg,c,17.125,False,-19.375,-20.75,0.0,-17.125
test_0828.jpg,b,22.625,False,-22.625,0.0,-26.75,-23.5
test_0829.jpg,a,22.125,False,0.0,-22.25,-22.625,-22.125
test_0830.jpg,a,15.375,False,-2.3841855067985307e-07,-15.375,-18.25,-19.625
test_0831.jpg,a,22.5,False,0.0,-22.5,-23.875,-25.3125
test_0832.jpg,c,13.25,False,-17.875001907348633,-14.500001907348633,-2.264974000354414e-06,-13.250001907348633
test_0833.jpg,c,20.75,False,-23.75,-20.75,0.0,-21.375
test_0834.jpg,c,18.0,False,-18.0,-18.875,0.0,-20.25
test_0835.jpg,d,8.0,False,-15.375335693359375,-14.500335693359375,-8.000335693359375,-0.0003361137059982866
test_0836.jpg,d,5.0,False,-5.006719589233398,-12.381719589233398,-15.506719589233398,-0.006719730328768492
test_0837.jpg,c,21.625,False,-24.0,-21.625,0.0,-22.375
test_0838.jpg,d,25.0,False,-25.5,-25.0,-27.0625,0.0
test_0839.jpg,c,20.75,False,-22.75,-21.375,0.0,-20.75
test_0840.jpg,c,20.125,False,-23.75,-23.125,0.0,-20.125
test_0841.jpg,d,22.0625,False,-23.3125,-22.5625,-22.0625,0.0
test_0842.jpg,b,22.875,False,-23.0,0.0,-22.875,-24.125
test_0843.jpg,c,6.25,False,-16.001930236816406,-6.251929759979248,-0.001929566147737205,-14.00192928314209
test_0844.jpg,d,25.75,False,-28.625,-25.75,-27.25,0.0
test_0845.jpg,d,23.0,False,-24.625,-23.0,-27.25,0.0
test_0846.jpg,b,21.75,False,-23.375,0.0,-21.875,-21.75
test_0847.jpg,d,22.5,False,-22.5,-24.25,-24.0,0.0
test_0848.jpg,c,18.625,False,-20.625,-19.5,0.0,-18.625
test_0849.jpg,d,24.75,False,-26.625,-24.75,-25.0,0.0
test_0850.jpg,b,22.25,False,-22.25,0.0,-22.875,-22.375
test_0851.jpg,d,19.125,False,-19.875,-19.125,-20.875,0.0
test_0852.jpg,d,2.75,False,-16.311967849731445,-2.8119678497314453,-15.686967849731445,-0.06196783855557442
test_0853.jpg,c,21.125,False,-24.375,-21.125,0.0,-22.625
test_0854.jpg,d,24.25,False,-25.75,-24.25,-25.625,0.0
test_0855.jpg,b,22.5,False,-22.5,0.0,-25.5,-24.375
test_0856.jpg,b,20.5,False,-23.375,0.0,-20.5,-24.625
test_0857.jpg,b,23.875,False,-23.875,0.0,-27.5,-26.375
test_0858.jpg,d,23.3125,False,-23.3125,-23.4375,-25.875,0.0
test_0859.jpg,d,22.1875,False,-22.1875,-25.0,-28.8125,0.0
test_0860.jpg,c,19.625,False,-22.75,-19.625,0.0,-19.875
test_0861.jpg,d,25.125,False,-27.75,-25.125,-26.875,0.0
test_0862.jpg,a,21.25,False,0.0,-21.25,-22.125,-22.0
test_0863.jpg,a,15.0,False,-3.576278118089249e-07,-19.0,-15.0,-20.375
test_0864.jpg,a,21.5,False,0.0,-21.5,-23.125,-24.375
test_0865.jpg,d,22.375,False,-26.125,-22.375,-23.5,0.0
test_0866.jpg,c,18.5,False,-18.5,-21.125,0.0,-21.625
test_0867.jpg,b,21.125,False,-21.125,0.0,-25.0,-23.875
test_0868.jpg,b,23.0,False,-23.0,0.0,-24.0,-24.375
test_0869.jpg,b,21.75,False,-21.75,0.0,-25.625,-22.0
test_0870.jpg,d,13.75,False,-30.375001907348633,-25.875001907348633,-13.750000953674316,-1.0728830375228426e-06
test_0871.jpg,d,25.75,False,-27.125,-25.75,-28.75,0.0
test_0872.jpg,d,23.25,False,-23.25,-23.375,-23.75,0.0
test_0873.jpg,d,24.5625,False,-24.6875,-24.8125,-24.5625,0.0
test_0874.jpg,d,24.625,False,-26.5,-24.625,-27.0,0.0
test_0875.jpg,d,23.375,False,-25.5,-23.375,-25.75,0.0
test_0876.jpg,a,18.5,False,0.0,-18.5,-20.25,-21.125
test_0877.jpg,a,24.125,False,0.0,-24.125,-26.5625,-25.75
test_0878.jpg,b,21.75,False,-21.75,0.0,-23.625,-23.375
test_0879.jpg,a,21.75,False,0.0,-21.75,-23.0,-22.25
test_0880.jpg,c,21.75,False,-23.375,-21.75,0.0,-24.75
test_0881.jpg,c,16.25,False,-16.625,-17.0,-2.3841855067985307e-07,-16.25
test_0882.jpg,a,20.5,False,0.0,-20.5,-22.5,-23.875
test_0883.jpg,a,22.25,False,0.0,-22.25,-24.75,-23.375
test_0884.jpg,d,17.75,False,-22.875,-17.75,-21.375,0.0
test_0885.jpg,d,13.0,False,-15.000003814697266,-13.000003814697266,-13.875003814697266,-3.4570634852570947e-06
test_0886.jpg,d,19.625,False,-19.625,-21.125,-25.875,0.0
test_0887.jpg,b,14.0,False,-14.000000953674316,-8.344646857949556e-07,-18.5,-19.625
test_0888.jpg,c,21.1875,False,-21.1875,-22.25,0.0,-23.75
test_0889.jpg,b,6.25,False,-19.501928329467773,-0.0019286142196506262,-6.251928806304932,-17.251928329467773
test_0890.jpg,b,23.125,False,-23.125,0.0,-26.875,-24.0
test_0891.jpg,c,21.0,False,-21.375,-21.0,0.0,-23.625
test_0892.jpg,d,24.25,False,-24.625,-24.25,-27.25,0.0
test_0893.jpg,b,13.75,False,-23.125001907348633,-1.0728830375228426e-06,-13.750000953674316,-23.625001907348633
test_0894.jpg,b,22.875,False,-22.875,0.0,-24.25,-22.875
test_0895.jpg,b,17.75,False,-17.75,0.0,-21.125,-19.125
test_0896.jpg,c,4.25,False,-20.514163970947266,-4.264163494110107,-0.01416344940662384,-17.139163970947266
test_0897.jpg,d,25.75,False,-27.75,-25.75,-26.625,0.0
test_0898.jpg,a,8.5,False,-0.00020346954988781363,-19.75020408630371,-8.500203132629395,-22.00020408630371
test_0899.jpg,c,20.5,False,-23.125,-20.5,0.0,-21.75
test_0900.jpg,a,22.5625,False,0.0,-22.5625,-24.8125,-25.3125
test_0901.jpg,d,8.5,False,-23.62520408630371,-20.37520408630371,-8.500203132629395,-0.00020346954988781363
test_0902.jpg,b,24.5,False,-24.5,0.0,-27.125,-26.375
test_0903.jpg,a,21.625,False,0.0,-21.625,-23.25,-23.375
test_0904.jpg,a,20.375,False,0.0,-21.3125,-20.375,-22.1875
test_0905.jpg,a,16.125,False,-1.1920928244535389e-07,-16.75,-17.25,-16.125
test_0906.jpg,a,18.375,False,0.0,-18.375,-19.6875,-20.1875
test_0907.jpg,b,19.875,False,-19.875,0.0,-26.5,-22.625
test_0908.jpg,d,23.375,False,-23.875,-23.375,-25.3125,0.0
test_0909.jpg,b,20.375,False,-20.375,0.0,-24.25,-22.75
test_0910.jpg,d,13.0,False,-23.500001907348633,-13.000001907348633,-23.250001907348633,-2.264974000354414e-06
test_0911.jpg,d,25.6875,False,-25.75,-25.875,-25.6875,0.0
test_0912.jpg,b,19.75,False,-20.75,0.0,-20.75,-19.75
test_0913.jpg,d,23.375,False,-23.375,-24.375,-27.625,0.0
test_0914.jpg,c,8.625,False,-19.750179290771484,-8.625179290771484,-0.00017951308109331876,-18.875179290771484
test_0915.jpg,a,2.5,False,-0.07888996601104736,-2.578889846801758,-16.953889846801758,-15.453889846801758
test_0916.jpg,b,22.25,False,-26.5,0.0,-22.25,-23.125
test_0917.jpg,b,14.5,False,-20.125,-7.152555099310121e-07,-15.250000953674316,-14.500000953674316
test_0918.jpg,b,19.875,False,-21.875,0.0,-19.875,-22.5
test_0919.jpg,a,21.9375,False,0.0,-21.9375,-23.875,-24.8125
test_0920.jpg,c,18.75,False,-18.75,-20.875,0.0,-20.125
test_0921.jpg,d,0.75,True,-10.579421997070312,-10.854422569274902,-11.279422760009766,-0.11692279577255249
test_0922.jpg,d,23.8125,False,-24.875,-23.8125,-26.5625,0.0
test_0923.jpg,d,12.25,False,-12.250004768371582,-16.2500057220459,-19.5000057220459,-4.887569048150908e-06
test_0924.jpg,b,19.5,False,-19.5,0.0,-21.125,-21.75
test_0925.jpg,b,26.875,False,-28.75,0.0,-26.875,-29.875
test_0926.jpg,d,21.3125,False,-21.3125,-22.0625,-23.6875,0.0
test_0927.jpg,d,24.625,False,-25.75,-24.625,-28.0,0.0
test_0928.jpg,d,9.5,False,-9.50007438659668,-23.12507438659668,-25.62507438659668,-7.486063259420916e-05
test_0929.jpg,b,23.125,False,-23.125,0.0,-24.625,-25.5
test_0930.jpg,a,21.5,False,0.0,-21.5,-21.75,-23.875
test_0931.jpg,a,20.0,False,0.0,-20.0,-21.625,-20.875
test_0932.jpg,d,22.625,False,-22.625,-24.375,-24.375,0.0
test_0933.jpg,a,20.625,False,0.0,-21.625,-20.625,-22.75
test_0934.jpg,a,19.625,False,0.0,-19.75,-19.625,-20.875
test_0935.jpg,c,19.875,False,-23.0,-21.0,0.0,-19.875
test_0936.jpg,d,22.75,False,-22.75,-24.375,-25.25,0.0
test_0937.jpg,d,24.875,False,-25.375,-24.875,-26.9375,0.0
test_0938.jpg,b,21.5,False,-21.5,0.0,-21.75,-21.5
test_0939.jpg,a,19.875,False,0.0,-19.875,-22.8125,-19.875
test_0940.jpg,a,18.875,False,0.0,-18.875,-20.75,-19.0
test_0941.jpg,a,7.25,False,-0.0007122601964510977,-13.000712394714355,-7.2507123947143555,-16.50071144104004
test_0942.jpg,d,17.875,False,-20.25,-18.25,-17.875,0.0
test_0943.jpg,b,22.0,False,-22.0,0.0,-25.125,-22.375
test_0944.jpg,a,20.375,False,0.0,-20.375,-22.125,-20.5
test_0945.jpg,d,26.125,False,-27.0,-26.125,-28.0,0.0
test_0946.jpg,c,3.0,False,-3.0485892295837402,-13.548589706420898,-0.04858925938606262,-14.423589706420898
test_0947.jpg,d,24.875,False,-26.125,-24.875,-26.75,0.0
test_0948.jpg,b,17.375,False,-22.75,0.0,-17.375,-21.75
test_0949.jpg,a,18.75,False,0.0,-18.75,-22.25,-23.375
test_0950.jpg,a,4.75,False,-0.008616176433861256,-15.50861644744873,-4.758615970611572,-13.50861644744873
test_0951.jpg,a,9.25,False,-9.60780744208023e-05,-21.62509536743164,-20.87509536743164,-9.250096321105957
test_0952.jpg,a,23.0625,False,0.0,-23.0625,-24.1875,-25.5625
test_0953.jpg,d,22.625,False,-22.625,-23.25,-26.6875,0.0
test_0954.jpg,d,22.875,False,-23.875,-23.5,-22.875,0.0
test_0955.jpg,b,8.75,False,-21.500158309936523,-0.00015841660206206143,-25.250158309936523,-8.750158309936523
test_0956.jpg,a,20.75,False,0.0,-20.75,-20.875,-21.25
test_0957.jpg,d,22.75,False,-25.125,-23.5,-22.75,0.0
test_0958.jpg,b,19.125,False,-20.0,0.0,-22.125,-19.125
test_0959.jpg,a,21.9375,False,0.0,-21.9375,-24.1875,-24.5625
test_0960.jpg,b,19.375,False,-23.375,0.0,-23.375,-19.375
test_0961.jpg,b,21.0,False,-21.75,0.0,-21.0,-21.875
test_0962.jpg,c,20.625,False,-24.5625,-22.375,0.0,-20.625
test_0963.jpg,b,21.125,False,-21.5,0.0,-21.625,-21.125
test_0964.jpg,d,22.75,False,-26.0,-23.75,-22.75,0.0
test_0965.jpg,b,20.75,False,-22.5,0.0,-20.75,-21.0
test_0966.jpg,b,19.875,False,-19.875,0.0,-21.875,-20.5
test_0967.jpg,c,21.125,False,-21.75,-21.125,0.0,-21.5
test_0968.jpg,a,22.5,False,0.0,-22.5,-24.0,-23.875
test_0969.jpg,c,16.5,False,-18.25,-17.0,-1.1920928244535389e-07,-16.5
test_0970.jpg,d,22.0,False,-22.0,-22.25,-23.625,0.0
test_0971.jpg,b,20.625,False,-21.75,0.0,-24.875,-20.625
test_0972.jpg,d,25.25,False,-25.5625,-25.25,-26.25,0.0
test_0973.jpg,c,17.375,False,-21.125,-17.375,0.0,-19.25
test_0974.jpg,d,24.125,False,-24.125,-24.75,-25.875,0.0
test_0975.jpg,b,25.875,False,-25.875,0.0,-25.875,-26.125
test_0976.jpg,d,23.75,False,-26.5,-24.25,-23.75,0.0
test_0977.jpg,d,4.5,False,-17.13604736328125,-4.511047840118408,-19.51104736328125,-0.011047743260860443
test_0978.jpg,c,18.125,False,-19.625,-18.125,0.0,-18.5
test_0979.jpg,a,22.0,False,0.0,-22.0,-23.75,-24.5625
test_0980.jpg,a,22.875,False,0.0,-22.875,-25.9375,-25.625
test_0981.jpg,b,19.5,False,-20.625,0.0,-19.5,-19.625
test_0982.jpg,a,16.5,False,-2.3841855067985307e-07,-16.625,-18.25,-16.5
test_0983.jpg,d,20.75,False,-21.1875,-20.75,-20.75,0.0
test_0984.jpg,a,1.5,True,-0.5106068849563599,-5.835606575012207,-17.32310676574707,-17.44810676574707
test_0985.jpg,b,11.375,False,-16.125015258789062,-1.4424220353248529e-05,-11.375014305114746,-12.750014305114746
test_0986.jpg,a,22.875,False,0.0,-22.875,-23.375,-25.125
test_0987.jpg,d,26.5,False,-27.25,-26.5,-28.5,0.0
test_0988.jpg,d,27.125,False,-29.75,-27.125,-30.625,0.0
test_0989.jpg,a,24.875,False,0.0,-24.875,-26.6875,-25.5625
test_0990.jpg,c,18.25,False,-23.125,-18.25,0.0,-20.75
test_0991.jpg,a,24.0625,False,0.0,-24.0625,-25.9375,-26.8125
test_0992.jpg,b,19.75,False,-21.5,0.0,-21.25,-19.75
test_0993.jpg,a,19.0,False,0.0,-19.0,-20.5,-21.875
test_0994.jpg,d,22.625,False,-22.625,-24.625,-28.0625,0.0
test_0995.jpg,b,18.875,False,-24.5,0.0,-25.875,-18.875
test_0996.jpg,c,20.25,False,-21.75,-21.75,0.0,-20.25
test_0997.jpg,a,15.5,False,-3.576278118089249e-07,-15.5,-16.625,-17.375
test_0998.jpg,b,22.625,False,-22.625,0.0,-23.625,-24.875
test_0999.jpg,c,9.75,False,-24.875059127807617,-23.000059127807617,-5.829164365422912e-05,-9.7500581741333
test_1000.jpg,c,20.5,False,-21.5,-20.5,0.0,-21.125
test_1001.jpg,d,23.875,False,-25.875,-23.875,-26.5,0.0
test_1002.jpg,d,20.875,False,-25.375,-21.875,-20.875,0.0
test_1003.jpg,a,15.5,False,-2.3841855067985307e-07,-19.25,-22.5,-15.5
test_1004.jpg,d,14.0,False,-18.5,-14.000000953674316,-16.875,-8.344646857949556e-07
test_1005.jpg,a,3.25,False,-0.038041528314352036,-16.413042068481445,-17.538042068481445,-3.288041591644287
test_1006.jpg,a,7.875,False,-0.00038068200228735805,-7.875380516052246,-17.125381469726562,-14.250380516052246
test_1007.jpg,c,17.75,False,-20.25,-18.75,0.0,-17.75
test_1008.jpg,b,16.125,False,-16.375,-3.576278118089249e-07,-16.625,-16.125
test_1009.jpg,c,9.0,False,-9.000123023986816,-20.125123977661133,-0.00012337400403339416,-21.500123977661133
test_1010.jpg,b,24.875,False,-24.875,0.0,-27.5,-26.125
test_1011.jpg,b,25.75,False,-25.75,0.0,-27.125,-28.0
test_1012.jpg,d,12.0,False,-16.2500057220459,-12.000006675720215,-14.750006675720215,-6.6756979322235566e-06
test_1013.jpg,d,24.125,False,-25.375,-24.125,-24.75,0.0
test_1014.jpg,b,23.25,False,-24.375,0.0,-23.25,-25.125
test_1015.jpg,c,14.625,False,-23.875,-14.625,-4.768370445162873e-07,-20.75
test_1016.jpg,a,18.375,False,0.0,-18.875,-19.5,-18.375
test_1017.jpg,d,21.125,False,-21.125,-22.0,-23.4375,0.0
test_1018.jpg,d,24.875,False,-24.875,-25.375,-26.625,0.0
test_1019.jpg,a,8.75,False,-0.00015853578224778175,-16.250158309936523,-17.125158309936523,-8.750158309936523
test_1020.jpg,b,21.875,False,-21.875,0.0,-24.25,-23.875
test_1021.jpg,a,23.875,False,0.0,-23.875,-25.75,-25.625
test_1022.jpg,d,25.875,False,-25.875,-26.5,-28.90625,0.0
test_1023.jpg,c,21.625,False,-23.875,-22.5,0.0,-21.625
test_1024.jpg,a,20.875,False,0.0,-20.875,-23.75,-24.25
test_1025.jpg,b,22.5,False,-22.5,0.0,-26.125,-23.625
test_1026.jpg,c,21.0,False,-21.875,-21.0,0.0,-22.8125
test_1027.jpg,d,24.625,False,-24.625,-25.0,-28.375,0.0
test_1028.jpg,b,22.125,False,-22.125,0.0,-25.6875,-24.375
test_1029.jpg,a,20.25,False,0.0,-20.25,-23.625,-21.875
test_1030.jpg,a,21.875,False,0.0,-21.875,-26.5625,-25.3125
test_1031.jpg,b,11.0,False,-23.375017166137695,-1.6689160474925302e-05,-23.500017166137695,-11.000016212463379
test_1032.jpg,c,21.75,False,-23.75,-23.0,0.0,-21.75
test_1033.jpg,b,22.75,False,-22.75,0.0,-24.0,-24.0
test_1034.jpg,c,21.875,False,-21.875,-22.0,0.0,-24.625
test_1035.jpg,b,16.625,False,-16.625,-1.1920928244535389e-07,-16.875,-17.125
test_1036.jpg,d,19.9375,False,-19.9375,-22.375,-24.78125,0.0
test_1037.jpg,d,10.25,False,-19.750036239624023,-10.250035285949707,-15.000035285949707,-3.564294092939235e-05
test_1038.jpg,c,23.25,False,-23.25,-23.375,0.0,-24.5
test_1039.jpg,c,20.0,False,-20.75,-20.4375,0.0,-20.0
test_1040.jpg,d,23.5,False,-24.5,-23.5,-23.625,0.0
test_1041.jpg,a,14.75,False,-5.960462772236497e-07,-14.750000953674316,-16.5,-15.625000953674316
test_1042.jpg,c,1.0,True,-1.8063513040542603,-15.256351470947266,-0.19385144114494324,-16.731351852416992
test_1043.jpg,d,21.5,False,-21.5,-22.25,-22.375,0.0
test_1044.jpg,b,21.5,False,-21.5,0.0,-23.3125,-24.1875
test_1045.jpg,c,19.875,False,-22.125,-20.5,0.0,-19.875
test_1046.jpg,d,23.375,False,-23.375,-23.9375,-25.6875,0.0
test_1047.jpg,c,12.625,False,-12.62500286102295,-17.875003814697266,-3.3378546504536644e-06,-20.125003814697266
test_1048.jpg,c,22.25,False,-22.5,-22.25,0.0,-22.625
test_1049.jpg,a,15.25,False,-2.3841855067985307e-07,-17.125,-15.25,-19.25
test_1050.jpg,a,16.375,False,-2.3841855067985307e-07,-16.625,-17.625,-16.375
test_1051.jpg,b,23.125,False,-23.125,0.0,-25.125,-23.875
test_1052.jpg,d,25.5,False,-25.5,-25.9375,-28.9375,0.0
test_1053.jpg,d,26.25,False,-26.625,-26.25,-27.625,0.0
test_1054.jpg,b,20.0,False,-20.0,0.0,-22.5,-22.75
test_1055.jpg,a,22.1875,False,0.0,-22.1875,-24.5,-24.625
test_1056.jpg,d,23.125,False,-24.375,-23.125,-23.25,0.0
test_1057.jpg,d,25.875,False,-27.25,-25.875,-27.75,0.0
test_1058.jpg,b,23.875,False,-23.875,0.0,-26.25,-26.625
test_1059.jpg,b,27.25,False,-27.25,0.0,-28.125,-27.875
test_1060.jpg,d,21.75,False,-25.0,-21.875,-21.75,0.0
test_1061.jpg,c,18.5,False,-18.5,-19.75,0.0,-20.625
test_1062.jpg,a,22.125,False,0.0,-22.125,-23.375,-24.625
test_1063.jpg,a,20.875,False,0.0,-20.875,-25.125,-24.625
test_1064.jpg,a,19.25,False,0.0,-19.25,-22.3125,-21.9375
test_1065.jpg,d,25.375,False,-26.0,-25.375,-27.0625,0.0
test_1066.jpg,a,19.4375,False,0.0,-19.4375,-20.8125,-22.3125
test_1067.jpg,c,19.875,False,-21.25,-19.875,0.0,-22.125
test_1068.jpg,a,19.625,False,0.0,-19.625,-19.75,-21.25
test_1069.jpg,b,23.25,False,-23.25,0.0,-26.375,-24.25
test_1070.jpg,a,23.75,False,0.0,-23.75,-25.125,-26.0
test_1071.jpg,d,25.25,False,-25.25,-26.0,-28.125,0.0
test_1072.jpg,c,23.5,False,-25.375,-24.75,0.0,-23.5
test_1073.jpg,c,22.25,False,-23.125,-22.5,0.0,-22.25
test_1074.jpg,d,23.9375,False,-23.9375,-24.625,-28.0,0.0
test_1075.jpg,d,2.0,True,-26.125577926635742,-17.963077545166016,-26.300579071044922,-0.038078416138887405
test_1076.jpg,c,20.375,False,-20.375,-23.75,0.0,-23.625
test_1077.jpg,b,22.625,False,-22.625,0.0,-25.625,-25.125
test_1078.jpg,c,19.0,False,-20.625,-19.75,0.0,-19.0
test_1079.jpg,a,23.0,False,0.0,-23.0,-26.8125,-26.25
test_1080.jpg,b,23.25,False,-23.25,0.0,-23.5,-23.375
test_1081.jpg,a,21.0,False,0.0,-21.0,-22.875,-23.5
test_1082.jpg,d,24.25,False,-24.25,-24.375,-27.75,0.0
test_1083.jpg,a,22.625,False,0.0,-22.625,-25.8125,-24.9375
test_1084.jpg,a,19.875,False,0.0,-19.875,-21.0,-21.0
test_1085.jpg,d,21.875,False,-22.75,-21.875,-25.625,0.0
test_1086.jpg,d,21.125,False,-30.125,-26.25,-21.125,0.0
test_1087.jpg,b,22.5,False,-23.0,0.0,-22.5,-23.625
test_1088.jpg,d,22.5,False,-23.75,-22.5,-24.125,0.0
test_1089.jpg,a,4.5,False,-0.01104797888547182,-4.511047840118408,-16.13604736328125,-16.51104736328125
test_1090.jpg,d,22.25,False,-26.0,-22.25,-22.5,0.0
test_1091.jpg,b,19.875,False,-22.25,0.0,-22.5,-19.875
test_1092.jpg,d,22.125,False,-22.125,-23.625,-24.5625,0.0
test_1093.jpg,a,24.0,False,0.0,-24.125,-24.0,-26.25
test_1094.jpg,c,21.8125,False,-21.8125,-22.8125,0.0,-23.5625
test_1095.jpg,c,24.25,False,-24.25,-24.75,0.0,-25.25
test_1096.jpg,a,20.8125,False,0.0,-20.8125,-22.125,-22.0
test_1097.jpg,d,26.25,False,-26.75,-26.25,-28.0,0.0
test_1098.jpg,a,22.875,False,0.0,-22.875,-24.0,-25.3125
test_1099.jpg,b,22.375,False,-22.375,0.0,-23.875,-22.875
test_1100.jpg,d,18.5,False,-24.0,-20.75,-18.5,0.0
test_1101.jpg,a,18.5,False,0.0,-18.5,-20.5,-21.0
test_1102.jpg,a,21.625,False,0.0,-22.875,-23.125,-21.625
test_1103.jpg,c,20.625,False,-20.75,-20.625,0.0,-21.75
test_1104.jpg,c,21.25,False,-21.875,-21.25,0.0,-23.4375
test_1105.jpg,c,19.875,False,-21.5,-19.875,0.0,-20.25
test_1106.jpg,c,21.25,False,-22.875,-22.5,0.0,-21.25
test_1107.jpg,d,23.4375,False,-23.4375,-24.375,-26.8125,0.0
test_1108.jpg,b,25.375,False,-25.375,0.0,-28.125,-25.875
test_1109.jpg,a,7.0,False,-0.0009114163694903255,-19.500911712646484,-7.000911235809326,-20.250911712646484
test_1110.jpg,d,22.5,False,-24.75,-22.5,-23.375,0.0
test_1111.jpg,c,22.75,False,-23.25,-22.75,0.0,-23.0
test_1112.jpg,d,22.0,False,-27.625,-25.75,-22.0,0.0
test_1113.jpg,d,19.125,False,-30.5,-26.875,-19.125,0.0
test_1114.jpg,a,22.25,False,0.0,-22.25,-24.375,-23.625
test_1115.jpg,c,24.0,False,-24.375,-24.0,0.0,-25.75
test_1116.jpg,c,10.5,False,-10.500027656555176,-17.12502670288086,-2.753696753643453e-05,-18.00002670288086
test_1117.jpg,a,22.375,False,0.0,-22.375,-24.1875,-24.5
test_1118.jpg,b,12.0,False,-12.000005722045898,-6.198863957251888e-06,-18.6250057220459,-17.1250057220459
test_1119.jpg,c,22.125,False,-22.5,-22.125,0.0,-23.5
test_1120.jpg,c,2.5,False,-2.5790212154388428,-8.954021453857422,-0.07902127504348755,-12.954021453857422
test_1121.jpg,b,21.375,False,-21.375,0.0,-26.3125,-23.5
test_1122.jpg,a,18.875,False,0.0,-18.875,-19.0,-20.0
test_1123.jpg,c,23.5,False,-24.5,-23.75,0.0,-23.5
test_1124.jpg,b,19.5,False,-19.5,0.0,-24.625,-22.125
test_1125.jpg,d,17.0,False,-26.875,-17.0,-26.625,0.0
test_1126.jpg,d,19.125,False,-25.0,-19.125,-22.125,0.0
test_1127.jpg,c,22.5625,False,-22.875,-22.5625,0.0,-25.125
test_1128.jpg,b,10.375,False,-10.375031471252441,-3.1470757676288486e-05,-22.062530517578125,-15.500031471252441
test_1129.jpg,d,11.0,False,-21.875017166137695,-17.000017166137695,-11.000016212463379,-1.6689160474925302e-05
test_1130.jpg,a,11.5,False,-1.0132738680113107e-05,-18.500009536743164,-11.50001049041748,-24.250009536743164
test_1131.jpg,b,21.375,False,-22.125,0.0,-22.0,-21.375
test_1132.jpg,d,24.625,False,-25.0,-24.625,-25.375,0.0
test_1133.jpg,d,23.0,False,-23.5,-23.75,-23.0,0.0
test_1134.jpg,d,11.75,False,-17.625009536743164,-11.750009536743164,-13.625009536743164,-9.179073458653875e-06
test_1135.jpg,a,23.1875,False,0.0,-23.1875,-25.0,-23.5625
test_1136.jpg,c,22.75,False,-23.0,-22.75,0.0,-23.75
test_1137.jpg,a,24.875,False,0.0,-24.875,-27.5625,-27.5625
test_1138.jpg,c,23.625,False,-23.875,-23.625,0.0,-24.5
test_1139.jpg,c,19.375,False,-21.75,-19.75,0.0,-19.375
test_1140.jpg,d,23.75,False,-26.25,-23.75,-25.5,0.0
test_1141.jpg,b,19.125,False,-19.125,0.0,-22.875,-22.25
test_1142.jpg,b,17.25,False,-18.75,0.0,-18.25,-17.25
test_1143.jpg,b,24.125,False,-24.125,0.0,-24.5,-27.125
test_1144.jpg,c,10.0,False,-10.000045776367188,-19.500045776367188,-4.541770613286644e-05,-20.500045776367188
test_1145.jpg,d,22.375,False,-23.5,-22.375,-22.625,0.0
test_1146.jpg,b,22.75,False,-24.625,0.0,-30.625,-22.75
test_1147.jpg,b,23.375,False,-23.375,0.0,-29.0,-24.75
test_1148.jpg,b,17.0,False,-19.625,0.0,-17.25,-17.0
test_1149.jpg,c,3.75,False,-3.7732460498809814,-14.648245811462402,-0.023246029391884804,-15.648245811462402
test_1150.jpg,d,22.375,False,-23.625,-22.375,-22.875,0.0
test_1151.jpg,b,20.375,False,-23.75,0.0,-22.375,-20.375
test_1152.jpg,a,17.5,False,0.0,-17.5,-17.5,-18.875
test_1153.jpg,b,22.0,False,-23.5,0.0,-22.625,-22.0
test_1154.jpg,d,24.9375,False,-25.5,-24.9375,-25.875,0.0
test_1155.jpg,a,14.375,False,-5.960462772236497e-07,-19.125,-19.375,-14.375000953674316
test_1156.jpg,d,24.125,False,-24.125,-24.875,-26.625,0.0
test_1157.jpg,b,20.75,False,-23.25,0.0,-20.75,-21.125
test_1158.jpg,b,22.0,False,-22.0,0.0,-25.75,-24.125
test_1159.jpg,d,20.75,False,-20.75,-21.4375,-22.3125,0.0
test_1160.jpg,a,17.0,False,0.0,-18.625,-17.0,-19.875
test_1161.jpg,c,22.125,False,-22.5,-22.875,0.0,-22.125
test_1162.jpg,c,2.0,True,-9.388081550598145,-19.21308135986328,-0.038081031292676926,-17.188079833984375
test_1163.jpg,d,16.0,False,-20.875,-18.875,-16.0,-1.1920928244535389e-07
test_1164.jpg,d,24.0,False,-28.8125,-24.0,-24.25,0.0
test_1165.jpg,d,21.625,False,-21.625,-24.6875,-27.5625,0.0
test_1166.jpg,c,18.125,False,-22.875,-18.125,0.0,-21.375
test_1167.jpg,d,24.5,False,-25.875,-24.5,-27.625,0.0
test_1168.jpg,c,19.5625,False,-20.25,-19.5625,0.0,-19.625
test_1169.jpg,d,16.75,False,-23.75,-16.75,-21.875,0.0
test_1170.jpg,a,22.0,False,0.0,-22.0,-23.25,-24.125
test_1171.jpg,d,26.125,False,-27.375,-26.125,-27.625,0.0
test_1172.jpg,c,19.375,False,-20.5,-19.375,0.0,-20.875
test_1173.jpg,d,22.0,False,-22.625,-22.75,-22.0,0.0
test_1174.jpg,c,11.0,False,-11.750025749206543,-11.000025749206543,-2.5510462364763953e-05,-13.875025749206543
test_1175.jpg,a,20.0,False,0.0,-22.125,-20.0,-23.25
test_1176.jpg,c,22.25,False,-22.75,-22.25,0.0,-22.75
test_1177.jpg,b,23.0,False,-23.5,0.0,-23.0,-25.375
test_1178.jpg,a,18.625,False,0.0,-18.625,-21.125,-22.5
test_1179.jpg,b,23.5,False,-23.5,0.0,-25.625,-24.375
test_1180.jpg,b,23.625,False,-23.625,0.0,-25.5,-25.25
test_1181.jpg,c,19.25,False,-19.875,-19.25,0.0,-21.625
test_1182.jpg,c,17.625,False,-21.5,-18.5,0.0,-17.625
test_1183.jpg,a,11.5,False,-1.0371154530730564e-05,-11.50001049041748,-16.500009536743164,-16.125009536743164
test_1184.jpg,d,15.75,False,-24.75,-22.75,-15.75,-1.1920928244535389e-07
test_1185.jpg,a,1.75,True,-0.04807291552424431,-11.335572242736816,-15.72307300567627,-15.123072624206543
test_1186.jpg,a,18.375,False,0.0,-19.875,-18.375,-23.125
test_1187.jpg,b,22.75,False,-22.75,0.0,-24.625,-24.5
test_1188.jpg,a,22.875,False,0.0,-22.875,-23.625,-25.75
test_1189.jpg,a,19.75,False,0.0,-19.75,-21.125,-21.0
test_1190.jpg,b,24.875,False,-24.875,0.0,-28.875,-25.125
test_1191.jpg,b,19.0,False,-19.0,0.0,-22.375,-19.625
test_1192.jpg,d,16.875,False,-24.0,-16.875,-20.375,0.0
test_1193.jpg,a,19.75,False,0.0,-19.75,-21.0,-21.75
test_1194.jpg,b,12.25,False,-19.8750057220459,-4.887569048150908e-06,-12.250004768371582,-16.1250057220459
test_1195.jpg,c,21.625,False,-23.375,-21.625,0.0,-24.375
test_1196.jpg,a,20.125,False,0.0,-20.125,-22.4375,-22.125
test_1197.jpg,c,19.5,False,-22.75,-20.0,0.0,-19.5
test_1198.jpg,c,21.5625,False,-21.5625,-23.1875,0.0,-24.4375
test_1199.jpg,d,20.75,False,-25.5,-20.75,-22.0,0.0
test_1200.jpg,c,20.0,False,-24.625,-24.25,0.0,-20.0
test_1201.jpg,d,22.0,False,-22.0,-23.125,-24.375,0.0
test_1202.jpg,b,26.25,False,-26.25,0.0,-28.375,-27.5
test_1203.jpg,a,20.25,False,0.0,-21.25,-20.25,-21.75
test_1204.jpg,b,15.75,False,-22.125,-1.1920928244535389e-07,-15.75,-20.25
test_1205.jpg,a,15.5,False,-2.3841855067985307e-07,-20.375,-20.875,-15.5
test_1206.jpg,d,26.125,False,-26.125,-26.25,-27.3125,0.0
test_1207.jpg,a,18.875,False,0.0,-18.875,-21.125,-20.75
test_1208.jpg,c,22.625,False,-27.75,-22.75,0.0,-22.625
test_1209.jpg,c,19.875,False,-19.875,-20.0,0.0,-20.125
test_1210.jpg,b,21.125,False,-23.125,0.0,-24.5,-21.125
test_1211.jpg,a,19.3125,False,0.0,-19.3125,-26.75,-23.625
test_1212.jpg,c,23.25,False,-23.6875,-23.5625,0.0,-23.25
test_1213.jpg,c,1.25,True,-16.975582122802734,-9.375580787658691,-0.0755816400051117,-14.800580978393555
test_1214.jpg,b,16.25,False,-20.875,-1.1920928244535389e-07,-16.25,-22.625
test_1215.jpg,b,22.0,False,-22.0,0.0,-25.125,-24.75
test_1216.jpg,b,22.25,False,-22.25,0.0,-23.25,-22.625
test_1217.jpg,d,23.1875,False,-23.4375,-23.1875,-24.625,0.0
test_1218.jpg,d,22.125,False,-24.375,-22.125,-22.125,0.0
test_1219.jpg,c,18.0,False,-19.125,-18.0,0.0,-18.375
test_1220.jpg,b,22.75,False,-24.375,0.0,-22.75,-23.625
test_1221.jpg,b,19.625,False,-19.625,0.0,-22.125,-22.0
test_1222.jpg,b,2.75,False,-2.811967611312866,-0.06196761503815651,-20.436967849731445,-21.686967849731445
test_1223.jpg,d,26.0,False,-27.25,-26.0,-28.25,0.0
test_1224.jpg,c,5.25,False,-5.2552337646484375,-18.755233764648438,-0.005233753472566605,-18.630233764648438
test_1225.jpg,b,21.0,False,-21.0,0.0,-22.75,-22.25
test_1226.jpg,b,23.25,False,-23.25,0.0,-23.875,-25.375
test_1227.jpg,c,18.8125,False,-18.8125,-19.1875,0.0,-19.75
test_1228.jpg,d,23.125,False,-25.625,-23.125,-25.75,0.0
test_1229.jpg,d,20.0,False,-23.75,-20.0,-25.5625,0.0
test_1230.jpg,b,5.0,False,-5.006715774536133,-0.006715940777212381,-14.506715774536133,-16.256715774536133
test_1231.jpg,c,22.0,False,-22.875,-22.0,0.0,-23.75
test_1232.jpg,d,9.5,False,-16.000076293945312,-9.500075340270996,-14.625075340270996,-7.545663538621739e-05
test_1233.jpg,b,20.125,False,-22.375,0.0,-20.125,-21.375
test_1234.jpg,a,11.5,False,-1.4305012882687151e-05,-12.375014305114746,-11.500014305114746,-18.87501335144043
test_1235.jpg,c,18.0,False,-22.75,-21.5,0.0,-18.0
test_1236.jpg,c,18.25,False,-22.625,-18.25,0.0,-21.375
test_1237.jpg,a,20.0,False,0.0,-20.375,-20.0,-22.3125
test_1238.jpg,c,21.875,False,-23.125,-21.875,0.0,-23.125
test_1239.jpg,c,16.875,False,-20.0,-16.875,0.0,-18.625
test_1240.jpg,d,26.875,False,-26.9375,-26.875,-29.625,0.0
test_1241.jpg,c,22.125,False,-22.75,-23.25,0.0,-22.125
test_1242.jpg,d,1.75,True,-17.435565948486328,-11.948066711425781,-17.098068237304688,-0.5730675458908081
test_1243.jpg,a,20.25,False,0.0,-20.25,-22.375,-22.0
test_1244.jpg,b,24.5,False,-24.5,0.0,-25.0,-25.625
test_1245.jpg,d,22.25,False,-24.25,-22.25,-23.6875,0.0
test_1246.jpg,c,19.875,False,-19.875,-20.25,0.0,-20.875
test_1247.jpg,a,8.875,False,-0.00014137222024146467,-8.875141143798828,-15.000141143798828,-13.625141143798828
test_1248.jpg,d,18.625,False,-25.75,-21.625,-18.625,0.0
test_1249.jpg,a,22.125,False,0.0,-22.125,-25.6875,-24.8125
test_1250.jpg,b,12.5,False,-23.125003814697266,-3.6954811548639555e-06,-23.500003814697266,-12.500003814697266
test_1251.jpg,b,15.125,False,-19.875,-2.3841855067985307e-07,-15.125,-19.5
test_1252.jpg,d,25.5,False,-27.0,-25.5,-27.875,0.0
test_1253.jpg,b,24.25,False,-24.25,0.0,-25.75,-25.875
test_1254.jpg,d,21.25,False,-21.5,-21.25,-22.5,0.0
test_1255.jpg,d,22.875,False,-25.375,-22.875,-25.0,0.0
test_1256.jpg,d,26.375,False,-28.25,-26.375,-28.25,0.0
test_1257.jpg,c,20.25,False,-22.5,-20.25,0.0,-22.25
test_1258.jpg,a,14.375,False,-5.960462772236497e-07,-14.375000953674316,-22.4375,-20.0
test_1259.jpg,b,2.5,False,-2.6070523262023926,-0.10705235600471497,-3.6070523262023926,-7.357052326202393
test_1260.jpg,d,24.375,False,-24.75,-24.375,-25.625,0.0
test_1261.jpg,d,23.75,False,-23.75,-23.75,-26.875,0.0
test_1262.jpg,d,23.375,False,-23.375,-23.5,-25.0,0.0
test_1263.jpg,b,21.25,False,-21.25,0.0,-23.4375,-24.5
test_1264.jpg,d,24.8125,False,-24.8125,-25.125,-26.5,0.0
test_1265.jpg,d,23.75,False,-24.375,-23.75,-23.875,0.0
test_1266.jpg,c,19.75,False,-21.0,-21.375,0.0,-19.75
test_1267.jpg,b,20.25,False,-21.5,0.0,-22.25,-20.25
test_1268.jpg,d,21.8125,False,-21.8125,-22.8125,-24.4375,0.0
test_1269.jpg,d,22.375,False,-24.125,-23.0,-22.375,0.0
test_1270.jpg,d,21.625,False,-21.625,-23.25,-24.9375,0.0
test_1271.jpg,c,22.5,False,-22.75,-24.375,0.0,-22.5
test_1272.jpg,a,4.25,False,-0.01422867737710476,-4.264228820800781,-9.639228820800781,-16.38922882080078
test_1273.jpg,d,20.125,False,-27.125,-24.75,-20.125,0.0
test_1274.jpg,d,1.25,True,-15.013093948364258,-12.563093185424805,-9.025593757629395,-0.07559403032064438
test_1275.jpg,a,23.0,False,0.0,-23.0,-24.9375,-25.0625
test_1276.jpg,c,21.125,False,-21.125,-22.5,0.0,-23.25
test_1277.jpg,c,20.875,False,-22.375,-21.875,0.0,-20.875
test_1278.jpg,d,24.0,False,-24.0,-25.0,-25.875,0.0
test_1279.jpg,b,16.125,False,-22.0,-1.1920928244535389e-07,-16.125,-19.125
test_1280.jpg,c,22.75,False,-22.75,-22.8125,0.0,-22.9375
test_1281.jpg,c,18.875,False,-21.5,-18.875,0.0,-21.25
test_1282.jpg,c,19.375,False,-21.125,-19.375,0.0,-23.625
test_1283.jpg,c,16.75,False,-20.25,-18.125,0.0,-16.75
test_1284.jpg,a,19.75,False,0.0,-19.75,-20.375,-20.75
test_1285.jpg,d,25.625,False,-26.0,-25.625,-29.125,0.0
test_1286.jpg,a,21.375,False,0.0,-21.375,-23.3125,-22.625
test_1287.jpg,a,15.875,False,-1.1920928244535389e-07,-17.25,-15.875,-19.125
test_1288.jpg,c,18.75,False,-21.75,-18.75,0.0,-21.125
test_1289.jpg,a,21.0,False,0.0,-21.0,-24.0,-22.0
test_1290.jpg,c,19.375,False,-19.875,-19.625,0.0,-19.375
test_1291.jpg,c,20.875,False,-23.375,-20.875,0.0,-21.75
test_1292.jpg,b,23.625,False,-23.625,0.0,-27.9375,-24.25
test_1293.jpg,a,1.0,True,-0.3941180408000946,-6.131618022918701,-11.66911792755127,-12.244117736816406
test_1294.jpg,b,1.25,True,-16.663578033447266,-0.07607721537351608,-5.5260772705078125,-14.876076698303223
test_1295.jpg,a,23.75,False,0.0,-24.125,-25.0,-23.75
test_1296.jpg,d,25.0,False,-28.125,-25.0,-26.25,0.0
test_1297.jpg,d,24.125,False,-26.625,-24.125,-26.625,0.0
test_1298.jpg,a,12.5,False,-4.172316494077677e-06,-14.500003814697266,-12.500003814697266,-17.875003814697266
test_1299.jpg,a,21.5,False,0.0,-22.375,-21.5,-25.25
test_1300.jpg,b,23.375,False,-23.375,0.0,-24.875,-23.875
test_1301.jpg,b,27.625,False,-27.625,0.0,-28.5,-28.5
test_1302.jpg,a,18.875,False,0.0,-18.875,-20.75,-18.875
test_1303.jpg,c,24.5,False,-25.375,-24.625,0.0,-24.5
test_1304.jpg,d,18.25,False,-19.75,-18.25,-21.75,0.0
test_1305.jpg,d,8.0,False,-20.875335693359375,-8.000335693359375,-15.125335693359375,-0.00033563701435923576
test_1306.jpg,c,19.375,False,-20.875,-19.375,0.0,-21.125
test_1307.jpg,a,18.0,False,0.0,-18.0,-19.5,-20.25
test_1308.jpg,b,22.0,False,-22.0,0.0,-24.5,-23.0
test_1309.jpg,a,21.25,False,0.0,-21.25,-22.625,-23.5625
test_1310.jpg,b,19.0,False,-19.0,0.0,-20.75,-20.0
test_1311.jpg,b,24.625,False,-24.625,0.0,-28.3125,-26.6875
test_1312.jpg,d,23.25,False,-26.0,-23.25,-25.375,0.0
test_1313.jpg,d,22.6875,False,-22.6875,-25.125,-26.0625,0.0
test_1314.jpg,a,21.625,False,0.0,-21.625,-23.1875,-23.5
test_1315.jpg,c,20.125,False,-21.75,-20.125,0.0,-21.5
test_1316.jpg,a,23.0,False,0.0,-23.0,-24.375,-25.0625
test_1317.jpg,d,18.25,False,-26.5,-18.25,-22.375,0.0
test_1318.jpg,d,22.0,False,-22.0,-25.5,-23.375,0.0
test_1319.jpg,c,21.0,False,-22.875,-21.375,0.0,-21.0
test_1320.jpg,b,20.5,False,-22.375,0.0,-20.5,-21.875
test_1321.jpg,c,22.875,False,-23.5,-22.875,0.0,-23.6875
test_1322.jpg,b,14.0,False,-14.000000953674316,-1.4305104514278355e-06,-14.250000953674316,-18.500001907348633
test_1323.jpg,a,22.375,False,0.0,-22.375,-23.6875,-24.25
test_1324.jpg,a,20.875,False,0.0,-20.875,-24.125,-22.75
test_1325.jpg,c,25.375,False,-28.0,-25.75,0.0,-25.375
test_1326.jpg,b,21.625,False,-21.625,0.0,-23.0,-23.25
test_1327.jpg,c,18.5,False,-20.125,-18.5,0.0,-21.0
test_1328.jpg,d,24.5,False,-24.75,-24.5,-24.875,0.0
test_1329.jpg,c,22.875,False,-22.875,-22.875,0.0,-25.125
test_1330.jpg,b,23.875,False,-23.875,0.0,-24.75,-25.625
test_1331.jpg,b,11.5,False,-25.000009536743164,-1.0132738680113107e-05,-11.50001049041748,-23.000009536743164
test_1332.jpg,c,21.0,False,-21.0,-21.25,0.0,-21.25
test_1333.jpg,b,24.0,False,-24.0,0.0,-24.625,-25.25
test_1334.jpg,a,25.125,False,0.0,-25.125,-25.875,-25.625
test_1335.jpg,d,21.75,False,-22.5,-21.75,-22.75,0.0
test_1336.jpg,a,21.8125,False,0.0,-21.8125,-24.4375,-22.625
test_1337.jpg,d,24.0,False,-25.375,-24.0,-27.125,0.0
test_1338.jpg,c,20.5,False,-20.875,-20.5,0.0,-22.25
test_1339.jpg,b,20.625,False,-20.625,0.0,-26.25,-22.625
test_1340.jpg,d,23.625,False,-24.875,-23.625,-24.5,0.0
test_1341.jpg,b,9.0,False,-10.875173568725586,-0.00017355366435367614,-10.375173568725586,-9.000173568725586
test_1342.jpg,c,3.125,False,-3.1690115928649902,-6.91901159286499,-0.044011712074279785,-10.669012069702148
test_1343.jpg,c,23.375,False,-24.625,-23.625,0.0,-23.375
test_1344.jpg,d,21.625,False,-22.625,-21.625,-22.5,0.0
test_1345.jpg,d,23.0,False,-24.375,-23.25,-23.0,0.0
test_1346.jpg,d,25.375,False,-25.375,-25.375,-26.25,0.0
test_1347.jpg,c,9.25,False,-20.00009536743164,-9.250096321105957,-9.60780744208023e-05,-18.50009536743164
test_1348.jpg,b,20.5,False,-20.5,0.0,-22.5,-22.125
test_1349.jpg,d,24.3125,False,-24.3125,-24.9375,-26.96875,0.0
test_1350.jpg,a,21.6875,False,0.0,-21.6875,-23.25,-23.5
test_1351.jpg,d,26.125,False,-29.375,-26.125,-27.625,0.0
test_1352.jpg,c,21.5625,False,-21.5625,-22.25,0.0,-22.125
test_1353.jpg,d,22.375,False,-22.375,-22.75,-23.1875,0.0
test_1354.jpg,d,23.875,False,-25.25,-23.875,-25.875,0.0
test_1355.jpg,a,20.375,False,0.0,-20.875,-20.375,-21.1875
test_1356.jpg,d,24.125,False,-24.625,-24.125,-24.75,0.0
test_1357.jpg,a,23.0625,False,0.0,-23.0625,-25.4375,-26.0625
test_1358.jpg,a,16.875,False,0.0,-16.875,-18.25,-20.125
test_1359.jpg,b,24.375,False,-24.375,0.0,-26.375,-25.75
test_1360.jpg,a,18.875,False,0.0,-18.875,-19.125,-20.625
test_1361.jpg,b,25.125,False,-25.125,0.0,-27.375,-26.5
test_1362.jpg,d,21.625,False,-22.25,-21.625,-25.375,0.0
test_1363.jpg,d,25.125,False,-25.125,-25.25,-27.75,0.0
test_1364.jpg,a,19.875,False,0.0,-19.875,-19.875,-21.875
test_1365.jpg,c,20.25,False,-21.375,-20.25,0.0,-21.25
test_1366.jpg,b,13.0,False,-21.125001907348633,-2.264974000354414e-06,-20.625001907348633,-13.000001907348633
test_1367.jpg,b,22.75,False,-22.75,0.0,-25.25,-25.125
test_1368.jpg,b,20.25,False,-20.25,0.0,-21.0625,-21.4375
test_1369.jpg,a,22.75,False,0.0,-22.75,-23.75,-25.25
test_1370.jpg,a,21.1875,False,0.0,-21.1875,-24.5,-23.5625
test_1371.jpg,c,20.125,False,-20.25,-20.125,0.0,-20.75
test_1372.jpg,b,7.5,False,-23.125553131103516,-0.000553335587028414,-14.875553131103516,-7.500553131103516
test_1373.jpg,c,19.5,False,-20.75,-19.5,0.0,-19.625
test_1374.jpg,b,7.75,False,-7.750430583953857,-0.0004306104383431375,-19.500431060791016,-18.375431060791016
test_1375.jpg,a,5.875,False,-0.0028206822462379932,-12.75282096862793,-11.25282096862793,-5.8778204917907715
test_1376.jpg,c,20.75,False,-26.25,-22.75,0.0,-20.75
test_1377.jpg,c,20.375,False,-22.125,-21.25,0.0,-20.375
test_1378.jpg,a,21.75,False,0.0,-21.75,-24.5,-22.875
test_1379.jpg,a,3.75,False,-0.02324824221432209,-13.273248672485352,-13.773248672485352,-3.7732481956481934
test_1380.jpg,c,19.625,False,-19.875,-19.625,0.0,-20.125
test_1381.jpg,c,18.125,False,-19.125,-19.0,0.0,-18.125
test_1382.jpg,d,2.25,False,-19.22520637512207,-2.3502066135406494,-18.35020637512207,-0.10020658373832703
test_1383.jpg,c,21.625,False,-24.375,-21.625,0.0,-23.75
test_1384.jpg,d,23.25,False,-24.875,-23.25,-24.25,0.0
test_1385.jpg,d,23.875,False,-24.25,-23.875,-24.125,0.0
test_1386.jpg,a,21.75,False,0.0,-21.75,-22.625,-24.375
test_1387.jpg,a,13.5,False,-1.4305104514278355e-06,-13.500000953674316,-18.875001907348633,-20.750001907348633
test_1388.jpg,b,23.5,False,-23.5,0.0,-29.0,-25.625
test_1389.jpg,c,23.875,False,-24.0,-23.875,0.0,-26.25
test_1390.jpg,d,16.5,False,-24.75,-16.5,-25.25,-1.1920928244535389e-07
test_1391.jpg,a,19.625,False,0.0,-19.625,-21.25,-21.25
test_1392.jpg,d,22.0,False,-22.0,-22.4375,-24.0,0.0
test_1393.jpg,b,20.8125,False,-20.8125,0.0,-22.9375,-24.625
test_1394.jpg,a,19.25,False,0.0,-19.25,-21.875,-21.875
test_1395.jpg,a,20.375,False,0.0,-20.375,-22.125,-22.0
test_1396.jpg,d,23.5,False,-23.75,-23.5,-24.25,0.0
test_1397.jpg,a,16.25,False,-1.1920928244535389e-07,-16.25,-19.5,-21.75
test_1398.jpg,c,22.625,False,-24.0,-22.625,0.0,-25.0
test_1399.jpg,a,22.25,False,0.0,-22.25,-23.125,-23.375
test_1400.jpg,b,18.0,False,-24.625,0.0,-27.0,-18.0
test_1401.jpg,c,23.25,False,-24.875,-23.25,0.0,-23.75
test_1402.jpg,a,2.5,False,-0.07889150828123093,-16.57889175415039,-13.32889175415039,-2.5788915157318115
test_1403.jpg,b,24.125,False,-24.125,0.0,-24.75,-25.375
test_1404.jpg,c,19.25,False,-19.25,-22.0,0.0,-23.125
test_1405.jpg,b,19.5,False,-23.375,0.0,-19.5,-21.75
test_1406.jpg,b,26.375,False,-26.375,0.0,-28.625,-28.5
test_1407.jpg,a,6.25,False,-0.0019286142196506262,-6.251928806304932,-21.751928329467773,-19.876928329467773
test_1408.jpg,a,21.5,False,0.0,-21.5,-22.125,-22.0
test_1409.jpg,b,22.75,False,-22.75,0.0,-25.375,-23.375
test_1410.jpg,d,24.0,False,-27.0,-24.0,-25.5,0.0
test_1411.jpg,c,16.25,False,-23.75,-22.0,-1.1920928244535389e-07,-16.25
test_1412.jpg,d,18.375,False,-21.125,-18.375,-20.25,0.0
test_1413.jpg,b,21.875,False,-23.875,0.0,-22.125,-21.875
test_1414.jpg,a,14.0,False,-9.536738616588991e-07,-15.750000953674316,-14.000000953674316,-16.75
test_1415.jpg,b,16.0,False,-18.375,-1.1920928244535389e-07,-16.75,-16.0
test_1416.jpg,b,22.375,False,-22.625,0.0,-22.375,-24.625
test_1417.jpg,a,21.75,False,0.0,-22.875,-26.0,-21.75
test_1418.jpg,a,21.25,False,0.0,-21.25,-21.75,-22.5
test_1419.jpg,a,22.5,False,0.0,-22.5,-23.625,-24.125
test_1420.jpg,c,21.0625,False,-21.8125,-21.0625,0.0,-22.6875
test_1421.jpg,d,22.0,False,-23.1875,-22.0,-23.1875,0.0
test_1422.jpg,c,13.25,False,-23.500001907348633,-21.500001907348633,-1.7881377516459906e-06,-13.250001907348633
test_1423.jpg,c,19.125,False,-19.375,-19.125,0.0,-20.625
test_1424.jpg,c,23.0,False,-23.875,-23.0,0.0,-25.0625
test_1425.jpg,a,18.625,False,0.0,-18.625,-18.625,-21.8125
test_1426.jpg,a,18.125,False,0.0,-18.125,-22.25,-21.25
test_1427.jpg,a,22.0,False,0.0,-22.0,-23.625,-24.25
test_1428.jpg,d,25.375,False,-26.625,-25.375,-27.375,0.0
test_1429.jpg,b,25.375,False,-25.375,0.0,-28.125,-27.875
test_1430.jpg,a,3.5,False,-0.029750648885965347,-15.52975082397461,-3.5297505855560303,-18.15475082397461
test_1431.jpg,a,23.125,False,0.0,-24.375,-27.375,-23.125
test_1432.jpg,b,21.5,False,-21.5,0.0,-21.875,-21.875
test_1433.jpg,b,22.875,False,-24.875,0.0,-28.8125,-22.875
test_1434.jpg,d,28.25,False,-29.625,-28.25,-31.1875,0.0
test_1435.jpg,a,21.875,False,0.0,-21.875,-24.125,-24.875
test_1436.jpg,c,14.5,False,-23.625,-14.5,-4.768370445162873e-07,-19.625
test_1437.jpg,a,22.1875,False,0.0,-22.1875,-23.3125,-24.25
test_1438.jpg,d,26.6875,False,-26.6875,-26.6875,-27.8125,0.0
test_1439.jpg,b,17.125,False,-17.125,0.0,-18.625,-18.375
test_1440.jpg,d,23.25,False,-25.25,-23.5,-23.25,0.0
test_1441.jpg,c,17.5,False,-17.875,-17.5,0.0,-18.125
test_1442.jpg,b,24.25,False,-24.875,0.0,-24.5,-24.25
test_1443.jpg,d,23.25,False,-23.25,-24.625,-27.5,0.0
test_1444.jpg,a,24.0,False,0.0,-24.0,-26.5,-25.25
test_1445.jpg,c,16.375,False,-18.125,-18.625,-1.1920928244535389e-07,-16.375
test_1446.jpg,a,20.0,False,0.0,-20.0,-20.75,-22.5
test_1447.jpg,d,25.625,False,-25.875,-25.625,-25.75,0.0
test_1448.jpg,d,21.8125,False,-21.8125,-21.8125,-22.4375,0.0
test_1449.jpg,a,23.875,False,0.0,-23.875,-25.25,-25.0625
test_1450.jpg,a,25.0,False,0.0,-25.0,-28.0,-28.625
test_1451.jpg,b,21.875,False,-24.125,0.0,-21.875,-25.5
test_1452.jpg,b,22.375,False,-22.375,0.0,-23.25,-22.375
test_1453.jpg,b,20.875,False,-20.875,0.0,-25.25,-22.625
test_1454.jpg,b,25.875,False,-25.875,0.0,-27.5,-26.25
test_1455.jpg,c,24.125,False,-24.25,-24.125,0.0,-24.125
test_1456.jpg,b,21.0,False,-22.5,0.0,-23.875,-21.0
test_1457.jpg,d,24.75,False,-25.375,-24.75,-28.5,0.0
test_1458.jpg,a,11.0,False,-1.6689160474925302e-05,-11.000016212463379,-21.000017166137695,-21.750017166137695
test_1459.jpg,a,17.625,False,0.0,-17.625,-19.125,-19.25
test_1460.jpg,d,25.75,False,-25.75,-26.25,-26.0,0.0
test_1461.jpg,d,23.0,False,-24.875,-23.0,-25.75,0.0
test_1462.jpg,d,23.125,False,-25.0,-23.125,-24.625,0.0
test_1463.jpg,a,24.375,False,0.0,-24.375,-26.25,-26.875
test_1464.jpg,d,22.375,False,-25.5,-22.375,-24.875,0.0
test_1465.jpg,d,25.125,False,-25.125,-25.125,-28.25,0.0
test_1466.jpg,b,19.25,False,-19.25,0.0,-21.875,-21.375
test_1467.jpg,c,22.875,False,-23.625,-22.875,0.0,-24.75
test_1468.jpg,b,2.25,False,-2.350215435028076,-0.10021542757749557,-11.975214958190918,-12.850214958190918
test_1469.jpg,b,19.75,False,-19.75,0.0,-22.75,-20.625
test_1470.jpg,c,22.0,False,-23.25,-22.0,0.0,-22.125
test_1471.jpg,d,21.625,False,-22.0,-21.625,-22.375,0.0
test_1472.jpg,c,21.75,False,-23.0625,-21.75,0.0,-22.25
test_1473.jpg,b,24.75,False,-24.75,0.0,-28.0,-25.375
test_1474.jpg,a,21.9375,False,0.0,-21.9375,-23.0625,-24.5
test_1475.jpg,c,19.875,False,-19.875,-21.6875,0.0,-21.3125
test_1476.jpg,c,19.25,False,-20.375,-21.625,0.0,-19.25
test_1477.jpg,c,20.25,False,-21.125,-20.875,0.0,-20.25
test_1478.jpg,d,17.5,False,-25.875,-22.875,-17.5,0.0
test_1479.jpg,b,24.25,False,-24.375,0.0,-24.5,-24.25
test_1480.jpg,a,22.9375,False,0.0,-23.0625,-23.3125,-22.9375
test_1481.jpg,a,21.75,False,0.0,-21.75,-25.5,-24.5625
test_1482.jpg,d,16.375,False,-16.375,-22.6875,-26.53125,-1.1920928244535389e-07
test_1483.jpg,c,19.5,False,-19.5,-19.75,0.0,-21.125
test_1484.jpg,c,21.125,False,-21.125,-21.5,0.0,-22.875
test_1485.jpg,c,21.75,False,-22.375,-21.75,0.0,-22.0
test_1486.jpg,c,22.125,False,-22.25,-22.25,0.0,-22.125
test_1487.jpg,b,23.375,False,-23.375,0.0,-25.75,-24.0
test_1488.jpg,b,22.0,False,-24.875,0.0,-24.125,-22.0
test_1489.jpg,d,24.0,False,-24.25,-24.0,-26.25,0.0
test_1490.jpg,c,19.625,False,-19.625,-19.625,0.0,-19.875
test_1491.jpg,a,17.5,False,0.0,-17.625,-17.5,-19.75
test_1492.jpg,a,24.1875,False,0.0,-24.1875,-26.0625,-27.6875
test_1493.jpg,b,17.25,False,-23.375,0.0,-20.375,-17.25
test_1494.jpg,a,19.375,False,0.0,-19.375,-21.75,-21.0
test_1495.jpg,b,19.625,False,-19.625,0.0,-20.5,-21.0
test_1496.jpg,c,17.375,False,-18.625,-17.375,0.0,-18.5
test_1497.jpg,d,21.875,False,-21.875,-22.3125,-22.4375,0.0
test_1498.jpg,d,4.0,False,-4.019299030303955,-16.144298553466797,-6.769299030303955,-0.019299231469631195
test_1499.jpg,b,25.75,False,-25.75,0.0,-27.875,-27.5
test_1500.jpg,d,21.625,False,-23.5,-22.375,-21.625,0.0
test_1501.jpg,a,21.375,False,0.0,-21.375,-25.25,-23.75
test_1502.jpg,b,20.25,False,-20.25,0.0,-23.75,-21.625
test_1503.jpg,c,14.375,False,-21.875,-14.375000953674316,-5.960462772236497e-07,-19.0
test_1504.jpg,d,24.125,False,-25.0,-24.125,-26.25,0.0
test_1505.jpg,d,23.625,False,-25.75,-23.625,-26.375,0.0
test_1506.jpg,b,21.0,False,-21.875,0.0,-21.25,-21.0
test_1507.jpg,d,23.875,False,-24.375,-23.875,-25.375,0.0
test_1508.jpg,b,26.25,False,-26.25,0.0,-28.25,-26.5
test_1509.jpg,d,28.25,False,-28.25,-28.25,-29.875,0.0
test_1510.jpg,d,22.5,False,-26.5,-28.0,-22.5,0.0
test_1511.jpg,c,11.5,False,-20.625009536743164,-11.50001049041748,-1.0132738680113107e-05,-17.000009536743164
test_1512.jpg,d,24.875,False,-24.875,-25.0,-26.375,0.0
test_1513.jpg,c,19.375,False,-19.5,-19.375,0.0,-19.375
test_1514.jpg,c,23.25,False,-23.25,-24.1875,0.0,-27.5625
test_1515.jpg,b,22.875,False,-23.625,0.0,-22.875,-24.875
test_1516.jpg,a,23.75,False,0.0,-23.75,-24.25,-26.5
test_1517.jpg,d,4.0,False,-4.018150329589844,-14.518150329589844,-18.143150329589844,-0.01815043017268181
test_1518.jpg,b,20.125,False,-22.5,0.0,-20.875,-20.125
test_1519.jpg,b,22.875,False,-22.875,0.0,-23.5,-23.875
test_1520.jpg,d,18.0,False,-22.75,-18.625,-18.0,0.0
test_1521.jpg,d,24.375,False,-29.0,-28.0,-24.375,0.0
test_1522.jpg,d,21.875,False,-24.5,-21.875,-24.25,0.0
test_1523.jpg,a,20.125,False,0.0,-20.125,-21.375,-22.375
test_1524.jpg,d,8.75,False,-25.375158309936523,-23.000158309936523,-8.750158309936523,-0.00015841660206206143
test_1525.jpg,c,18.625,False,-19.75,-20.0,0.0,-18.625
test_1526.jpg,d,18.75,False,-22.875,-19.125,-18.75,0.0
test_1527.jpg,b,15.5,False,-25.5,-2.3841855067985307e-07,-23.75,-15.5
test_1528.jpg,a,26.0,False,0.0,-26.0,-28.25,-26.625
test_1529.jpg,c,18.875,False,-19.625,-18.875,0.0,-19.0
test_1530.jpg,b,23.375,False,-23.375,0.0,-23.625,-23.375
test_1531.jpg,a,21.0,False,0.0,-21.0,-22.625,-22.875
test_1532.jpg,d,24.4375,False,-24.4375,-24.9375,-27.625,0.0
test_1533.jpg,a,21.0,False,0.0,-21.0,-24.0,-23.375
test_1534.jpg,c,5.0,False,-5.006715297698975,-17.256715774536133,-0.006715348921716213,-18.506715774536133
test_1535.jpg,c,20.625,False,-20.625,-22.625,0.0,-21.875
test_1536.jpg,c,21.5,False,-22.25,-21.5,0.0,-22.5
test_1537.jpg,a,20.25,False,0.0,-20.25,-22.75,-21.125
test_1538.jpg,b,19.625,False,-21.75,0.0,-19.625,-21.375
test_1539.jpg,d,21.75,False,-22.375,-21.75,-25.0,0.0
test_1540.jpg,b,26.0,False,-26.0,0.0,-27.9375,-26.5
test_1541.jpg,d,24.375,False,-24.375,-24.75,-25.5,0.0
test_1542.jpg,b,19.5,False,-19.5,0.0,-22.9375,-22.5
test_1543.jpg,c,22.625,False,-23.75,-22.625,0.0,-23.875
test_1544.jpg,a,24.625,False,0.0,-24.625,-27.75,-27.25
test_1545.jpg,d,24.5,False,-27.875,-24.5,-25.5,0.0
test_1546.jpg,c,16.5,False,-18.75,-16.5,-1.1920928244535389e-07,-18.25
test_1547.jpg,d,18.0,False,-18.0,-19.75,-21.25,0.0
test_1548.jpg,a,17.625,False,0.0,-19.75,-20.875,-17.625
test_1549.jpg,a,17.125,False,0.0,-18.5,-17.125,-20.0
test_1550.jpg,a,9.0,False,-0.00012444675667211413,-9.000123977661133,-14.750123977661133,-14.125123977661133
test_1551.jpg,c,20.6875,False,-20.6875,-20.9375,0.0,-21.75
test_1552.jpg,c,15.375,False,-15.375,-15.875,-3.576278118089249e-07,-17.25
test_1553.jpg,d,26.0,False,-26.375,-26.0,-29.4375,0.0
test_1554.jpg,c,5.625,False,-6.256840229034424,-5.631840229034424,-0.006840383633971214,-6.631840229034424
test_1555.jpg,a,18.875,False,0.0,-18.875,-20.25,-19.75
test_1556.jpg,b,18.5,False,-18.5,0.0,-19.625,-18.75
test_1557.jpg,d,18.5,False,-19.75,-20.25,-18.5,0.0
test_1558.jpg,d,24.625,False,-25.25,-24.75,-24.625,0.0
test_1559.jpg,d,26.875,False,-28.125,-26.875,-28.375,0.0
test_1560.jpg,a,23.3125,False,0.0,-23.3125,-23.625,-23.8125
test_1561.jpg,a,22.875,False,0.0,-22.875,-24.6875,-25.125
test_1562.jpg,c,21.875,False,-23.125,-21.875,0.0,-22.5
test_1563.jpg,a,20.0,False,0.0,-20.0,-23.375,-23.875
test_1564.jpg,c,21.875,False,-22.25,-21.875,0.0,-22.75
test_1565.jpg,a,22.375,False,0.0,-22.375,-24.3125,-24.875
test_1566.jpg,b,22.375,False,-22.375,0.0,-26.25,-23.875
test_1567.jpg,c,5.0,False,-5.0067291259765625,-11.256729125976562,-0.0067289662547409534,-14.131729125976562
test_1568.jpg,b,21.0,False,-21.0,0.0,-21.125,-23.625
test_1569.jpg,b,5.25,False,-17.380233764648438,-0.005234227981418371,-5.255234241485596,-14.505233764648438
test_1570.jpg,d,24.625,False,-26.625,-24.625,-27.5,0.0
test_1571.jpg,c,19.875,False,-20.5,-19.875,0.0,-20.375
test_1572.jpg,c,11.375,False,-14.375012397766113,-17.250011444091797,-1.2040065485052764e-05,-11.375012397766113
test_1573.jpg,a,19.375,False,0.0,-19.375,-23.625,-22.875
test_1574.jpg,a,20.0,False,0.0,-20.25,-20.0,-21.875
test_1575.jpg,d,17.875,False,-17.875,-19.875,-19.5,0.0
test_1576.jpg,c,19.75,False,-21.125,-19.75,0.0,-20.875
test_1577.jpg,a,21.875,False,0.0,-21.875,-22.75,-23.3125
test_1578.jpg,c,19.625,False,-19.625,-20.25,0.0,-20.0625
test_1579.jpg,c,18.5,False,-20.0,-18.5,0.0,-19.5
test_1580.jpg,a,21.375,False,0.0,-21.375,-24.3125,-24.4375
test_1581.jpg,b,23.5,False,-23.5,0.0,-27.0,-25.625
test_1582.jpg,c,17.0,False,-22.625,-19.375,0.0,-17.0
test_1583.jpg,a,23.8125,False,0.0,-23.8125,-25.125,-27.1875
test_1584.jpg,d,23.75,False,-25.25,-23.75,-28.25,0.0
test_1585.jpg,c,20.25,False,-20.25,-21.1875,0.0,-21.625
test_1586.jpg,d,26.125,False,-26.125,-27.125,-28.875,0.0
test_1587.jpg,b,13.25,False,-24.500001907348633,-1.7881377516459906e-06,-13.250001907348633,-20.625001907348633
test_1588.jpg,a,21.0625,False,0.0,-21.0625,-22.75,-23.0625
test_1589.jpg,d,23.75,False,-24.5,-23.75,-24.875,0.0
test_1590.jpg,a,20.875,False,0.0,-20.875,-22.5,-22.625
test_1591.jpg,b,16.5,False,-24.625,-1.1920928244535389e-07,-16.5,-21.5
test_1592.jpg,c,19.875,False,-20.875,-19.875,0.0,-22.0
test_1593.jpg,c,20.25,False,-20.625,-20.25,0.0,-21.25
test_1594.jpg,d,3.0,False,-20.298587799072266,-3.0485873222351074,-20.423587799072266,-0.04858732968568802
test_1595.jpg,b,21.125,False,-21.125,0.0,-23.0,-21.25
test_1596.jpg,d,24.3125,False,-24.3125,-24.625,-27.4375,0.0
test_1597.jpg,c,20.4375,False,-21.5,-20.4375,0.0,-21.1875
test_1598.jpg,d,26.5,False,-27.625,-26.5,-29.125,0.0
test_1599.jpg,b,19.375,False,-19.375,0.0,-21.5,-20.875
test_1600.jpg,b,24.375,False,-24.375,0.0,-26.5,-26.125
test_1601.jpg,c,22.75,False,-23.75,-22.75,0.0,-25.8125
test_1602.jpg,a,20.125,False,0.0,-20.125,-21.9375,-22.1875
test_1603.jpg,c,22.625,False,-24.125,-22.625,0.0,-23.375
test_1604.jpg,d,24.75,False,-24.75,-25.25,-27.8125,0.0
test_1605.jpg,b,19.5,False,-20.5,0.0,-19.5,-20.875
test_1606.jpg,c,21.5,False,-22.0,-21.5,0.0,-22.3125
test_1607.jpg,b,11.75,False,-15.000008583068848,-8.22540732769994e-06,-17.87500762939453,-11.750008583068848
test_1608.jpg,d,22.875,False,-26.125,-22.875,-23.875,0.0
test_1609.jpg,d,23.0,False,-25.1875,-24.125,-23.0,0.0
test_1610.jpg,b,19.875,False,-19.875,0.0,-20.75,-21.125
test_1611.jpg,c,22.5625,False,-22.5625,-23.3125,0.0,-22.9375
test_1612.jpg,c,20.875,False,-20.875,-21.25,0.0,-21.125
test_1613.jpg,a,24.125,False,0.0,-24.125,-25.625,-25.25
test_1614.jpg,d,25.0,False,-26.5,-25.0,-26.125,0.0
test_1615.jpg,c,0.25,True,-20.685283660888672,-15.772784233093262,-0.17278414964675903,-9.697783470153809
test_1616.jpg,b,24.625,False,-24.625,0.0,-26.0,-26.5
test_1617.jpg,a,21.625,False,0.0,-21.75,-21.625,-22.5
test_1618.jpg,c,25.0,False,-29.875,-27.875,0.0,-25.0
test_1619.jpg,c,16.0,False,-16.0,-21.75,-1.1920928244535389e-07,-22.375
test_1620.jpg,d,22.375,False,-22.375,-24.25,-27.1875,0.0
test_1621.jpg,b,22.0,False,-22.75,0.0,-22.0,-23.25
test_1622.jpg,b,25.25,False,-25.25,0.0,-27.75,-26.25
test_1623.jpg,b,23.5,False,-23.5,0.0,-27.125,-24.625
test_1624.jpg,c,1.5,True,-19.772924423217773,-13.11042308807373,-0.06042400375008583,-17.9354248046875
test_1625.jpg,b,20.0,False,-22.125,0.0,-22.5,-20.0
test_1626.jpg,b,22.375,False,-22.375,0.0,-24.5,-24.625
test_1627.jpg,a,15.875,False,-2.3841855067985307e-07,-16.5,-18.0,-15.875
test_1628.jpg,a,22.375,False,0.0,-23.125,-22.375,-24.5
test_1629.jpg,a,19.0,False,0.0,-19.0,-20.5,-20.75
test_1630.jpg,b,3.75,False,-12.648248672485352,-0.023248707875609398,-17.14824867248535,-3.7732486724853516
test_1631.jpg,c,12.75,False,-12.75000286102295,-22.750001907348633,-2.861018856492592e-06,-22.875001907348633
test_1632.jpg,b,19.75,False,-19.75,0.0,-22.875,-21.625
test_1633.jpg,d,24.5,False,-24.8125,-24.5,-27.0,0.0
test_1634.jpg,d,17.125,False,-22.75,-21.125,-17.125,0.0
test_1635.jpg,c,23.875,False,-23.875,-24.5,0.0,-24.75
test_1636.jpg,d,21.375,False,-23.0,-21.375,-23.75,0.0
test_1637.jpg,b,14.375,False,-14.500000953674316,-1.311301275563892e-06,-14.375000953674316,-15.250000953674316
test_1638.jpg,a,17.875,False,0.0,-19.75,-17.875,-21.5
test_1639.jpg,c,17.875,False,-19.625,-17.875,0.0,-19.5
test_1640.jpg,a,20.0,False,0.0,-20.0,-21.5625,-21.0
test_1641.jpg,a,18.625,False,0.0,-19.125,-19.125,-18.625
test_1642.jpg,c,21.8125,False,-21.8125,-22.4375,0.0,-23.6875
test_1643.jpg,c,21.125,False,-23.0,-21.125,0.0,-23.125
test_1644.jpg,c,20.125,False,-22.25,-20.125,0.0,-20.125
test_1645.jpg,c,22.75,False,-22.75,-23.75,0.0,-24.125
test_1646.jpg,c,19.375,False,-19.625,-19.75,0.0,-19.375
test_1647.jpg,c,17.75,False,-20.5,-18.125,0.0,-17.75
test_1648.jpg,d,22.4375,False,-22.9375,-22.4375,-23.5,0.0
test_1649.jpg,d,26.125,False,-28.125,-26.125,-27.375,0.0
test_1650.jpg,c,21.125,False,-21.125,-21.4375,0.0,-22.625
test_1651.jpg,d,23.875,False,-23.875,-24.625,-27.25,0.0
test_1652.jpg,c,19.25,False,-21.75,-19.875,0.0,-19.25
test_1653.jpg,b,13.875,False,-19.0,-9.536738616588991e-07,-17.875,-13.875000953674316
test_1654.jpg,c,14.5,False,-18.375,-14.5,-4.768370445162873e-07,-20.875
test_1655.jpg,d,25.5,False,-26.5,-25.5,-30.25,0.0
test_1656.jpg,b,20.875,False,-20.875,0.0,-28.5,-20.875
test_1657.jpg,d,18.125,False,-23.625,-20.75,-18.125,0.0
test_1658.jpg,b,19.625,False,-19.625,0.0,-20.25,-21.75
test_1659.jpg,b,20.375,False,-23.625,0.0,-20.375,-23.625
test_1660.jpg,b,23.75,False,-23.75,0.0,-26.875,-26.125
test_1661.jpg,b,23.0,False,-23.0,0.0,-25.625,-24.125
test_1662.jpg,a,20.375,False,0.0,-20.375,-21.125,-21.875
test_1663.jpg,c,15.75,False,-15.75,-16.25,-3.576278118089249e-07,-16.5
test_1664.jpg,b,19.375,False,-25.625,0.0,-19.375,-25.125
test_1665.jpg,a,24.625,False,0.0,-24.625,-28.25,-29.9375
test_1666.jpg,d,22.5,False,-22.5,-25.0,-27.875,0.0
test_1667.jpg,c,20.875,False,-22.75,-20.875,0.0,-21.875
test_1668.jpg,a,16.125,False,-1.1920928244535389e-07,-16.125,-17.375,-17.5
test_1669.jpg,d,25.5,False,-27.125,-25.5,-27.875,0.0
test_1670.jpg,b,11.75,False,-22.00000762939453,-7.867782187531702e-06,-24.87500762939453,-11.750007629394531
test_1671.jpg,a,18.75,False,0.0,-23.5,-27.25,-18.75
test_1672.jpg,c,22.4375,False,-22.75,-22.4375,0.0,-22.625
test_1673.jpg,d,22.25,False,-23.625,-22.25,-25.125,0.0
test_1674.jpg,b,22.625,False,-22.625,0.0,-26.5,-26.0
test_1675.jpg,b,20.75,False,-20.75,0.0,-22.75,-22.5
test_1676.jpg,c,20.75,False,-23.375,-21.75,0.0,-20.75
test_1677.jpg,c,19.625,False,-19.625,-20.375,0.0,-20.625
test_1678.jpg,b,24.375,False,-24.375,0.0,-29.9375,-24.75
test_1679.jpg,b,19.625,False,-23.125,0.0,-19.625,-21.0
test_1680.jpg,a,21.0,False,0.0,-21.0,-24.4375,-21.125
test_1681.jpg,a,20.25,False,0.0,-20.25,-20.625,-20.875
test_1682.jpg,a,22.625,False,0.0,-22.625,-22.875,-23.875
test_1683.jpg,d,21.875,False,-24.375,-21.875,-23.375,0.0
test_1684.jpg,c,21.0,False,-21.875,-21.0,0.0,-25.625
test_1685.jpg,b,19.625,False,-22.75,0.0,-19.625,-22.0
test_1686.jpg,c,18.25,False,-18.25,-21.25,0.0,-22.125
test_1687.jpg,d,25.625,False,-25.625,-26.5625,-28.5,0.0
test_1688.jpg,a,21.875,False,0.0,-21.875,-22.6875,-23.875
test_1689.jpg,d,19.75,False,-22.0,-19.75,-22.75,0.0
test_1690.jpg,a,23.25,False,0.0,-23.25,-24.8125,-25.3125
test_1691.jpg,a,19.125,False,0.0,-19.125,-20.125,-20.125
test_1692.jpg,b,21.125,False,-22.125,0.0,-25.75,-21.125
test_1693.jpg,a,17.25,False,0.0,-17.25,-19.75,-20.625
test_1694.jpg,b,24.375,False,-24.5,0.0,-26.25,-24.375
test_1695.jpg,b,18.75,False,-26.75,0.0,-18.75,-22.375
test_1696.jpg,d,21.625,False,-23.25,-22.375,-21.625,0.0
test_1697.jpg,b,21.875,False,-21.875,0.0,-25.875,-24.5
test_1698.jpg,b,22.75,False,-22.75,0.0,-25.5,-24.75
test_1699.jpg,b,21.5,False,-25.875,0.0,-21.5,-24.875
test_1700.jpg,d,23.875,False,-24.375,-23.875,-27.0,0.0
test_1701.jpg,c,18.5,False,-19.875,-20.625,0.0,-18.5
test_1702.jpg,c,20.75,False,-25.125,-22.875,0.0,-20.75
test_1703.jpg,b,23.5,False,-23.5,0.0,-27.3125,-25.5
test_1704.jpg,d,27.0,False,-28.5,-27.0,-29.625,0.0
test_1705.jpg,a,22.0,False,0.0,-22.0,-24.125,-25.125
test_1706.jpg,a,19.125,False,0.0,-19.125,-21.25,-21.625
test_1707.jpg,a,4.75,False,-0.008639931678771973,-4.758639812469482,-10.75864028930664,-12.38364028930664
test_1708.jpg,b,21.125,False,-21.5,0.0,-23.25,-21.125
test_1709.jpg,d,23.25,False,-23.25,-24.1875,-24.0625,0.0
test_1710.jpg,d,18.75,False,-24.375,-18.75,-22.75,0.0
test_1711.jpg,a,19.375,False,0.0,-19.375,-23.9375,-20.0
test_1712.jpg,d,24.75,False,-24.75,-25.0,-27.625,0.0
test_1713.jpg,d,24.5,False,-25.625,-24.5,-26.25,0.0
test_1714.jpg,a,16.5,False,-1.1920928244535389e-07,-16.5,-18.625,-19.25
test_1715.jpg,b,27.625,False,-28.125,0.0,-27.625,-27.75
test_1716.jpg,d,12.75,False,-25.000001907348633,-12.75000286102295,-24.250001907348633,-2.861018856492592e-06
test_1717.jpg,c,20.625,False,-22.25,-22.0,0.0,-20.625
test_1718.jpg,b,21.25,False,-21.375,0.0,-21.875,-21.25
test_1719.jpg,d,22.75,False,-22.75,-23.875,-25.875,0.0
test_1720.jpg,d,23.0,False,-23.125,-23.0,-23.75,0.0
test_1721.jpg,a,19.875,False,0.0,-19.875,-21.3125,-22.4375
test_1722.jpg,c,20.5,False,-20.5,-21.75,0.0,-22.625
test_1723.jpg,d,23.5,False,-25.0,-23.875,-23.5,0.0
test_1724.jpg,b,18.875,False,-23.375,0.0,-18.875,-24.0
test_1725.jpg,c,22.375,False,-24.75,-22.375,0.0,-22.875
test_1726.jpg,d,22.125,False,-23.875,-22.125,-24.125,0.0
test_1727.jpg,b,23.0,False,-23.75,0.0,-23.0,-24.375
test_1728.jpg,b,21.5,False,-21.5,0.0,-22.375,-22.75
test_1729.jpg,a,23.75,False,0.0,-23.75,-25.8125,-26.625
test_1730.jpg,d,23.125,False,-25.75,-23.125,-23.25,0.0
test_1731.jpg,c,18.375,False,-18.375,-19.625,0.0,-20.5
test_1732.jpg,b,24.875,False,-24.875,0.0,-30.125,-25.625
test_1733.jpg,b,20.875,False,-20.875,0.0,-25.1875,-23.125
test_1734.jpg,a,14.375,False,-8.344646857949556e-07,-14.375000953674316,-15.125000953674316,-18.125
test_1735.jpg,c,22.0,False,-22.4375,-22.0,0.0,-25.3125
test_1736.jpg,b,8.625,False,-8.625219345092773,-0.00021979777375236154,-10.125219345092773,-15.500219345092773
test_1737.jpg,b,21.0625,False,-21.0625,0.0,-21.625,-22.875
test_1738.jpg,a,22.0,False,0.0,-22.0,-24.125,-24.25
test_1739.jpg,b,20.625,False,-21.375,0.0,-22.25,-20.625
test_1740.jpg,c,18.5,False,-18.875,-18.5,0.0,-19.625
test_1741.jpg,d,22.0,False,-25.0,-22.0,-22.625,0.0
test_1742.jpg,b,22.25,False,-22.5,0.0,-23.25,-22.25
test_1743.jpg,b,3.25,False,-20.538042068481445,-0.03804141283035278,-3.288041353225708,-17.288042068481445
test_1744.jpg,b,21.5,False,-21.5,0.0,-24.5625,-23.0625
test_1745.jpg,d,24.0,False,-27.375,-24.0,-26.125,0.0
test_1746.jpg,a,18.5,False,0.0,-18.5,-20.5625,-20.4375
test_1747.jpg,b,20.75,False,-20.75,0.0,-23.125,-21.0
test_1748.jpg,a,20.125,False,0.0,-20.25,-20.125,-25.3125
test_1749.jpg,a,18.375,False,0.0,-19.0,-18.375,-20.5
test_1750.jpg,b,23.375,False,-23.375,0.0,-27.875,-25.125
test_1751.jpg,d,16.75,False,-16.75,-27.5,-29.9375,0.0
test_1752.jpg,b,19.125,False,-19.125,0.0,-21.0,-20.75
test_1753.jpg,b,10.0,False,-23.875045776367188,-4.541770613286644e-05,-22.625045776367188,-10.000045776367188
test_1754.jpg,b,1.25,True,-12.590365409851074,-3.1528658866882324,-10.827865600585938,-11.5653657913208
test_1755.jpg,a,3.125,False,-0.047516949474811554,-3.1725170612335205,-9.297516822814941,-5.422516822814941
test_1756.jpg,d,25.25,False,-25.25,-25.75,-28.0,0.0
test_1757.jpg,a,19.875,False,0.0,-19.875,-21.6875,-21.0
test_1758.jpg,c,13.75,False,-13.750000953674316,-16.750001907348633,-1.0728830375228426e-06,-18.500001907348633
test_1759.jpg,b,16.625,False,-19.0,-1.1920928244535389e-07,-16.625,-16.875
test_1760.jpg,c,22.5,False,-25.5,-23.625,0.0,-22.5
test_1761.jpg,a,8.625,False,-0.00021181246847845614,-12.250211715698242,-8.625211715698242,-10.500211715698242
test_1762.jpg,c,23.5,False,-24.0,-24.25,0.0,-23.5
test_1763.jpg,c,22.125,False,-22.125,-22.625,0.0,-22.5
test_1764.jpg,a,20.375,False,0.0,-20.375,-20.875,-23.1875
test_1765.jpg,a,21.75,False,0.0,-21.75,-22.875,-24.4375
test_1766.jpg,d,6.5,False,-6.501502513885498,-19.001502990722656,-22.314002990722656,-0.0015023384476080537
test_1767.jpg,b,22.25,False,-22.25,0.0,-25.0,-23.75
test_1768.jpg,b,19.625,False,-23.75,0.0,-19.625,-21.75
test_1769.jpg,a,15.75,False,-1.1920928244535389e-07,-22.0,-22.625,-15.75
test_1770.jpg,d,22.3125,False,-22.3125,-22.5,-22.875,0.0
test_1771.jpg,c,1.5,True,-8.035447120666504,-12.022947311401367,-0.06044726073741913,-14.13544750213623
test_1772.jpg,b,19.5,False,-22.75,0.0,-19.875,-19.5
test_1773.jpg,d,21.75,False,-21.75,-22.5,-24.875,0.0
test_1774.jpg,d,20.25,False,-26.75,-20.25,-24.75,0.0
test_1775.jpg,b,22.875,False,-22.875,0.0,-27.125,-24.0
test_1776.jpg,a,20.375,False,0.0,-20.375,-20.625,-21.0
test_1777.jpg,a,21.5,False,0.0,-21.5,-22.625,-22.875
test_1778.jpg,b,22.0,False,-22.0,0.0,-25.625,-23.375
test_1779.jpg,a,23.5,False,0.0,-23.5,-24.0,-25.0625
test_1780.jpg,d,26.25,False,-27.25,-26.25,-27.0,0.0
test_1781.jpg,a,21.0,False,0.0,-21.0,-22.625,-22.875
test_1782.jpg,c,21.5,False,-21.75,-21.5,0.0,-22.125
test_1783.jpg,b,18.625,False,-18.625,0.0,-20.75,-20.0
test_1784.jpg,a,23.375,False,0.0,-23.375,-25.3125,-24.6875
test_1785.jpg,a,25.0,False,0.0,-25.0,-26.125,-28.5625
test_1786.jpg,d,23.625,False,-23.625,-23.875,-24.625,0.0
test_1787.jpg,c,18.125,False,-24.375,-20.875,0.0,-18.125
test_1788.jpg,a,20.875,False,0.0,-21.875,-26.625,-20.875
test_1789.jpg,a,22.625,False,0.0,-22.625,-23.625,-23.875
test_1790.jpg,c,18.125,False,-19.625,-18.125,0.0,-21.0
test_1791.jpg,b,21.75,False,-21.75,0.0,-23.125,-22.75
test_1792.jpg,b,23.875,False,-24.875,0.0,-27.625,-23.875
test_1793.jpg,d,21.375,False,-23.375,-21.375,-21.375,0.0
test_1794.jpg,a,19.75,False,0.0,-19.75,-21.625,-22.5
test_1795.jpg,a,21.25,False,0.0,-22.25,-21.25,-22.875
test_1796.jpg,c,18.625,False,-24.25,-18.625,0.0,-23.0
test_1797.jpg,b,21.75,False,-21.75,0.0,-22.125,-22.875
test_1798.jpg,c,21.25,False,-22.625,-21.25,0.0,-22.625
test_1799.jpg,c,20.5,False,-20.75,-21.0,0.0,-20.5
test_1800.jpg,b,18.375,False,-18.375,0.0,-21.5,-20.75
test_1801.jpg,a,21.75,False,0.0,-21.9375,-21.75,-22.1875
test_1802.jpg,b,21.625,False,-22.0,0.0,-22.875,-21.625
test_1803.jpg,c,21.75,False,-24.25,-22.75,0.0,-21.75
test_1804.jpg,b,17.875,False,-25.25,0.0,-18.5,-17.875
test_1805.jpg,d,25.75,False,-26.25,-25.75,-27.0,0.0
test_1806.jpg,c,25.0,False,-26.875,-25.0,0.0,-27.25
test_1807.jpg,c,19.0,False,-19.0,-19.6875,0.0,-19.0
test_1808.jpg,a,19.875,False,0.0,-19.875,-20.375,-23.125
test_1809.jpg,a,24.875,False,0.0,-24.875,-26.625,-27.4375
test_1810.jpg,a,21.625,False,0.0,-21.625,-23.75,-23.75
test_1811.jpg,c,18.5,False,-21.5,-20.125,0.0,-18.5
test_1812.jpg,c,22.375,False,-22.5,-22.5,0.0,-22.375
test_1813.jpg,c,21.125,False,-21.125,-22.0625,0.0,-21.3125
test_1814.jpg,c,20.125,False,-21.625,-21.375,0.0,-20.125
test_1815.jpg,d,24.75,False,-25.875,-24.75,-25.25,0.0
test_1816.jpg,b,18.25,False,-18.25,0.0,-21.9375,-18.75
test_1817.jpg,c,18.875,False,-19.75,-18.875,0.0,-19.375
test_1818.jpg,b,21.75,False,-23.875,0.0,-22.625,-21.75
test_1819.jpg,c,20.5,False,-20.5,-22.5,0.0,-21.75
test_1820.jpg,b,24.75,False,-26.375,0.0,-29.5,-24.75
test_1821.jpg,d,21.0,False,-22.25,-21.0,-24.5,0.0
test_1822.jpg,a,23.375,False,0.0,-23.375,-26.0,-25.875
test_1823.jpg,d,22.75,False,-23.125,-22.75,-24.75,0.0
test_1824.jpg,a,20.625,False,0.0,-20.625,-22.875,-22.0
test_1825.jpg,c,18.625,False,-18.625,-19.125,0.0,-19.0625
test_1826.jpg,c,19.75,False,-19.75,-25.125,0.0,-25.5
test_1827.jpg,d,8.75,False,-26.250158309936523,-8.750158309936523,-21.375158309936523,-0.00015841660206206143
test_1828.jpg,d,21.5,False,-26.875,-23.375,-21.5,0.0
test_1829.jpg,d,23.6875,False,-23.75,-23.6875,-24.5625,0.0
test_1830.jpg,b,21.125,False,-21.125,0.0,-21.75,-21.125
test_1831.jpg,d,24.375,False,-26.375,-24.375,-25.0,0.0
test_1832.jpg,d,22.5,False,-24.625,-22.5,-23.875,0.0
test_1833.jpg,b,17.0,False,-17.0,0.0,-19.375,-21.625
test_1834.jpg,c,23.5,False,-24.125,-23.5,0.0,-24.25
test_1835.jpg,a,21.125,False,0.0,-21.125,-21.375,-22.75
test_1836.jpg,c,20.375,False,-22.875,-20.375,0.0,-20.375
test_1837.jpg,a,23.5,False,0.0,-23.5,-24.25,-26.8125
test_1838.jpg,c,23.5,False,-23.5,-23.75,0.0,-25.75
test_1839.jpg,d,12.5,False,-27.750003814697266,-22.875003814697266,-12.500003814697266,-3.6954811548639555e-06
test_1840.jpg,a,24.5,False,0.0,-24.5,-26.0625,-27.1875
test_1841.jpg,c,22.875,False,-22.875,-24.9375,0.0,-25.625
test_1842.jpg,a,22.125,False,0.0,-22.125,-23.625,-23.75
test_1843.jpg,d,17.25,False,-24.5,-17.25,-22.625,0.0
test_1844.jpg,a,22.875,False,0.0,-22.875,-26.5,-26.0
test_1845.jpg,b,22.375,False,-22.375,0.0,-26.25,-22.375
test_1846.jpg,c,20.8125,False,-20.8125,-20.9375,0.0,-23.1875
test_1847.jpg,a,22.25,False,0.0,-22.25,-24.375,-25.125
test_1848.jpg,c,21.25,False,-21.75,-21.25,0.0,-23.75
test_1849.jpg,a,18.375,False,0.0,-19.625,-19.0,-18.375
test_1850.jpg,b,21.0,False,-21.0,0.0,-21.125,-21.25
test_1851.jpg,d,20.625,False,-20.875,-20.625,-22.25,0.0
test_1852.jpg,b,18.625,False,-18.625,0.0,-19.75,-19.375
test_1853.jpg,d,25.375,False,-25.375,-26.9375,-30.5625,0.0
test_1854.jpg,a,21.25,False,0.0,-21.25,-25.0625,-23.75
test_1855.jpg,c,16.875,False,-16.875,-19.125,0.0,-18.375
test_1856.jpg,d,21.5,False,-23.75,-22.375,-21.5,0.0
test_1857.jpg,c,19.375,False,-20.875,-20.25,0.0,-19.375
test_1858.jpg,c,20.0,False,-22.0,-20.75,0.0,-20.0
test_1859.jpg,a,22.0,False,0.0,-22.0,-23.625,-23.125
test_1860.jpg,d,16.0,False,-19.375,-18.625,-16.0,-1.1920928244535389e-07
test_1861.jpg,c,20.25,False,-20.25,-20.3125,0.0,-20.25
test_1862.jpg,a,4.75,False,-0.00861463975161314,-4.758614540100098,-19.008615493774414,-16.133615493774414
test_1863.jpg,d,26.0,False,-26.125,-26.0,-29.75,0.0
test_1864.jpg,b,21.0,False,-22.875,0.0,-21.375,-21.0
test_1865.jpg,c,18.8125,False,-18.8125,-20.4375,0.0,-20.0625
test_1866.jpg,d,22.375,False,-23.125,-22.375,-23.0,0.0
test_1867.jpg,c,20.875,False,-22.25,-21.75,0.0,-20.875
test_1868.jpg,d,17.0,False,-24.5,-21.375,-17.0,0.0
test_1869.jpg,b,23.375,False,-23.375,0.0,-26.25,-25.625
test_1870.jpg,c,16.375,False,-16.375,-21.125,-1.1920928244535389e-07,-22.375
test_1871.jpg,d,1.875,True,-11.216536521911621,-11.654036521911621,-10.404035568237305,-0.06653636693954468
test_1872.jpg,b,22.25,False,-23.75,0.0,-24.5,-22.25
test_1873.jpg,c,20.8125,False,-22.875,-21.375,0.0,-20.8125
test_1874.jpg,a,23.375,False,0.0,-23.375,-25.125,-24.5625
test_1875.jpg,d,24.625,False,-24.875,-24.625,-25.375,0.0
test_1876.jpg,b,16.5,False,-17.125,-1.1920928244535389e-07,-17.375,-16.5
test_1877.jpg,d,22.5,False,-22.5,-22.75,-25.4375,0.0
test_1878.jpg,a,18.0,False,0.0,-18.625,-20.25,-18.0
test_1879.jpg,d,1.0,True,-18.531503677368164,-7.269002914428711,-19.044002532958984,-0.39400336146354675
test_1880.jpg,c,20.875,False,-20.875,-21.625,0.0,-21.25
test_1881.jpg,b,23.5,False,-23.5,0.0,-25.625,-26.125
test_1882.jpg,c,19.375,False,-21.375,-19.375,0.0,-19.375
test_1883.jpg,a,21.375,False,0.0,-21.375,-21.5,-22.75
test_1884.jpg,c,19.875,False,-20.1875,-19.875,0.0,-20.4375
test_1885.jpg,d,20.375,False,-20.375,-20.5,-21.125,0.0
test_1886.jpg,b,18.125,False,-18.25,0.0,-19.5,-18.125
test_1887.jpg,c,20.125,False,-20.125,-20.5,0.0,-20.625
test_1888.jpg,b,24.5,False,-27.5,0.0,-24.5,-26.5
test_1889.jpg,a,21.875,False,0.0,-22.5,-21.875,-24.0
test_1890.jpg,d,25.875,False,-26.0,-25.875,-28.4375,0.0
test_1891.jpg,d,23.25,False,-24.0,-23.25,-25.125,0.0
test_1892.jpg,b,25.0,False,-25.0,0.0,-27.625,-26.125
test_1893.jpg,c,18.0,False,-20.0,-18.25,0.0,-18.0
test_1894.jpg,c,17.5,False,-18.125,-17.5,0.0,-19.0
test_1895.jpg,d,26.125,False,-26.5,-26.125,-27.875,0.0
test_1896.jpg,b,23.75,False,-23.75,0.0,-27.25,-25.75
test_1897.jpg,a,21.625,False,0.0,-21.625,-22.0,-23.5
test_1898.jpg,b,24.0,False,-24.0,0.0,-25.25,-25.75
test_1899.jpg,c,19.375,False,-19.5,-19.375,0.0,-21.0
test_1900.jpg,b,5.75,False,-19.628177642822266,-0.0031777145341038704,-19.878177642822266,-5.753177642822266
test_1901.jpg,a,23.5625,False,0.0,-23.5625,-25.25,-25.8125
test_1902.jpg,b,23.125,False,-23.125,0.0,-25.875,-23.75
test_1903.jpg,d,21.125,False,-23.0,-21.125,-22.75,0.0
test_1904.jpg,b,13.75,False,-13.750001907348633,-1.5497195136049413e-06,-14.500001907348633,-20.875001907348633
test_1905.jpg,c,11.625,False,-20.250009536743164,-11.625008583068848,-9.059865078597795e-06,-15.875008583068848
test_1906.jpg,b,14.375,False,-14.375000953674316,-7.152555099310121e-07,-18.875,-15.625000953674316
test_1907.jpg,c,14.75,False,-23.0,-19.0,-3.576278118089249e-07,-14.75
test_1908.jpg,d,8.75,False,-8.750158309936523,-16.250158309936523,-16.250158309936523,-0.0001586549769854173
test_1909.jpg,a,20.5,False,0.0,-20.5,-21.125,-22.875
test_1910.jpg,d,24.125,False,-25.25,-24.125,-25.6875,0.0
test_1911.jpg,c,14.375,False,-15.125000953674316,-15.375000953674316,-1.0728830375228426e-06,-14.375000953674316
test_1912.jpg,d,22.875,False,-24.0,-22.875,-24.5,0.0
test_1913.jpg,d,23.75,False,-23.75,-24.375,-25.875,0.0
test_1914.jpg,b,19.375,False,-19.375,0.0,-21.125,-19.75
test_1915.jpg,a,5.375,False,-0.004629370290786028,-11.629629135131836,-5.379629135131836,-15.379629135131836
test_1916.jpg,d,19.125,False,-28.25,-19.125,-29.625,0.0
test_1917.jpg,b,22.75,False,-22.75,0.0,-25.375,-23.625
test_1918.jpg,c,15.25,False,-15.25,-24.875,-2.3841855067985307e-07,-17.375
test_1919.jpg,a,20.625,False,0.0,-21.0,-20.625,-23.375
test_1920.jpg,a,20.0625,False,0.0,-20.0625,-22.6875,-21.875
test_1921.jpg,c,20.0,False,-24.375,-20.0,0.0,-22.125
test_1922.jpg,c,19.375,False,-19.875,-19.375,0.0,-20.25
test_1923.jpg,d,11.75,False,-22.25000762939453,-11.750007629394531,-22.12500762939453,-7.867782187531702e-06
test_1924.jpg,a,20.5,False,0.0,-20.5,-23.625,-23.5
test_1925.jpg,a,4.0,False,-0.018149960786104202,-4.0181498527526855,-21.643150329589844,-20.018150329589844
test_1926.jpg,b,21.375,False,-24.25,0.0,-23.375,-21.375
test_1927.jpg,b,21.25,False,-22.5,0.0,-21.25,-22.75
test_1928.jpg,d,22.125,False,-23.625,-22.125,-23.25,0.0
test_1929.jpg,b,19.125,False,-19.125,0.0,-25.125,-21.5
test_1930.jpg,c,20.375,False,-22.5,-21.125,0.0,-20.375
test_1931.jpg,a,5.5,False,-0.004123637918382883,-17.37912368774414,-5.504123687744141,-10.00412368774414
test_1932.jpg,d,27.5,False,-28.75,-27.5,-30.625,0.0
test_1933.jpg,a,20.375,False,0.0,-20.375,-23.25,-23.125
test_1934.jpg,d,22.875,False,-22.875,-23.375,-24.75,0.0
test_1935.jpg,d,18.75,False,-20.875,-19.625,-18.75,0.0
test_1936.jpg,d,25.0,False,-25.875,-25.0,-25.25,0.0
test_1937.jpg,c,11.125,False,-19.87502098083496,-11.875021934509277,-2.169585604860913e-05,-11.125021934509277
test_1938.jpg,c,20.0,False,-20.0,-20.5,0.0,-21.0
test_1939.jpg,b,18.625,False,-18.625,0.0,-20.875,-19.75
test_1940.jpg,c,12.875,False,-12.87500286102295,-23.125001907348633,-2.50339189733495e-06,-24.250001907348633
test_1941.jpg,a,20.0,False,0.0,-20.0,-20.375,-21.6875
test_1942.jpg,c,15.125,False,-19.5,-15.75,-3.576278118089249e-07,-15.125
test_1943.jpg,d,24.375,False,-24.375,-24.875,-25.875,0.0
test_1944.jpg,b,20.875,False,-22.125,0.0,-21.125,-20.875
test_1945.jpg,a,17.375,False,0.0,-18.875,-20.375,-17.375
test_1946.jpg,c,21.75,False,-22.25,-21.75,0.0,-22.375
test_1947.jpg,c,19.875,False,-22.25,-19.875,0.0,-20.0
test_1948.jpg,c,18.25,False,-18.25,-20.25,0.0,-20.875
test_1949.jpg,c,20.375,False,-21.875,-21.0,0.0,-20.375
test_1950.jpg,d,0.875,True,-11.854596138000488,-11.042096138000488,-7.542096138000488,-0.3670966327190399
test_1951.jpg,d,23.125,False,-25.0,-23.125,-24.625,0.0
test_1952.jpg,c,12.75,False,-15.750003814697266,-12.750003814697266,-3.576272320060525e-06,-14.625003814697266
test_1953.jpg,c,20.375,False,-20.375,-20.375,0.0,-21.875
test_1954.jpg,a,22.8125,False,0.0,-22.8125,-24.8125,-26.5625
test_1955.jpg,c,18.0,False,-18.625,-18.0,0.0,-18.0
test_1956.jpg,d,22.625,False,-22.875,-22.625,-23.4375,0.0
test_1957.jpg,d,20.25,False,-21.125,-20.25,-22.75,0.0
test_1958.jpg,c,14.0,False,-14.000000953674316,-21.625,-8.344646857949556e-07,-21.125
test_1959.jpg,d,26.5,False,-27.0,-26.5,-28.625,0.0
test_1960.jpg,d,22.75,False,-25.125,-22.75,-22.75,0.0
test_1961.jpg,b,24.0,False,-24.0,0.0,-24.75,-25.0
test_1962.jpg,a,17.5,False,0.0,-18.375,-17.75,-17.5
test_1963.jpg,b,23.0,False,-23.0,0.0,-23.25,-25.625
test_1964.jpg,b,2.0,True,-22.000577926635742,-0.03807883337140083,-10.700579643249512,-19.250579833984375
test_1965.jpg,b,8.75,False,-20.875158309936523,-0.00015841660206206143,-17.625158309936523,-8.750158309936523
test_1966.jpg,d,25.25,False,-28.875,-25.25,-27.875,0.0
test_1967.jpg,d,23.9375,False,-23.9375,-24.5,-27.8125,0.0
test_1968.jpg,b,18.0,False,-19.125,0.0,-18.875,-18.0
test_1969.jpg,b,21.875,False,-23.5,0.0,-21.875,-22.0
test_1970.jpg,d,23.75,False,-23.75,-24.0,-26.25,0.0
test_1971.jpg,a,21.8125,False,0.0,-21.8125,-24.0,-23.75
test_1972.jpg,a,14.625,False,-4.768370445162873e-07,-23.25,-14.625,-23.625
test_1973.jpg,d,25.875,False,-27.375,-25.875,-27.75,0.0
test_1974.jpg,a,20.625,False,0.0,-20.625,-21.875,-21.375
test_1975.jpg,a,21.875,False,0.0,-21.875,-23.6875,-23.5625
test_1976.jpg,a,21.9375,False,0.0,-21.9375,-24.125,-24.5
test_1977.jpg,c,24.5,False,-26.375,-24.5,0.0,-25.5
test_1978.jpg,c,12.0,False,-14.875008583068848,-13.125008583068848,-8.583032467868179e-06,-12.000008583068848
test_1979.jpg,a,21.5,False,0.0,-21.5,-21.75,-22.125
test_1980.jpg,a,16.25,False,-1.1920928244535389e-07,-17.125,-16.25,-18.25
test_1981.jpg,d,23.125,False,-23.625,-23.125,-26.25,0.0
test_1982.jpg,c,20.25,False,-21.375,-20.25,0.0,-22.0
test_1983.jpg,d,23.0,False,-23.25,-23.0,-25.3125,0.0
test_1984.jpg,d,25.375,False,-26.375,-25.375,-27.75,0.0
test_1985.jpg,c,20.5,False,-21.75,-20.875,0.0,-20.5
test_1986.jpg,c,21.0,False,-22.5,-21.0,0.0,-22.375
test_1987.jpg,b,24.875,False,-24.875,0.0,-25.0,-25.75
test_1988.jpg,d,22.0625,False,-22.0625,-23.5,-25.375,0.0
test_1989.jpg,b,22.25,False,-22.25,0.0,-23.25,-23.5
test_1990.jpg,a,12.25,False,-4.768360213347478e-06,-12.250004768371582,-17.125003814697266,-17.750003814697266
test_1991.jpg,a,18.125,False,0.0,-18.875,-18.125,-22.125
test_1992.jpg,a,5.75,False,-0.003177833277732134,-17.003177642822266,-5.753177642822266,-16.253177642822266
test_1993.jpg,d,21.6875,False,-21.6875,-22.5,-25.75,0.0
test_1994.jpg,c,21.5,False,-21.875,-21.5,0.0,-22.625
test_1995.jpg,b,20.25,False,-20.25,0.0,-23.5,-21.875
test_1996.jpg,d,24.125,False,-24.125,-24.75,-24.875,0.0
test_1997.jpg,b,20.25,False,-20.25,0.0,-21.875,-21.0
test_1998.jpg,b,15.875,False,-17.875,-1.1920928244535389e-07,-15.875,-18.875
test_1999.jpg,a,21.375,False,0.0,-21.375,-22.25,-22.875
test_2000.jpg,d,26.625,False,-27.5,-26.625,-27.125,0.0
test_2001.jpg,a,22.6875,False,0.0,-22.6875,-23.8125,-22.875
test_2002.jpg,c,2.25,False,-2.3502159118652344,-12.975215911865234,-0.10021596401929855,-11.850215911865234
test_2003.jpg,c,11.0,False,-21.87502098083496,-11.000020980834961,-2.1457441107486375e-05,-12.250020980834961
test_2004.jpg,d,26.0,False,-27.25,-26.0,-28.0,0.0
test_2005.jpg,b,20.125,False,-20.375,0.0,-20.125,-21.75
test_2006.jpg,a,23.8125,False,0.0,-23.8125,-25.25,-26.0625
test_2007.jpg,a,22.0625,False,0.0,-22.0625,-24.625,-23.8125
test_2008.jpg,b,21.375,False,-23.0,0.0,-21.375,-22.25
test_2009.jpg,d,23.125,False,-25.125,-23.125,-23.5,0.0
test_2010.jpg,a,17.125,False,0.0,-17.125,-21.25,-21.25
test_2011.jpg,d,23.125,False,-26.625,-23.125,-23.75,0.0
test_2012.jpg,c,20.125,False,-22.25,-21.0,0.0,-20.125
test_2013.jpg,b,21.0,False,-21.0,0.0,-23.0,-22.125
test_2014.jpg,b,22.25,False,-22.25,0.0,-24.25,-22.375
test_2015.jpg,d,24.625,False,-24.625,-24.625,-27.0,0.0
test_2016.jpg,c,22.25,False,-22.375,-22.25,0.0,-22.875
test_2017.jpg,d,22.375,False,-22.8125,-22.375,-26.125,0.0
test_2018.jpg,a,21.5,False,0.0,-22.0,-22.375,-21.5
test_2019.jpg,b,18.25,False,-22.125,0.0,-21.125,-18.25
test_2020.jpg,c,23.75,False,-25.875,-24.5,0.0,-23.75
test_2021.jpg,c,22.75,False,-23.75,-22.75,0.0,-25.5
test_2022.jpg,a,23.375,False,0.0,-23.375,-24.25,-25.625
test_2023.jpg,d,24.0,False,-24.25,-24.0,-25.4375,0.0
test_2024.jpg,c,11.5,False,-24.750009536743164,-22.875009536743164,-1.0132738680113107e-05,-11.50001049041748
test_2025.jpg,a,23.75,False,0.0,-23.75,-24.75,-26.125
test_2026.jpg,d,25.5,False,-26.5,-25.5,-28.375,0.0
test_2027.jpg,c,9.875,False,-19.875051498413086,-17.875051498413086,-5.149708886165172e-05,-9.875051498413086
test_2028.jpg,b,23.25,False,-23.25,0.0,-26.25,-24.875
test_2029.jpg,a,21.75,False,0.0,-21.75,-26.0625,-24.375
test_2030.jpg,b,21.5,False,-21.5,0.0,-23.9375,-23.375
test_2031.jpg,a,22.0,False,0.0,-22.0,-23.5,-23.25
test_2032.jpg,d,17.375,False,-23.25,-18.375,-17.375,0.0
test_2033.jpg,b,19.375,False,-20.625,0.0,-19.875,-19.375
test_2034.jpg,c,22.0,False,-22.25,-22.0,0.0,-22.25
test_2035.jpg,b,7.5,False,-7.500553131103516,-0.0005529781919904053,-17.625553131103516,-19.625553131103516
test_2036.jpg,b,22.5,False,-22.5,0.0,-27.125,-23.125
test_2037.jpg,a,20.875,False,0.0,-20.875,-21.125,-21.875
test_2038.jpg,d,26.0,False,-28.125,-26.0,-27.5,0.0
test_2039.jpg,b,24.5,False,-24.5,0.0,-25.375,-24.75
test_2040.jpg,b,25.25,False,-25.25,0.0,-26.0,-25.375
test_2041.jpg,a,20.375,False,0.0,-20.375,-22.0,-22.125
test_2042.jpg,d,21.0,False,-24.0,-21.0,-23.5,0.0
test_2043.jpg,c,21.875,False,-22.75,-22.25,0.0,-21.875
test_2044.jpg,c,16.625,False,-21.125,-16.625,-1.1920928244535389e-07,-18.625
test_2045.jpg,b,6.375,False,-6.377872467041016,-0.002872628625482321,-13.002872467041016,-6.752872467041016
test_2046.jpg,a,18.0,False,0.0,-19.25,-20.0,-18.0
test_2047.jpg,a,12.25,False,-9.417489309271332e-06,-12.375009536743164,-14.500009536743164,-12.250009536743164
test_2048.jpg,b,19.75,False,-19.75,0.0,-21.625,-22.125
test_2049.jpg,d,13.0,False,-13.000001907348633,-21.625001907348633,-22.875001907348633,-2.264974000354414e-06
test_2050.jpg,c,22.75,False,-22.75,-23.25,0.0,-24.5
test_2051.jpg,b,16.5,False,-19.75,-1.1920928244535389e-07,-18.5,-16.5
test_2052.jpg,d,25.625,False,-25.75,-25.625,-29.0,0.0
test_2053.jpg,c,23.25,False,-23.25,-23.375,0.0,-24.75
test_2054.jpg,c,22.25,False,-22.25,-23.625,0.0,-25.5
test_2055.jpg,c,22.0,False,-22.125,-22.0,0.0,-25.8125
test_2056.jpg,b,14.75,False,-14.75,-3.576278118089249e-07,-18.25,-18.25
test_2057.jpg,a,21.0,False,0.0,-21.0,-24.75,-23.75
test_2058.jpg,c,16.375,False,-17.375,-16.375,-1.1920928244535389e-07,-17.25
test_2059.jpg,d,22.875,False,-26.375,-22.875,-25.0,0.0
test_2060.jpg,b,22.5,False,-22.5,0.0,-24.5,-23.0
test_2061.jpg,c,21.375,False,-21.375,-21.375,0.0,-22.625
test_2062.jpg,c,22.0,False,-22.0,-23.5,0.0,-23.625
test_2063.jpg,d,23.5,False,-25.25,-23.5,-26.25,0.0
test_2064.jpg,d,7.875,False,-20.75037956237793,-7.875380039215088,-22.50037956237793,-0.0003800861886702478
test_2065.jpg,c,1.5,True,-9.42292594909668,-13.77292537689209,-0.5104265213012695,-15.560426712036133
test_2066.jpg,a,20.0,False,0.0,-20.0,-20.625,-20.0
test_2067.jpg,d,25.25,False,-25.5,-25.25,-27.625,0.0
test_2068.jpg,c,20.625,False,-22.125,-21.625,0.0,-20.625
test_2069.jpg,d,26.625,False,-27.0,-26.625,-28.25,0.0
test_2070.jpg,d,23.25,False,-24.375,-23.25,-26.0,0.0
test_2071.jpg,a,19.125,False,0.0,-19.125,-20.625,-19.625
test_2072.jpg,b,23.75,False,-23.75,0.0,-24.125,-24.625
test_2073.jpg,b,5.75,False,-21.253177642822266,-0.0031777145341038704,-20.378177642822266,-5.753177642822266
test_2074.jpg,a,22.75,False,0.0,-22.75,-24.4375,-25.375
test_2075.jpg,b,16.625,False,-16.625,-1.1920928244535389e-07,-19.625,-20.125
test_2076.jpg,d,25.875,False,-27.75,-25.875,-29.125,0.0
test_2077.jpg,a,17.125,False,0.0,-17.125,-18.75,-19.625
test_2078.jpg,d,25.625,False,-28.875,-25.625,-26.5,0.0
test_2079.jpg,b,20.625,False,-20.625,0.0,-23.125,-20.75
test_2080.jpg,b,19.75,False,-19.75,0.0,-24.125,-21.125
test_2081.jpg,a,22.6875,False,0.0,-22.6875,-25.0,-24.375
test_2082.jpg,d,21.75,False,-27.0,-24.25,-21.75,0.0
test_2083.jpg,b,17.125,False,-19.125,0.0,-19.0,-17.125
test_2084.jpg,b,20.875,False,-24.375,0.0,-20.875,-24.125
test_2085.jpg,c,21.75,False,-22.125,-21.75,0.0,-22.625
test_2086.jpg,d,21.75,False,-22.75,-21.75,-22.625,0.0
test_2087.jpg,d,25.0,False,-25.0,-25.75,-28.25,0.0
test_2088.jpg,c,18.375,False,-19.0,-18.375,0.0,-20.125
test_2089.jpg,d,19.9375,False,-19.9375,-22.0,-24.0625,0.0
test_2090.jpg,b,21.75,False,-21.75,0.0,-22.875,-26.5
test_2091.jpg,d,22.75,False,-26.25,-25.0,-22.75,0.0
test_2092.jpg,c,21.75,False,-23.75,-22.75,0.0,-21.75
test_2093.jpg,c,20.375,False,-22.5,-20.375,0.0,-21.875
test_2094.jpg,d,23.5,False,-23.5,-23.75,-25.75,0.0
test_2095.jpg,a,21.75,False,0.0,-21.75,-25.1875,-24.125
test_2096.jpg,c,22.125,False,-23.125,-22.125,0.0,-24.125
test_2097.jpg,a,19.125,False,0.0,-19.125,-21.0,-21.0
test_2098.jpg,a,18.625,False,0.0,-18.625,-20.0,-19.625
test_2099.jpg,d,0.25,True,-18.68528175354004,-11.022781372070312,-17.635282516479492,-0.24778242409229279
test_2100.jpg,c,20.25,False,-21.125,-20.625,0.0,-20.25
test_2101.jpg,d,24.75,False,-26.625,-24.75,-26.375,0.0
test_2102.jpg,a,21.75,False,0.0,-21.75,-22.6875,-23.1875
test_2103.jpg,a,20.875,False,0.0,-20.875,-23.125,-24.0
test_2104.jpg,d,20.9375,False,-20.9375,-22.5625,-23.75,0.0
test_2105.jpg,d,22.125,False,-22.375,-22.125,-25.375,0.0
test_2106.jpg,d,25.5,False,-25.875,-25.5,-28.875,0.0
test_2107.jpg,d,21.25,False,-21.25,-21.625,-22.625,0.0
test_2108.jpg,b,21.875,False,-22.875,0.0,-24.0,-21.875
test_2109.jpg,c,18.875,False,-24.0,-22.5,0.0,-18.875
test_2110.jpg,a,19.75,False,0.0,-19.75,-23.0625,-21.5
test_2111.jpg,a,19.875,False,0.0,-19.875,-20.5,-21.875
test_2112.jpg,d,19.5,False,-23.5,-19.5,-20.625,0.0
test_2113.jpg,b,15.625,False,-20.5,-1.1920928244535389e-07,-15.625,-18.625
test_2114.jpg,d,23.75,False,-23.75,-23.875,-23.75,0.0
test_2115.jpg,a,19.625,False,0.0,-19.625,-21.5,-21.875
test_2116.jpg,c,21.375,False,-22.0,-21.375,0.0,-24.8125
test_2117.jpg,a,23.0,False,0.0,-23.0,-26.125,-24.4375
test_2118.jpg,c,23.5,False,-27.5,-24.25,0.0,-23.5
test_2119.jpg,c,18.5,False,-19.625,-18.5,0.0,-24.25
test_2120.jpg,b,18.5625,False,-18.5625,0.0,-20.75,-20.4375
test_2121.jpg,a,24.375,False,0.0,-24.375,-25.9375,-26.75
test_2122.jpg,d,24.0,False,-26.25,-24.0,-27.5,0.0
test_2123.jpg,c,21.75,False,-24.0,-22.625,0.0,-21.75
test_2124.jpg,c,23.375,False,-24.875,-23.625,0.0,-23.375
test_2125.jpg,c,20.875,False,-22.25,-20.875,0.0,-22.125
test_2126.jpg,c,8.125,False,-8.125504493713379,-12.250504493713379,-0.0005042473785579205,-8.500504493713379
test_2127.jpg,b,18.0,False,-18.0,0.0,-20.5,-20.0
test_2128.jpg,d,27.0,False,-27.25,-27.0,-27.625,0.0
test_2129.jpg,c,21.5,False,-22.75,-22.5,0.0,-21.5
test_2130.jpg,d,22.875,False,-24.25,-22.875,-24.125,0.0
test_2131.jpg,d,24.625,False,-24.75,-24.625,-27.375,0.0
test_2132.jpg,b,22.125,False,-23.875,0.0,-22.625,-22.125
test_2133.jpg,d,20.3125,False,-20.3125,-23.25,-24.71875,0.0
test_2134.jpg,b,22.125,False,-22.125,0.0,-23.375,-23.125
test_2135.jpg,c,21.375,False,-23.875,-22.375,0.0,-21.375
test_2136.jpg,d,23.875,False,-23.875,-23.875,-26.25,0.0
test_2137.jpg,a,21.875,False,0.0,-21.875,-23.0,-24.5
test_2138.jpg,a,20.875,False,0.0,-20.875,-23.875,-23.625
test_2139.jpg,d,25.0,False,-25.5,-25.0,-25.75,0.0
test_2140.jpg,d,3.75,False,-3.7738606929779053,-7.398860931396484,-12.648860931396484,-0.023860802873969078
test_2141.jpg,d,25.75,False,-27.5,-25.75,-28.75,0.0
test_2142.jpg,c,22.75,False,-26.25,-24.875,0.0,-22.75
test_2143.jpg,b,21.0,False,-21.0,0.0,-22.125,-21.375
test_2144.jpg,c,23.25,False,-23.25,-23.25,0.0,-24.25
test_2145.jpg,c,22.125,False,-23.875,-22.125,0.0,-24.625
test_2146.jpg,d,23.0,False,-24.875,-23.0,-23.75,0.0
test_2147.jpg,b,20.625,False,-22.75,0.0,-25.0,-20.625
test_2148.jpg,a,18.625,False,0.0,-18.875,-18.875,-18.625
test_2149.jpg,d,25.125,False,-26.375,-25.125,-26.5,0.0
test_2150.jpg,d,21.0,False,-23.75,-21.0,-23.0,0.0
test_2151.jpg,d,16.0,False,-24.375,-16.0,-22.875,-1.1920928244535389e-07
test_2152.jpg,b,0.0,True,-18.180646896362305,-0.6931472420692444,-0.6931472420692444,-16.84314727783203
test_2153.jpg,c,21.8125,False,-21.8125,-22.3125,0.0,-22.3125
test_2154.jpg,b,24.875,False,-24.875,0.0,-27.75,-25.5
test_2155.jpg,b,22.375,False,-22.375,0.0,-23.875,-24.125
test_2156.jpg,d,25.125,False,-25.125,-25.125,-26.375,0.0
test_2157.jpg,d,21.75,False,-24.625,-21.75,-23.125,0.0
test_2158.jpg,c,19.5,False,-21.5,-20.5,0.0,-19.5
test_2159.jpg,b,18.125,False,-20.375,0.0,-18.125,-20.125
test_2160.jpg,c,12.0,False,-25.5000057220459,-25.2500057220459,-6.198863957251888e-06,-12.000005722045898
test_2161.jpg,b,16.0,False,-16.0,-1.1920928244535389e-07,-21.75,-19.25
test_2162.jpg,a,19.0,False,0.0,-19.625,-19.0,-19.625
test_2163.jpg,c,23.9375,False,-23.9375,-23.9375,0.0,-24.625
test_2164.jpg,d,25.25,False,-26.5,-25.25,-26.75,0.0
test_2165.jpg,c,22.25,False,-22.3125,-22.25,0.0,-23.5625
test_2166.jpg,c,2.25,False,-18.35020637512207,-17.97520637512207,-0.10020658373832703,-2.3502066135406494
test_2167.jpg,d,3.25,False,-24.163042068481445,-19.788042068481445,-3.288041353225708,-0.03804141283035278
test_2168.jpg,d,21.625,False,-21.625,-23.5,-22.625,0.0
test_2169.jpg,d,24.75,False,-27.375,-24.75,-25.625,0.0
test_2170.jpg,a,21.875,False,0.0,-21.875,-24.625,-24.25
test_2171.jpg,c,8.625,False,-8.625179290771484,-19.375179290771484,-0.00017951308109331876,-17.500179290771484
test_2172.jpg,b,20.25,False,-24.5,0.0,-21.375,-20.25
test_2173.jpg,c,21.25,False,-22.0625,-21.25,0.0,-23.0625
test_2174.jpg,a,8.0,False,-0.00033539868309162557,-21.500335693359375,-8.000335693359375,-21.875335693359375
test_2175.jpg,d,21.25,False,-24.0,-21.25,-21.375,0.0
test_2176.jpg,d,24.875,False,-26.625,-24.875,-27.125,0.0
test_2177.jpg,d,21.75,False,-22.375,-21.75,-22.0,0.0
test_2178.jpg,a,22.875,False,0.0,-22.875,-24.625,-25.625
test_2179.jpg,c,20.625,False,-25.625,-23.75,0.0,-20.625
test_2180.jpg,a,21.25,False,0.0,-21.25,-22.75,-23.125
test_2181.jpg,d,25.375,False,-27.0,-25.375,-26.5,0.0
test_2182.jpg,b,20.625,False,-20.625,0.0,-21.75,-21.375
test_2183.jpg,d,23.625,False,-24.875,-23.625,-26.875,0.0
test_2184.jpg,c,21.75,False,-21.75,-21.875,0.0,-23.125
test_2185.jpg,c,17.0,False,-17.0,-17.375,-1.1920928244535389e-07,-17.125
test_2186.jpg,b,22.25,False,-22.25,0.0,-26.125,-23.625
test_2187.jpg,c,20.875,False,-22.1875,-20.875,0.0,-22.4375
test_2188.jpg,a,24.5,False,0.0,-24.5,-25.0,-26.0
test_2189.jpg,b,21.75,False,-21.75,0.0,-23.5,-24.125
test_2190.jpg,d,5.75,False,-17.878177642822266,-15.378177642822266,-5.753178119659424,-0.003177952254191041
test_2191.jpg,a,20.375,False,0.0,-20.375,-24.75,-23.0
test_2192.jpg,b,16.625,False,-18.0,-1.1920928244535389e-07,-16.625,-19.0
test_2193.jpg,b,4.375,False,-15.6375093460083,-0.012509807012975216,-4.387509822845459,-16.387510299682617
test_2194.jpg,c,21.125,False,-21.375,-21.125,0.0,-21.625
test_2195.jpg,c,21.875,False,-21.875,-22.125,0.0,-22.375
test_2196.jpg,c,22.375,False,-22.375,-23.3125,0.0,-25.3125
test_2197.jpg,b,22.25,False,-22.75,0.0,-23.375,-22.25
test_2198.jpg,a,24.4375,False,0.0,-24.4375,-26.4375,-25.625
test_2199.jpg,c,20.3125,False,-20.3125,-20.75,0.0,-20.75
test_2200.jpg,c,22.375,False,-22.375,-23.75,0.0,-24.4375
test_2201.jpg,d,21.375,False,-21.375,-24.5,-28.125,0.0
test_2202.jpg,d,20.875,False,-22.25,-20.875,-23.125,0.0
test_2203.jpg,b,22.0,False,-22.0,0.0,-25.875,-24.25
test_2204.jpg,d,22.375,False,-22.375,-23.25,-26.8125,0.0
test_2205.jpg,b,12.0,False,-12.000005722045898,-6.198863957251888e-06,-18.1250057220459,-19.2500057220459
test_2206.jpg,a,25.625,False,0.0,-25.625,-26.625,-27.5
test_2207.jpg,d,25.5,False,-27.0,-25.5,-26.9375,0.0
test_2208.jpg,a,21.75,False,0.0,-21.75,-22.5,-23.375
test_2209.jpg,d,23.875,False,-26.625,-23.875,-24.875,0.0
test_2210.jpg,b,5.25,False,-6.1325297355651855,-0.007529924623668194,-5.2575297355651855,-9.007530212402344
test_2211.jpg,b,23.625,False,-23.625,0.0,-25.25,-25.125
test_2212.jpg,a,15.375,False,-2.3841855067985307e-07,-18.0,-17.875,-15.375
test_2213.jpg,b,17.25,False,-26.25,0.0,-17.25,-20.875
test_2214.jpg,b,25.0,False,-25.0,0.0,-28.0,-26.75
test_2215.jpg,c,7.0,False,-22.625911712646484,-7.000911235809326,-0.0009114163694903255,-20.375911712646484
test_2216.jpg,a,22.875,False,0.0,-23.75,-22.875,-23.875
test_2217.jpg,d,25.5,False,-27.375,-25.5,-28.25,0.0
test_2218.jpg,d,24.875,False,-27.125,-24.875,-25.5,0.0
test_2219.jpg,c,21.5,False,-22.625,-21.5,0.0,-22.625
test_2220.jpg,b,17.125,False,-17.125,0.0,-17.375,-17.5
test_2221.jpg,a,10.75,False,-2.1457441107486375e-05,-10.750020980834961,-20.75002098083496,-20.75002098083496
test_2222.jpg,c,19.125,False,-20.75,-19.125,0.0,-19.125
test_2223.jpg,a,22.375,False,0.0,-22.375,-26.09375,-25.25
test_2224.jpg,a,21.75,False,0.0,-21.75,-23.625,-23.1875
test_2225.jpg,c,20.625,False,-22.5,-21.75,0.0,-20.625
test_2226.jpg,d,24.5,False,-25.375,-24.5,-26.125,0.0
test_2227.jpg,a,17.875,False,0.0,-17.875,-20.5,-19.625
test_2228.jpg,b,23.125,False,-23.125,0.0,-25.125,-24.125
test_2229.jpg,c,21.875,False,-22.125,-22.625,0.0,-21.875
test_2230.jpg,b,18.625,False,-21.375,0.0,-18.625,-22.125
test_2231.jpg,d,24.5,False,-24.875,-24.5,-28.25,0.0
test_2232.jpg,c,8.0,False,-23.875335693359375,-8.000335693359375,-0.00033539868309162557,-19.375335693359375
test_2233.jpg,d,25.875,False,-27.625,-25.875,-27.75,0.0
test_2234.jpg,b,17.75,False,-17.75,0.0,-21.8125,-20.3125
test_2235.jpg,d,22.875,False,-24.625,-22.875,-23.75,0.0
test_2236.jpg,d,21.5,False,-23.75,-24.125,-21.5,0.0
test_2237.jpg,d,18.125,False,-23.625,-18.125,-22.0,0.0
test_2238.jpg,a,21.25,False,0.0,-21.75,-21.25,-24.25
test_2239.jpg,a,21.125,False,0.0,-21.125,-21.125,-21.25
test_2240.jpg,d,21.5,False,-22.5,-21.5,-22.375,0.0
test_2241.jpg,d,1.0,True,-14.093978881835938,-19.36897850036621,-23.843978881835938,-0.3939785659313202
test_2242.jpg,a,16.125,False,-1.1920928244535389e-07,-16.125,-17.375,-18.25
test_2243.jpg,b,19.125,False,-21.0,0.0,-20.75,-19.125
test_2244.jpg,b,19.0,False,-23.375,0.0,-19.0,-20.0
test_2245.jpg,d,20.125,False,-25.25,-22.625,-20.125,0.0
test_2246.jpg,c,20.75,False,-21.1875,-20.75,0.0,-21.4375
test_2247.jpg,a,19.75,False,0.0,-19.75,-20.25,-21.5
test_2248.jpg,c,19.125,False,-19.125,-24.375,0.0,-25.875
test_2249.jpg,c,5.75,False,-5.753179550170898,-16.0031795501709,-0.0031793781090527773,-13.378179550170898
test_2250.jpg,d,21.625,False,-24.875,-21.625,-23.0,0.0
test_2251.jpg,b,22.75,False,-23.5,0.0,-22.75,-23.625
test_2252.jpg,a,22.375,False,0.0,-22.375,-24.8125,-24.6875
test_2253.jpg,c,23.5,False,-24.125,-24.25,0.0,-23.5
test_2254.jpg,c,21.75,False,-23.75,-21.75,0.0,-22.125
test_2255.jpg,d,5.375,False,-15.504621505737305,-13.629621505737305,-5.379621505737305,-0.00462165754288435
test_2256.jpg,b,20.75,False,-20.75,0.0,-25.8125,-23.875
test_2257.jpg,a,22.625,False,0.0,-22.625,-24.8125,-24.875
test_2258.jpg,c,20.875,False,-21.125,-20.875,0.0,-21.75
test_2259.jpg,d,23.125,False,-24.0,-23.125,-24.875,0.0
test_2260.jpg,b,22.5,False,-22.5,0.0,-27.625,-24.0
test_2261.jpg,a,3.0,False,-0.048587895929813385,-3.0485877990722656,-14.298587799072266,-18.173587799072266
test_2262.jpg,c,22.0,False,-22.0,-22.125,0.0,-22.5
test_2263.jpg,a,19.125,False,0.0,-19.125,-20.875,-21.125
test_2264.jpg,c,20.625,False,-23.375,-22.25,0.0,-20.625
test_2265.jpg,d,23.25,False,-28.375,-23.25,-24.25,0.0
test_2266.jpg,d,22.625,False,-25.875,-23.25,-22.625,0.0
test_2267.jpg,d,23.0625,False,-23.0625,-23.9375,-25.8125,0.0
test_2268.jpg,d,22.5,False,-23.75,-23.125,-22.5,0.0
test_2269.jpg,d,23.875,False,-24.5,-23.875,-26.125,0.0
test_2270.jpg,a,18.125,False,0.0,-18.125,-21.0,-18.75
test_2271.jpg,a,22.6875,False,0.0,-22.6875,-25.125,-26.0625
test_2272.jpg,d,25.0,False,-27.625,-25.0,-27.125,0.0
test_2273.jpg,b,0.5,True,-5.393151760101318,-4.780651569366455,-10.880651473999023,-16.830650329589844
test_2274.jpg,a,21.625,False,0.0,-21.625,-22.75,-23.25
test_2275.jpg,c,23.625,False,-24.25,-23.75,0.0,-23.625
test_2276.jpg,b,22.25,False,-22.25,0.0,-25.5,-24.0
test_2277.jpg,a,22.125,False,0.0,-22.125,-24.125,-24.75
test_2278.jpg,c,19.625,False,-21.25,-19.625,0.0,-21.875
test_2279.jpg,a,22.3125,False,0.0,-22.3125,-25.0625,-25.1875
test_2280.jpg,a,7.125,False,-0.0008049347088672221,-14.750804901123047,-7.125804901123047,-15.875804901123047
test_2281.jpg,a,23.125,False,0.0,-23.125,-27.25,-23.125
test_2282.jpg,c,21.75,False,-22.875,-21.75,0.0,-24.375
test_2283.jpg,c,20.75,False,-22.4375,-23.0,0.0,-20.75
test_2284.jpg,b,21.0,False,-21.0,0.0,-23.875,-23.375
test_2285.jpg,d,20.625,False,-22.375,-20.625,-22.25,0.0
test_2286.jpg,c,19.875,False,-22.5,-20.5,0.0,-19.875
test_2287.jpg,c,5.0,False,-5.006715297698975,-18.506715774536133,-0.006715348921716213,-21.006715774536133
test_2288.jpg,c,20.625,False,-23.375,-22.5,0.0,-20.625
test_2289.jpg,c,18.5,False,-18.75,-18.5,0.0,-22.875
test_2290.jpg,a,2.75,False,-0.061968062072992325,-14.561967849731445,-18.561967849731445,-2.8119680881500244
test_2291.jpg,b,20.5,False,-22.625,0.0,-20.5,-20.5
test_2292.jpg,c,23.625,False,-24.25,-24.125,0.0,-23.625
test_2293.jpg,c,21.375,False,-21.375,-22.0,0.0,-23.1875
test_2294.jpg,c,23.75,False,-25.25,-23.75,0.0,-25.125
test_2295.jpg,a,16.375,False,-1.1920928244535389e-07,-18.125,-16.375,-18.625
test_2296.jpg,c,19.875,False,-19.875,-20.375,0.0,-20.875
test_2297.jpg,a,14.5,False,-4.768370445162873e-07,-14.5,-17.375,-18.25
test_2298.jpg,a,19.375,False,0.0,-19.375,-19.75,-21.5
test_2299.jpg,d,24.5,False,-24.625,-24.5,-27.125,0.0
test_2300.jpg,c,22.875,False,-23.375,-22.875,0.0,-23.875
test_2301.jpg,b,21.5,False,-21.5,0.0,-22.75,-23.375
test_2302.jpg,a,25.5,False,0.0,-25.5,-27.125,-27.125
test_2303.jpg,d,14.625,False,-21.0,-14.625,-17.625,-4.768370445162873e-07
test_2304.jpg,b,22.625,False,-22.625,0.0,-26.6875,-25.1875
test_2305.jpg,b,23.0,False,-23.875,0.0,-23.0,-24.0
test_2306.jpg,a,7.5,False,-0.0005529781919904053,-19.250553131103516,-7.500553131103516,-20.625553131103516
test_2307.jpg,a,23.125,False,0.0,-23.125,-25.0,-23.625
test_2308.jpg,b,8.5,False,-19.87520408630371,-0.00020346954988781363,-8.500203132629395,-20.87520408630371
test_2309.jpg,d,20.375,False,-25.625,-21.125,-20.375,0.0
test_2310.jpg,b,8.25,False,-17.750261306762695,-0.00026127262390218675,-8.250261306762695,-17.000261306762695
test_2311.jpg,b,20.875,False,-20.875,0.0,-23.375,-23.0
test_2312.jpg,a,21.0,False,0.0,-21.0,-21.25,-22.25
test_2313.jpg,a,20.6875,False,0.0,-20.6875,-24.375,-22.375
test_2314.jpg,c,18.875,False,-20.125,-18.875,0.0,-21.625
test_2315.jpg,a,20.75,False,0.0,-20.75,-23.375,-24.75
test_2316.jpg,c,22.625,False,-23.625,-22.625,0.0,-22.625
test_2317.jpg,d,21.625,False,-23.25,-21.625,-22.875,0.0
test_2318.jpg,b,7.5,False,-21.250553131103516,-0.0005529781919904053,-19.625553131103516,-7.500553131103516
test_2319.jpg,d,23.75,False,-25.625,-23.75,-26.25,0.0
test_2320.jpg,c,20.75,False,-21.875,-20.75,0.0,-23.125
test_2321.jpg,b,20.0,False,-22.125,0.0,-21.25,-20.0
test_2322.jpg,d,23.25,False,-25.5,-23.25,-25.25,0.0
test_2323.jpg,c,21.875,False,-22.0,-22.25,0.0,-21.875
test_2324.jpg,a,23.25,False,0.0,-23.25,-24.875,-26.125
test_2325.jpg,d,22.25,False,-24.75,-22.25,-23.875,0.0
test_2326.jpg,d,21.125,False,-29.0,-21.125,-29.875,0.0
test_2327.jpg,d,24.875,False,-26.875,-24.875,-26.0,0.0
test_2328.jpg,b,2.25,False,-13.725391387939453,-0.10039173066616058,-2.3503916263580322,-8.600391387939453
test_2329.jpg,d,25.125,False,-27.125,-25.125,-27.5,0.0
test_2330.jpg,b,15.25,False,-23.0,-2.3841855067985307e-07,-22.375,-15.25
test_2331.jpg,d,22.75,False,-24.5,-23.0,-22.75,0.0
test_2332.jpg,c,19.625,False,-20.0,-19.625,0.0,-22.5
test_2333.jpg,b,23.25,False,-24.375,0.0,-29.625,-23.25
test_2334.jpg,c,20.75,False,-21.75,-20.75,0.0,-23.375
test_2335.jpg,b,20.125,False,-20.5,0.0,-21.125,-20.125
test_2336.jpg,b,21.125,False,-22.25,0.0,-21.25,-21.125
test_2337.jpg,b,17.25,False,-22.25,0.0,-17.25,-23.25
test_2338.jpg,a,21.0,False,0.0,-21.0,-21.6875,-21.5625
test_2339.jpg,c,22.75,False,-23.25,-23.625,0.0,-22.75
test_2340.jpg,b,22.0,False,-22.25,0.0,-22.0,-25.25
test_2341.jpg,a,14.125,False,-7.152555099310121e-07,-18.0,-23.0,-14.125000953674316
test_2342.jpg,c,21.0625,False,-21.0625,-21.8125,0.0,-22.625
test_2343.jpg,d,22.5,False,-22.5,-23.5,-26.75,0.0
test_2344.jpg,a,2.5,False,-0.07888974994421005,-17.828889846801758,-2.578889846801758,-17.703889846801758
test_2345.jpg,a,22.375,False,0.0,-22.375,-23.5,-22.75
test_2346.jpg,a,21.875,False,0.0,-21.875,-23.875,-25.0
test_2347.jpg,b,19.25,False,-20.75,0.0,-21.25,-19.25
test_2348.jpg,b,23.0,False,-23.875,0.0,-23.0,-24.25
test_2349.jpg,d,24.25,False,-24.25,-25.3125,-27.125,0.0
test_2350.jpg,c,21.375,False,-21.375,-21.375,0.0,-22.125
test_2351.jpg,c,18.75,False,-19.875,-18.75,0.0,-19.375
test_2352.jpg,c,19.125,False,-19.125,-19.375,0.0,-19.75
test_2353.jpg,c,13.25,False,-15.875001907348633,-14.750001907348633,-2.264974000354414e-06,-13.250001907348633
test_2354.jpg,a,10.25,False,-3.540453326422721e-05,-17.625036239624023,-10.250035285949707,-22.125036239624023
test_2355.jpg,c,7.75,False,-22.875431060791016,-21.250431060791016,-0.0004306104383431375,-7.750430583953857
test_2356.jpg,d,20.75,False,-20.75,-21.25,-21.125,0.0
test_2357.jpg,d,2.5,False,-23.703889846801758,-2.578889846801758,-20.953889846801758,-0.07888974994421005
test_2358.jpg,c,21.75,False,-21.75,-24.75,0.0,-25.375
test_2359.jpg,d,20.0,False,-20.0,-24.125,-29.0,0.0
test_2360.jpg,d,24.75,False,-25.875,-24.75,-25.375,0.0
test_2361.jpg,d,21.25,False,-21.75,-21.25,-21.25,0.0
test_2362.jpg,a,21.0,False,0.0,-21.0,-23.875,-22.125
test_2363.jpg,b,21.5,False,-21.5,0.0,-24.375,-24.375
test_2364.jpg,a,23.25,False,0.0,-23.25,-26.5,-23.875
test_2365.jpg,c,16.375,False,-16.375,-17.25,-1.1920928244535389e-07,-18.0
test_2366.jpg,a,21.5,False,0.0,-21.5,-24.0,-24.5
test_2367.jpg,a,17.125,False,0.0,-17.125,-19.625,-21.75
test_2368.jpg,a,2.0,True,-0.6481585502624512,-17.841907501220703,-13.360658645629883,-8.273158073425293
test_2369.jpg,d,18.75,False,-21.375,-18.75,-21.5,0.0
test_2370.jpg,c,20.125,False,-22.25,-20.875,0.0,-20.125
test_2371.jpg,b,24.0,False,-24.0,0.0,-28.375,-24.25
test_2372.jpg,c,22.5,False,-23.875,-22.5,0.0,-26.0
test_2373.jpg,d,17.875,False,-26.25,-22.25,-17.875,0.0
test_2374.jpg,d,23.3125,False,-23.3125,-23.625,-25.25,0.0
test_2375.jpg,c,16.875,False,-21.625,-18.5,0.0,-16.875
test_2376.jpg,b,23.5,False,-23.5,0.0,-27.0625,-24.5
test_2377.jpg,d,25.5,False,-27.0,-25.5,-27.875,0.0
test_2378.jpg,c,22.0,False,-22.0,-22.1875,0.0,-22.0625
test_2379.jpg,d,25.75,False,-28.25,-25.75,-25.75,0.0
test_2380.jpg,a,10.0,False,-4.5536911784438416e-05,-15.875045776367188,-10.000045776367188,-19.375045776367188
test_2381.jpg,d,24.25,False,-25.25,-24.25,-27.0,0.0
test_2382.jpg,c,17.75,False,-18.375,-17.75,0.0,-18.875
test_2383.jpg,c,19.625,False,-19.6875,-19.625,0.0,-20.375
test_2384.jpg,a,20.5625,False,0.0,-20.5625,-21.75,-25.75
test_2385.jpg,c,20.625,False,-21.75,-20.625,0.0,-21.75
test_2386.jpg,a,17.0,False,0.0,-20.375,-19.125,-17.0
test_2387.jpg,b,20.25,False,-21.25,0.0,-20.25,-20.375
test_2388.jpg,a,21.0,False,0.0,-21.0,-23.625,-22.625
test_2389.jpg,d,25.375,False,-26.125,-25.375,-25.75,0.0
test_2390.jpg,c,20.125,False,-21.375,-21.625,0.0,-20.125
test_2391.jpg,c,19.875,False,-19.875,-20.0,0.0,-22.75
test_2392.jpg,a,19.6875,False,0.0,-19.6875,-21.25,-21.75
test_2393.jpg,a,20.25,False,0.0,-21.75,-20.25,-21.75
test_2394.jpg,c,22.125,False,-22.625,-22.125,0.0,-22.625
test_2395.jpg,b,18.75,False,-18.75,0.0,-19.875,-19.0
test_2396.jpg,d,21.125,False,-22.5,-21.125,-22.875,0.0
test_2397.jpg,b,17.75,False,-19.125,0.0,-19.375,-17.75
test_2398.jpg,a,17.75,False,0.0,-19.125,-17.75,-21.125
test_2399.jpg,a,22.5,False,0.0,-22.5,-24.1875,-24.5
test_2400.jpg,d,5.25,False,-19.130233764648438,-16.630233764648438,-5.2552337646484375,-0.005233872216194868
test_2401.jpg,d,15.625,False,-24.75,-15.625,-21.875,-1.1920928244535389e-07
test_2402.jpg,b,16.375,False,-21.5,-1.1920928244535389e-07,-16.375,-21.0
test_2403.jpg,c,20.375,False,-23.75,-20.375,0.0,-24.0
test_2404.jpg,a,9.0,False,-0.00012337400403339416,-9.000123023986816,-18.125123977661133,-17.750123977661133
test_2405.jpg,a,23.0,False,0.0,-23.0,-23.6875,-24.375
test_2406.jpg,c,22.625,False,-22.625,-22.9375,0.0,-25.625
test_2407.jpg,d,23.4375,False,-23.4375,-23.875,-26.5,0.0
test_2408.jpg,b,22.0,False,-23.5,0.0,-22.0,-22.875
test_2409.jpg,b,22.125,False,-22.125,0.0,-24.625,-22.25
test_2410.jpg,c,22.5,False,-22.875,-22.625,0.0,-22.5
test_2411.jpg,b,21.875,False,-21.875,0.0,-24.0,-25.25
test_2412.jpg,a,20.5,False,0.0,-20.5,-22.125,-23.375
test_2413.jpg,b,23.5,False,-23.5,0.0,-24.75,-23.75
test_2414.jpg,c,15.875,False,-19.0,-15.875,-1.1920928244535389e-07,-17.375
test_2415.jpg,b,16.0,False,-22.5,-1.1920928244535389e-07,-17.125,-16.0
test_2416.jpg,a,22.625,False,0.0,-22.625,-25.625,-23.875
test_2417.jpg,a,19.25,False,0.0,-19.25,-20.125,-20.875
test_2418.jpg,c,19.625,False,-19.625,-20.0625,0.0,-20.75
test_2419.jpg,c,18.25,False,-28.375,-27.125,0.0,-18.25
test_2420.jpg,a,24.0,False,0.0,-24.0,-25.25,-26.875
test_2421.jpg,a,22.75,False,0.0,-22.75,-25.75,-25.0
test_2422.jpg,b,23.5,False,-23.5,0.0,-26.125,-25.75
test_2423.jpg,a,8.125,False,-0.00029666791670024395,-14.125296592712402,-8.125296592712402,-17.62529754638672
test_2424.jpg,a,19.3125,False,0.0,-19.375,-19.3125,-20.375
test_2425.jpg,d,21.625,False,-24.0,-21.625,-23.0,0.0
test_2426.jpg,c,23.875,False,-25.25,-23.875,0.0,-25.0
test_2427.jpg,d,24.25,False,-26.125,-24.25,-24.875,0.0
test_2428.jpg,d,21.875,False,-23.75,-21.875,-22.5,0.0
test_2429.jpg,d,23.0,False,-26.25,-23.0,-24.0,0.0
test_2430.jpg,c,17.25,False,-17.25,-18.0625,0.0,-17.25
test_2431.jpg,a,20.125,False,0.0,-20.125,-21.625,-22.125
test_2432.jpg,b,7.0,False,-21.625911712646484,-0.0009114163694903255,-7.000911235809326,-19.750911712646484
test_2433.jpg,c,20.25,False,-22.375,-20.25,0.0,-21.125
test_2434.jpg,b,24.375,False,-24.375,0.0,-28.875,-27.375
test_2435.jpg,b,19.5,False,-20.75,0.0,-20.75,-19.5
test_2436.jpg,d,22.875,False,-25.5,-22.875,-24.875,0.0
test_2437.jpg,d,22.625,False,-25.25,-22.875,-22.625,0.0
test_2438.jpg,a,22.25,False,0.0,-22.25,-22.75,-24.0
test_2439.jpg,d,21.875,False,-24.25,-22.875,-21.875,0.0
test_2440.jpg,c,23.125,False,-23.75,-23.125,0.0,-24.625
test_2441.jpg,b,24.375,False,-24.375,0.0,-24.875,-25.125
test_2442.jpg,b,5.0,False,-22.381715774536133,-0.006715348921716213,-5.006715297698975,-20.006715774536133
test_2443.jpg,b,17.0,False,-17.0,0.0,-18.0,-19.375
test_2444.jpg,a,20.125,False,0.0,-21.25,-23.0,-20.125
test_2445.jpg,d,25.875,False,-26.375,-25.875,-29.625,0.0
test_2446.jpg,a,16.75,False,0.0,-16.75,-18.375,-19.75
test_2447.jpg,c,21.0,False,-21.625,-21.0,0.0,-22.25
test_2448.jpg,b,18.625,False,-24.0,0.0,-18.625,-21.5
test_2449.jpg,d,24.5,False,-25.125,-24.5,-29.3125,0.0
test_2450.jpg,c,23.0,False,-24.75,-24.5,0.0,-23.0
test_2451.jpg,c,20.375,False,-20.375,-21.25,0.0,-23.25
test_2452.jpg,b,22.375,False,-22.625,0.0,-22.5,-22.375
test_2453.jpg,d,8.75,False,-24.625158309936523,-8.750158309936523,-17.250158309936523,-0.00015853578224778175
test_2454.jpg,d,24.5,False,-25.125,-24.5,-25.0,0.0
test_2455.jpg,d,23.25,False,-24.625,-23.25,-23.75,0.0
test_2456.jpg,d,24.5,False,-26.375,-24.5,-26.0,0.0
test_2457.jpg,d,22.875,False,-24.625,-22.875,-23.25,0.0
test_2458.jpg,b,22.0,False,-23.25,0.0,-23.375,-22.0
test_2459.jpg,b,18.125,False,-18.5,0.0,-18.125,-20.125
test_2460.jpg,a,23.375,False,0.0,-23.375,-24.75,-25.6875
test_2461.jpg,b,21.75,False,-21.75,0.0,-24.0,-23.375
test_2462.jpg,a,19.375,False,0.0,-19.375,-20.875,-20.75
test_2463.jpg,a,23.8125,False,0.0,-23.8125,-25.0625,-25.5625
test_2464.jpg,a,15.625,False,-1.1920928244535389e-07,-15.625,-18.5,-17.5
test_2465.jpg,d,24.25,False,-24.25,-24.5,-25.5,0.0
test_2466.jpg,a,22.625,False,0.0,-22.625,-24.75,-25.375
test_2467.jpg,d,14.875,False,-24.5,-19.625,-14.875,-3.576278118089249e-07
test_2468.jpg,c,23.375,False,-23.375,-23.625,0.0,-23.875
test_2469.jpg,a,22.75,False,0.0,-22.75,-24.3125,-24.75
test_2470.jpg,b,20.875,False,-20.875,0.0,-22.125,-21.375
test_2471.jpg,a,20.375,False,0.0,-21.75,-20.375,-21.5
test_2472.jpg,b,11.625,False,-14.50001049041748,-1.0251946150674485e-05,-11.62501049041748,-14.00001049041748
test_2473.jpg,a,8.0,False,-0.00033539868309162557,-18.750335693359375,-8.000335693359375,-19.750335693359375
test_2474.jpg,c,18.75,False,-20.5,-18.875,0.0,-18.75
test_2475.jpg,b,21.875,False,-22.125,0.0,-21.875,-24.5
test_2476.jpg,c,21.25,False,-21.25,-22.0,0.0,-22.9375
test_2477.jpg,b,21.75,False,-21.75,0.0,-23.0,-23.0
test_2478.jpg,a,15.5,False,-3.576278118089249e-07,-15.5,-16.375,-19.25
test_2479.jpg,d,25.875,False,-25.875,-26.375,-28.9375,0.0
test_2480.jpg,a,20.6875,False,0.0,-20.6875,-21.375,-22.875
test_2481.jpg,d,17.75,False,-19.5,-17.75,-20.75,0.0
test_2482.jpg,d,25.25,False,-26.0,-25.25,-29.625,0.0
test_2483.jpg,c,18.25,False,-18.25,-19.125,0.0,-20.375
test_2484.jpg,a,21.5,False,0.0,-21.5,-23.625,-23.625
test_2485.jpg,b,21.75,False,-21.75,0.0,-26.0,-23.25
test_2486.jpg,a,19.875,False,0.0,-19.875,-23.125,-25.75
test_2487.jpg,a,18.75,False,0.0,-20.25,-20.25,-18.75
test_2488.jpg,c,20.375,False,-22.125,-21.75,0.0,-20.375
test_2489.jpg,b,20.625,False,-21.125,0.0,-21.875,-20.625
test_2490.jpg,c,22.625,False,-23.625,-22.625,0.0,-24.5
test_2491.jpg,b,25.875,False,-25.875,0.0,-28.375,-27.25
test_2492.jpg,b,22.375,False,-23.375,0.0,-25.125,-22.375
test_2493.jpg,c,19.25,False,-24.125,-22.625,0.0,-19.25
test_2494.jpg,a,24.375,False,0.0,-24.375,-26.125,-27.4375
test_2495.jpg,d,25.375,False,-26.125,-25.875,-25.375,0.0
test_2496.jpg,c,16.75,False,-16.75,-20.75,0.0,-19.0
test_2497.jpg,c,24.0,False,-24.0,-24.0,0.0,-24.625
test_2498.jpg,c,8.125,False,-18.625295639038086,-8.125295639038086,-0.00029595286468975246,-19.000295639038086
test_2499.jpg,b,20.5,False,-20.5,0.0,-21.25,-21.625
test_2500.jpg,c,20.875,False,-22.125,-20.875,0.0,-20.875
test_2501.jpg,d,23.125,False,-27.375,-24.625,-23.125,0.0
test_2502.jpg,c,20.625,False,-21.125,-20.625,0.0,-22.5
test_2503.jpg,c,18.625,False,-18.625,-19.125,0.0,-19.875
test_2504.jpg,b,21.875,False,-22.125,0.0,-21.875,-22.375
test_2505.jpg,c,15.625,False,-21.125,-21.875,-1.1920928244535389e-07,-15.625
test_2506.jpg,b,18.625,False,-21.875,0.0,-18.625,-23.125
test_2507.jpg,a,22.5,False,0.0,-22.5,-23.0,-24.125
test_2508.jpg,c,23.0,False,-23.125,-23.375,0.0,-23.0
test_2509.jpg,d,23.0,False,-24.25,-23.0,-23.375,0.0
test_2510.jpg,b,13.25,False,-21.625001907348633,-1.9073468138230965e-06,-13.250001907348633,-16.000001907348633
test_2511.jpg,c,21.875,False,-21.875,-22.75,0.0,-23.375
test_2512.jpg,b,22.5,False,-23.625,0.0,-23.25,-22.5
test_2513.jpg,d,26.5,False,-27.125,-26.5,-28.0625,0.0
test_2514.jpg,a,23.25,False,0.0,-23.25,-24.5,-26.375
test_2515.jpg,c,16.25,False,-16.375,-16.25,-1.1920928244535389e-07,-16.75
test_2516.jpg,c,9.0,False,-24.250123977661133,-20.875123977661133,-0.00012337400403339416,-9.000123023986816
test_2517.jpg,a,19.0,False,0.0,-19.0,-21.0,-20.875
test_2518.jpg,a,17.375,False,0.0,-17.375,-20.5,-19.75
test_2519.jpg,b,24.125,False,-24.875,0.0,-24.125,-24.875
test_2520.jpg,b,22.25,False,-22.25,0.0,-25.25,-23.375
test_2521.jpg,b,24.625,False,-24.625,0.0,-25.625,-25.125
test_2522.jpg,d,24.4375,False,-25.1875,-24.4375,-27.625,0.0
test_2523.jpg,d,15.25,False,-27.375,-15.25,-21.375,-2.3841855067985307e-07
test_2524.jpg,a,6.5,False,-0.0015028145862743258,-15.251502990722656,-6.501502990722656,-15.251502990722656
test_2525.jpg,d,27.625,False,-29.5,-27.625,-28.75,0.0
test_2526.jpg,a,22.5,False,0.0,-22.5,-23.25,-23.75
test_2527.jpg,c,20.125,False,-22.125,-21.5,0.0,-20.125
test_2528.jpg,b,23.75,False,-23.75,0.0,-25.6875,-25.4375
test_2529.jpg,c,22.6875,False,-22.6875,-22.9375,0.0,-22.875
test_2530.jpg,d,21.5,False,-22.0,-21.5,-23.25,0.0
test_2531.jpg,d,22.25,False,-23.125,-22.25,-24.8125,0.0
test_2532.jpg,c,20.6875,False,-20.6875,-21.5625,0.0,-22.0625
test_2533.jpg,c,6.875,False,-22.25103187561035,-21.62603187561035,-0.001032772590406239,-6.876032829284668
test_2534.jpg,d,26.375,False,-26.625,-26.375,-27.5,0.0
test_2535.jpg,a,23.25,False,0.0,-23.25,-23.25,-25.25
test_2536.jpg,b,18.625,False,-18.625,0.0,-21.375,-21.25
test_2537.jpg,a,12.125,False,-5.364403477869928e-06,-12.125005722045898,-19.3750057220459,-19.5000057220459
test_2538.jpg,b,23.625,False,-23.625,0.0,-26.5,-25.75
test_2539.jpg,b,18.125,False,-18.125,0.0,-20.125,-19.5
test_2540.jpg,c,21.125,False,-22.625,-21.125,0.0,-21.875
test_2541.jpg,d,25.375,False,-26.875,-25.375,-27.625,0.0
test_2542.jpg,b,21.125,False,-21.125,0.0,-24.625,-24.25
test_2543.jpg,c,21.5,False,-22.1875,-21.5,0.0,-25.0625
test_2544.jpg,c,20.625,False,-20.625,-20.75,0.0,-20.625
test_2545.jpg,a,23.0,False,0.0,-23.0,-25.25,-25.5625
test_2546.jpg,d,22.125,False,-23.25,-22.125,-23.875,0.0
test_2547.jpg,b,20.625,False,-20.625,0.0,-22.6875,-22.625
test_2548.jpg,a,21.0,False,0.0,-21.0,-21.0,-22.375
test_2549.jpg,b,0.5,True,-4.6328125,-0.2328122854232788,-14.095312118530273,-4.495312213897705
test_2550.jpg,c,21.5,False,-21.6875,-21.8125,0.0,-21.5
test_2551.jpg,d,17.5,False,-23.875,-22.25,-17.5,0.0
test_2552.jpg,c,21.75,False,-21.9375,-21.75,0.0,-23.6875
test_2553.jpg,b,21.25,False,-21.25,0.0,-24.125,-22.125
test_2554.jpg,a,22.5,False,0.0,-22.5,-24.25,-23.875
test_2555.jpg,c,21.125,False,-21.5,-21.875,0.0,-21.125
test_2556.jpg,c,22.0,False,-22.25,-22.0,0.0,-22.5
test_2557.jpg,a,16.625,False,-1.1920928244535389e-07,-16.625,-16.875,-19.875
test_2558.jpg,c,20.375,False,-22.375,-22.75,0.0,-20.375
test_2559.jpg,c,20.5,False,-22.25,-21.25,0.0,-20.5
test_2560.jpg,b,19.75,False,-19.75,0.0,-22.125,-22.875
test_2561.jpg,c,18.75,False,-20.25,-18.75,0.0,-19.25
test_2562.jpg,d,14.0,False,-18.875,-14.000000953674316,-20.75,-8.344646857949556e-07
test_2563.jpg,c,19.0,False,-19.0,-19.625,0.0,-21.125
test_2564.jpg,d,23.125,False,-24.25,-23.125,-23.125,0.0
test_2565.jpg,a,21.4375,False,0.0,-21.4375,-24.5625,-23.1875
test_2566.jpg,a,12.75,False,-2.861018856492592e-06,-17.375001907348633,-12.75000286102295,-19.312501907348633
test_2567.jpg,a,19.4375,False,0.0,-19.4375,-23.625,-22.8125
test_2568.jpg,b,18.75,False,-18.75,0.0,-19.375,-19.375
test_2569.jpg,b,20.75,False,-26.375,0.0,-22.625,-20.75
test_2570.jpg,d,23.125,False,-27.75,-23.125,-27.875,0.0
test_2571.jpg,d,6.25,False,-25.251928329467773,-6.251928806304932,-22.626928329467773,-0.0019286142196506262
test_2572.jpg,b,25.125,False,-25.25,0.0,-25.125,-26.25
test_2573.jpg,a,20.5,False,0.0,-20.875,-20.5,-22.25
test_2574.jpg,a,18.625,False,0.0,-18.625,-21.375,-22.25
test_2575.jpg,a,19.75,False,0.0,-19.75,-22.3125,-22.625
test_2576.jpg,a,20.75,False,0.0,-20.75,-22.875,-22.5
test_2577.jpg,c,19.25,False,-20.0,-19.25,0.0,-20.875
test_2578.jpg,a,13.375,False,-1.5497195136049413e-06,-13.375001907348633,-17.750001907348633,-18.500001907348633
test_2579.jpg,d,13.75,False,-24.625001907348633,-21.875001907348633,-13.750000953674316,-1.0728830375228426e-06
test_2580.jpg,b,20.125,False,-21.0,0.0,-20.5,-20.125
test_2581.jpg,c,11.375,False,-19.500011444091797,-19.625011444091797,-1.1444026313256472e-05,-11.375011444091797
test_2582.jpg,a,19.375,False,0.0,-19.375,-21.125,-20.75
test_2583.jpg,b,21.25,False,-21.375,0.0,-21.25,-22.25
test_2584.jpg,d,24.0,False,-26.125,-24.0,-26.375,0.0
test_2585.jpg,c,16.0,False,-18.375,-16.0,-1.1920928244535389e-07,-17.125
test_2586.jpg,c,18.75,False,-18.75,-19.6875,0.0,-24.0
test_2587.jpg,c,12.75,False,-12.75000286102295,-20.125001907348633,-2.861018856492592e-06,-21.375001907348633
test_2588.jpg,b,13.625,False,-18.750001907348633,-1.1920922133867862e-06,-13.625000953674316,-17.500001907348633
test_2589.jpg,a,19.125,False,0.0,-19.125,-21.125,-20.5
test_2590.jpg,c,10.0,False,-20.875045776367188,-10.000045776367188,-4.565611743601039e-05,-15.375045776367188
test_2591.jpg,d,24.375,False,-24.375,-24.625,-27.5,0.0
test_2592.jpg,d,20.625,False,-21.75,-20.625,-21.0,0.0
test_2593.jpg,b,25.125,False,-25.375,0.0,-26.25,-25.125
test_2594.jpg,d,22.625,False,-22.625,-23.5,-25.625,0.0
test_2595.jpg,d,22.75,False,-27.625,-22.75,-27.125,0.0
test_2596.jpg,c,12.75,False,-17.000003814697266,-16.750003814697266,-2.9802276912960224e-06,-12.75000286102295
test_2597.jpg,b,13.75,False,-19.500001907348633,-1.0728830375228426e-06,-13.750000953674316,-18.250001907348633
test_2598.jpg,c,19.5,False,-21.375,-20.375,0.0,-19.5
test_2599.jpg,b,20.875,False,-20.875,0.0,-22.125,-22.75
test_2600.jpg,a,19.75,False,0.0,-19.75,-20.5,-20.375
test_2601.jpg,c,17.625,False,-22.25,-19.0,0.0,-17.625
test_2602.jpg,d,24.875,False,-26.5,-24.875,-26.0,0.0
test_2603.jpg,b,2.25,False,-15.725214958190918,-0.10021477937698364,-2.350214719772339,-11.725214958190918
test_2604.jpg,d,25.25,False,-25.625,-25.25,-28.625,0.0
test_2605.jpg,d,10.25,False,-10.250035285949707,-22.000036239624023,-26.750036239624023,-3.540453326422721e-05
test_2606.jpg,c,20.875,False,-21.125,-21.375,0.0,-20.875
test_2607.jpg,a,20.75,False,0.0,-20.75,-21.0,-22.0
test_2608.jpg,b,23.0,False,-23.0,0.0,-25.25,-25.0
test_2609.jpg,c,20.0,False,-20.0,-20.875,0.0,-22.0625
test_2610.jpg,a,20.375,False,0.0,-20.375,-22.75,-22.625
test_2611.jpg,c,18.0,False,-22.0,-18.0,0.0,-21.75
test_2612.jpg,d,25.875,False,-27.25,-25.875,-29.125,0.0
test_2613.jpg,c,22.375,False,-22.375,-23.375,0.0,-23.625
test_2614.jpg,a,21.875,False,0.0,-21.875,-22.125,-24.75
test_2615.jpg,b,23.125,False,-23.125,0.0,-26.375,-25.375
test_2616.jpg,d,22.75,False,-26.625,-22.75,-22.75,0.0
test_2617.jpg,a,13.75,False,-1.0728830375228426e-06,-20.000001907348633,-20.750001907348633,-13.750000953674316
test_2618.jpg,d,26.0,False,-26.0,-26.75,-29.1875,0.0
test_2619.jpg,b,20.125,False,-23.875,0.0,-25.0,-20.125
test_2620.jpg,d,24.875,False,-26.5,-24.875,-26.625,0.0
test_2621.jpg,d,20.5,False,-22.75,-21.875,-20.5,0.0
test_2622.jpg,b,24.5,False,-24.5,0.0,-25.0,-25.5
test_2623.jpg,a,24.0,False,0.0,-24.0,-27.25,-25.625
test_2624.jpg,c,4.25,False,-21.764163970947266,-4.264163494110107,-0.014163684099912643,-15.139163970947266
test_2625.jpg,b,4.25,False,-4.264194488525391,-0.01419447734951973,-11.13919448852539,-11.01419448852539
test_2626.jpg,a,19.125,False,0.0,-20.375,-19.125,-22.375
test_2627.jpg,d,19.0,False,-19.0,-23.25,-25.75,0.0
test_2628.jpg,d,1.0,True,-25.18147850036621,-24.406478881835938,-14.131478309631348,-0.09397850185632706
test_2629.jpg,c,19.125,False,-19.25,-19.125,0.0,-20.375
test_2630.jpg,d,23.125,False,-23.125,-24.5,-25.75,0.0
test_2631.jpg,d,22.875,False,-24.375,-22.875,-24.875,0.0
test_2632.jpg,b,19.875,False,-21.375,0.0,-19.875,-20.125
test_2633.jpg,b,25.375,False,-25.625,0.0,-27.875,-25.375
test_2634.jpg,b,17.5,False,-17.5,0.0,-20.25,-19.25
test_2635.jpg,c,14.5,False,-19.375,-15.625000953674316,-5.960462772236497e-07,-14.500000953674316
test_2636.jpg,a,20.9375,False,0.0,-24.6875,-27.9375,-20.9375
test_2637.jpg,b,23.25,False,-23.25,0.0,-23.625,-24.75
test_2638.jpg,c,22.125,False,-22.125,-22.25,0.0,-22.25
test_2639.jpg,a,12.5,False,-3.6954811548639555e-06,-21.250003814697266,-23.000003814697266,-12.500003814697266
test_2640.jpg,b,23.25,False,-23.25,0.0,-25.375,-24.625
test_2641.jpg,c,22.625,False,-22.625,-23.625,0.0,-26.25
test_2642.jpg,d,18.75,False,-19.625,-18.75,-19.0,0.0
test_2643.jpg,a,18.875,False,0.0,-18.875,-19.0,-19.125
test_2644.jpg,d,20.875,False,-20.875,-23.625,-23.875,0.0
test_2645.jpg,d,13.75,False,-25.625001907348633,-22.500001907348633,-13.750000953674316,-1.0728830375228426e-06
test_2646.jpg,b,20.625,False,-20.625,0.0,-25.625,-22.25
test_2647.jpg,a,24.5,False,0.0,-24.5,-26.0,-26.75
test_2648.jpg,a,24.75,False,0.0,-24.75,-27.125,-26.5
test_2649.jpg,d,24.5,False,-25.0,-24.5,-27.125,0.0
test_2650.jpg,a,3.125,False,-0.04312700033187866,-3.1681270599365234,-9.043127059936523,-11.543127059936523
test_2651.jpg,b,24.375,False,-24.375,0.0,-27.625,-25.125
test_2652.jpg,b,22.0,False,-22.0,0.0,-24.0,-23.375
test_2653.jpg,a,22.25,False,0.0,-22.25,-24.5625,-24.875
test_2654.jpg,c,18.75,False,-20.0,-18.75,0.0,-20.125
test_2655.jpg,b,23.875,False,-23.875,0.0,-25.0,-25.0
test_2656.jpg,d,23.75,False,-24.375,-23.75,-24.625,0.0
test_2657.jpg,d,26.625,False,-28.625,-26.625,-28.25,0.0
test_2658.jpg,a,19.125,False,0.0,-19.125,-21.375,-23.0
test_2659.jpg,d,23.625,False,-23.625,-24.625,-28.0,0.0
test_2660.jpg,b,2.25,False,-2.3502066135406494,-0.10020668804645538,-18.10020637512207,-16.72520637512207
test_2661.jpg,d,23.5,False,-24.0,-23.5,-26.25,0.0
test_2662.jpg,a,13.25,False,-1.7881377516459906e-06,-18.250001907348633,-13.250001907348633,-20.000001907348633
test_2663.jpg,a,21.5,False,0.0,-21.5,-23.625,-23.375
test_2664.jpg,a,23.25,False,0.0,-23.25,-24.8125,-24.875
test_2665.jpg,a,18.5,False,0.0,-19.0,-20.5,-18.5
test_2666.jpg,b,24.375,False,-24.375,0.0,-29.25,-26.375
test_2667.jpg,a,22.125,False,0.0,-22.125,-25.25,-26.25
test_2668.jpg,b,21.25,False,-21.25,0.0,-22.375,-23.875
test_2669.jpg,a,1.75,True,-0.04806726053357124,-19.69806671142578,-24.348068237304688,-14.573067665100098
test_2670.jpg,d,0.5,True,-18.434425354003906,-3.7969236373901367,-16.396923065185547,-0.14692392945289612
test_2671.jpg,b,21.5,False,-21.5,0.0,-23.0,-22.0
test_2672.jpg,c,22.0,False,-22.0,-23.1875,0.0,-23.5625
test_2673.jpg,a,19.25,False,0.0,-19.25,-20.0625,-19.6875
test_2674.jpg,b,22.625,False,-26.25,0.0,-26.0,-22.625
test_2675.jpg,b,15.375,False,-23.625,-2.3841855067985307e-07,-15.375,-20.25
test_2676.jpg,c,20.875,False,-20.875,-23.25,0.0,-25.625
test_2677.jpg,b,18.75,False,-21.0,0.0,-18.75,-19.0
test_2678.jpg,d,24.25,False,-25.75,-24.25,-26.0,0.0
test_2679.jpg,a,23.125,False,0.0,-23.125,-25.0625,-24.9375
test_2680.jpg,c,23.0,False,-23.75,-23.0,0.0,-23.875
test_2681.jpg,b,21.75,False,-21.75,0.0,-24.5,-24.3125
test_2682.jpg,a,23.125,False,0.0,-23.125,-24.75,-25.9375
test_2683.jpg,d,24.625,False,-24.75,-24.625,-26.375,0.0
test_2684.jpg,b,22.75,False,-22.75,0.0,-24.375,-24.0
test_2685.jpg,d,22.125,False,-24.75,-22.25,-22.125,0.0
test_2686.jpg,b,19.0,False,-19.0,0.0,-25.875,-19.625
test_2687.jpg,c,6.0,False,-19.37747573852539,-15.50247573852539,-0.0024758896324783564,-6.002475738525391
test_2688.jpg,a,24.125,False,0.0,-24.125,-27.5,-27.125
test_2689.jpg,a,21.5,False,0.0,-21.5,-22.375,-22.75
test_2690.jpg,d,26.125,False,-28.5,-26.125,-29.125,0.0
test_2691.jpg,d,0.0,True,-1.0037543773651123,-15.578754425048828,-16.828754425048828,-0.47875434160232544
test_2692.jpg,a,24.0625,False,0.0,-24.0625,-27.8125,-25.75
test_2693.jpg,d,23.5,False,-24.25,-23.5,-26.125,0.0
test_2694.jpg,d,24.875,False,-25.25,-24.875,-26.5,0.0
test_2695.jpg,d,23.875,False,-25.125,-23.875,-24.625,0.0
test_2696.jpg,c,22.0,False,-22.5,-22.0,0.0,-22.75
test_2697.jpg,d,25.625,False,-25.875,-25.625,-27.25,0.0
test_2698.jpg,c,17.375,False,-19.375,-17.375,0.0,-18.0
test_2699.jpg,a,19.375,False,0.0,-20.25,-19.375,-20.625
test_2700.jpg,d,23.875,False,-24.625,-23.875,-25.9375,0.0
test_2701.jpg,a,21.125,False,0.0,-21.125,-22.375,-22.75
test_2702.jpg,b,19.875,False,-22.125,0.0,-21.625,-19.875
test_2703.jpg,c,11.0,False,-11.000016212463379,-22.000017166137695,-1.6689160474925302e-05,-23.250017166137695
test_2704.jpg,b,18.0,False,-19.25,0.0,-18.875,-18.0
test_2705.jpg,a,2.25,False,-0.1002069041132927,-16.85020637512207,-14.850207328796387,-2.3502068519592285
test_2706.jpg,b,20.875,False,-23.875,0.0,-20.875,-23.625
test_2707.jpg,b,23.25,False,-23.25,0.0,-25.75,-23.5
test_2708.jpg,b,11.25,False,-22.00001335144043,-1.2993727978027891e-05,-24.12501335144043,-11.25001335144043
test_2709.jpg,d,21.5625,False,-21.5625,-22.25,-23.8125,0.0
test_2710.jpg,d,13.0,False,-20.000001907348633,-13.000001907348633,-21.000001907348633,-2.264974000354414e-06
test_2711.jpg,b,21.5,False,-21.5,0.0,-23.25,-23.375
test_2712.jpg,d,23.5,False,-24.625,-23.5,-25.8125,0.0
test_2713.jpg,a,19.5,False,0.0,-20.25,-19.5,-21.5
test_2714.jpg,b,16.75,False,-16.75,0.0,-17.875,-17.5
test_2715.jpg,c,23.0,False,-24.0,-23.0,0.0,-24.875
test_2716.jpg,d,23.5,False,-24.75,-24.25,-23.5,0.0
test_2717.jpg,a,20.75,False,0.0,-20.75,-25.125,-23.9375
test_2718.jpg,c,18.375,False,-19.125,-18.375,0.0,-18.625
test_2719.jpg,d,26.75,False,-27.0,-26.75,-30.25,0.0
test_2720.jpg,a,24.0,False,0.0,-24.0,-25.5,-24.375
test_2721.jpg,a,15.5,False,-2.3841855067985307e-07,-18.375,-15.5,-19.5
test_2722.jpg,c,23.0,False,-25.375,-23.5,0.0,-23.0
test_2723.jpg,d,22.625,False,-22.625,-23.625,-24.5625,0.0
test_2724.jpg,c,0.125,True,-8.25134563446045,-3.1138463020324707,-0.2513461410999298,-8.588846206665039
test_2725.jpg,c,21.625,False,-21.625,-22.125,0.0,-23.5625
test_2726.jpg,b,23.75,False,-23.75,0.0,-25.625,-25.125
test_2727.jpg,c,18.375,False,-22.625,-22.75,0.0,-18.375
test_2728.jpg,d,23.75,False,-23.8125,-23.75,-24.0625,0.0
test_2729.jpg,d,25.5,False,-25.5,-27.3125,-28.375,0.0
test_2730.jpg,d,26.0,False,-26.0,-26.0,-28.75,0.0
test_2731.jpg,a,22.4375,False,0.0,-22.4375,-24.0625,-26.1875
test_2732.jpg,b,21.25,False,-22.25,0.0,-21.5,-21.25
test_2733.jpg,b,20.25,False,-22.625,0.0,-23.625,-20.25
test_2734.jpg,a,22.75,False,0.0,-22.875,-22.75,-26.875
test_2735.jpg,d,6.0,False,-16.50247573852539,-19.00247573852539,-6.002475738525391,-0.0024757706560194492
test_2736.jpg,b,23.625,False,-23.625,0.0,-23.75,-25.25
test_2737.jpg,d,22.5,False,-24.125,-22.875,-22.5,0.0
test_2738.jpg,b,24.625,False,-24.625,0.0,-25.875,-26.125
test_2739.jpg,c,23.5,False,-25.25,-24.875,0.0,-23.5
test_2740.jpg,a,21.5,False,0.0,-21.5,-24.0,-24.625
test_2741.jpg,d,20.125,False,-26.875,-22.5,-20.125,0.0
test_2742.jpg,a,9.625,False,-6.627816765103489e-05,-16.25006675720215,-9.625065803527832,-16.00006675720215
test_2743.jpg,c,18.125,False,-22.0,-18.125,0.0,-20.25
test_2744.jpg,b,21.375,False,-21.375,0.0,-23.625,-22.5
test_2745.jpg,a,12.125,False,-5.602820692729438e-06,-12.125005722045898,-15.125005722045898,-16.8750057220459
test_2746.jpg,a,23.9375,False,0.0,-23.9375,-25.125,-26.625
test_2747.jpg,d,0.25,True,-20.61028289794922,-10.497781753540039,-19.93528175354004,-0.2477821260690689
test_2748.jpg,a,21.25,False,0.0,-21.25,-23.5625,-23.8125
test_2749.jpg,c,19.5,False,-19.5,-21.0625,0.0,-20.6875
test_2750.jpg,c,20.375,False,-20.375,-21.1875,0.0,-24.875
test_2751.jpg,d,21.125,False,-24.875,-24.25,-21.125,0.0
test_2752.jpg,b,24.375,False,-24.75,0.0,-24.625,-24.375
test_2753.jpg,a,21.25,False,0.0,-21.25,-21.75,-24.3125
test_2754.jpg,a,17.75,False,0.0,-21.75,-25.0,-17.75
test_2755.jpg,c,11.0,False,-11.000016212463379,-20.375017166137695,-1.6689160474925302e-05,-22.875017166137695
test_2756.jpg,b,19.0,False,-23.5,0.0,-19.0,-20.625
test_2757.jpg,d,26.25,False,-29.25,-26.25,-29.625,0.0
test_2758.jpg,d,23.625,False,-24.5,-23.625,-24.0,0.0
test_2759.jpg,b,20.375,False,-24.25,0.0,-24.0,-20.375
test_2760.jpg,c,18.125,False,-19.375,-18.125,0.0,-19.875
test_2761.jpg,b,15.0,False,-20.75,-3.576278118089249e-07,-15.0,-19.875
test_2762.jpg,c,21.0,False,-21.375,-21.25,0.0,-21.0
test_2763.jpg,c,22.0,False,-23.1875,-22.0,0.0,-22.375
test_2764.jpg,d,21.875,False,-23.75,-21.875,-22.25,0.0
test_2765.jpg,c,19.125,False,-21.3125,-19.125,0.0,-20.125
test_2766.jpg,d,24.0,False,-24.0,-24.125,-25.25,0.0
test_2767.jpg,a,21.25,False,0.0,-21.25,-21.875,-23.3125
test_2768.jpg,c,18.75,False,-19.375,-18.75,0.0,-20.25
test_2769.jpg,c,7.375,False,-7.375626564025879,-18.000627517700195,-0.0006266061100177467,-16.250627517700195
test_2770.jpg,b,0.0,True,-9.697612762451172,-0.21011210978031158,-4.58511209487915,-15.060111999511719
test_2771.jpg,a,17.875,False,0.0,-17.875,-17.875,-19.75
test_2772.jpg,d,21.75,False,-21.75,-22.25,-22.75,0.0
test_2773.jpg,b,10.75,False,-21.37502098083496,-2.1457441107486375e-05,-10.750020980834961,-19.75002098083496
test_2774.jpg,a,19.5,False,0.0,-19.625,-19.5,-22.125
test_2775.jpg,a,23.375,False,0.0,-23.375,-24.25,-23.625
test_2776.jpg,a,17.5,False,0.0,-17.5,-20.125,-21.25
test_2777.jpg,a,9.5,False,-7.533743337262422e-05,-9.500075340270996,-14.500075340270996,-17.87507438659668
test_2778.jpg,b,18.625,False,-21.875,0.0,-20.875,-18.625
test_2779.jpg,c,22.375,False,-23.625,-22.375,0.0,-23.0
test_2780.jpg,a,18.625,False,0.0,-18.75,-18.625,-20.375
test_2781.jpg,a,18.625,False,0.0,-18.625,-21.375,-23.5
test_2782.jpg,b,22.0,False,-22.0,0.0,-22.375,-22.125
test_2783.jpg,a,16.75,False,0.0,-16.75,-17.125,-19.125
test_2784.jpg,b,19.375,False,-20.875,0.0,-20.5,-19.375
test_2785.jpg,d,25.25,False,-26.875,-25.25,-27.75,0.0
test_2786.jpg,b,21.125,False,-23.0,0.0,-22.5,-21.125
test_2787.jpg,c,23.125,False,-23.125,-23.75,0.0,-25.75
test_2788.jpg,a,2.75,False,-0.061968959867954254,-2.811969041824341,-14.936968803405762,-13.811968803405762
test_2789.jpg,d,25.25,False,-25.875,-25.25,-26.0,0.0
test_2790.jpg,d,21.5,False,-25.125,-21.5,-23.375,0.0
test_2791.jpg,a,21.25,False,0.0,-24.0,-21.25,-25.625
test_2792.jpg,a,20.4375,False,0.0,-20.4375,-22.625,-21.875
test_2793.jpg,d,21.5,False,-22.625,-21.5,-25.125,0.0
test_2794.jpg,b,1.75,True,-9.774808883666992,-0.04980790987610817,-6.262307643890381,-13.437307357788086
test_2795.jpg,c,23.25,False,-25.75,-23.25,0.0,-23.625
test_2796.jpg,c,24.5,False,-26.25,-24.75,0.0,-24.5
test_2797.jpg,d,23.625,False,-24.0,-23.625,-25.25,0.0
test_2798.jpg,d,22.25,False,-23.25,-22.25,-24.5,0.0
test_2799.jpg,d,23.4375,False,-23.4375,-24.875,-26.4375,0.0
test_2800.jpg,c,6.25,False,-6.251948833465576,-11.001948356628418,-0.001948602613992989,-12.626948356628418
test_2801.jpg,a,3.375,False,-0.03364819288253784,-13.033648490905762,-3.4086482524871826,-14.783648490905762
test_2802.jpg,c,20.625,False,-21.625,-20.625,0.0,-21.5
test_2803.jpg,a,18.75,False,0.0,-20.75,-18.75,-20.0
test_2804.jpg,b,6.0,False,-16.87747573852539,-0.0024756519123911858,-6.002475738525391,-17.50247573852539
test_2805.jpg,b,21.0,False,-22.0,0.0,-24.125,-21.0
test_2806.jpg,c,15.625,False,-19.75,-15.625,-1.1920928244535389e-07,-19.25
test_2807.jpg,c,16.5,False,-16.5,-16.75,-1.1920928244535389e-07,-17.375
test_2808.jpg,c,21.5,False,-21.5,-23.0,0.0,-23.375
test_2809.jpg,d,24.5,False,-26.0,-24.5,-24.875,0.0
test_2810.jpg,c,20.75,False,-20.75,-21.625,0.0,-23.375
test_2811.jpg,d,22.5625,False,-23.4375,-22.5625,-24.5,0.0
test_2812.jpg,c,21.625,False,-22.375,-22.0,0.0,-21.625
test_2813.jpg,a,20.5,False,0.0,-20.5,-20.875,-21.875
test_2814.jpg,b,20.875,False,-20.875,0.0,-22.625,-21.375
test_2815.jpg,a,21.75,False,0.0,-21.75,-23.25,-24.0
test_2816.jpg,d,23.5,False,-24.625,-23.5,-24.75,0.0
test_2817.jpg,b,22.375,False,-22.375,0.0,-23.0,-22.5
test_2818.jpg,c,18.0,False,-19.0,-18.0,0.0,-18.625
test_2819.jpg,b,21.625,False,-21.625,0.0,-24.625,-23.25
test_2820.jpg,a,8.25,False,-0.00026127262390218675,-18.125261306762695,-20.125261306762695,-8.250261306762695
test_2821.jpg,c,22.625,False,-22.75,-22.625,0.0,-23.6875
test_2822.jpg,b,14.5,False,-21.375,-4.768370445162873e-07,-14.5,-21.0
test_2823.jpg,d,17.6875,False,-17.6875,-21.0625,-22.875,0.0
test_2824.jpg,b,21.5,False,-21.5,0.0,-23.875,-23.1875
test_2825.jpg,d,22.125,False,-27.5,-22.125,-28.375,0.0
test_2826.jpg,a,21.5,False,0.0,-21.5,-24.6875,-23.3125
test_2827.jpg,c,20.625,False,-23.875,-20.625,0.0,-21.0
test_2828.jpg,a,22.625,False,0.0,-22.625,-24.125,-23.125
test_2829.jpg,a,24.4375,False,0.0,-24.4375,-26.8125,-26.875
test_2830.jpg,b,21.125,False,-21.125,0.0,-23.625,-22.0
test_2831.jpg,c,15.625,False,-15.625,-19.625,-1.1920928244535389e-07,-18.125
test_2832.jpg,b,21.5,False,-22.25,0.0,-22.375,-21.5
test_2833.jpg,a,20.0,False,0.0,-20.0,-25.125,-20.375
test_2834.jpg,a,18.5,False,0.0,-18.5,-18.875,-21.8125
test_2835.jpg,c,17.625,False,-19.875,-18.625,0.0,-17.625
test_2836.jpg,c,15.25,False,-15.25,-16.875,-4.768370445162873e-07,-15.5
test_2837.jpg,b,18.25,False,-24.5,0.0,-23.875,-18.25
test_2838.jpg,b,2.25,False,-2.3502070903778076,-0.10020712018013,-19.22520637512207,-14.475207328796387
test_2839.jpg,c,22.125,False,-22.125,-22.25,0.0,-23.75
test_2840.jpg,a,23.375,False,0.0,-23.375,-25.25,-26.0
test_2841.jpg,b,23.875,False,-23.875,0.0,-27.0625,-25.8125
test_2842.jpg,b,22.875,False,-23.875,0.0,-23.625,-22.875
test_2843.jpg,a,20.75,False,0.0,-20.75,-25.75,-24.8125
test_2844.jpg,d,2.0,True,-17.003080368041992,-5.815580368041992,-16.690580368041992,-2.6655802726745605
test_2845.jpg,b,16.5,False,-18.875,-1.1920928244535389e-07,-16.5,-19.125
test_2846.jpg,c,20.0,False,-21.75,-20.0,0.0,-22.25
test_2847.jpg,d,26.125,False,-27.625,-26.125,-27.125,0.0
test_2848.jpg,a,16.375,False,-2.3841855067985307e-07,-16.375,-18.375,-16.5
test_2849.jpg,d,20.875,False,-23.375,-21.375,-20.875,0.0
test_2850.jpg,c,20.5,False,-20.5,-20.75,0.0,-22.125
test_2851.jpg,a,6.125,False,-0.0021851013880223036,-18.002185821533203,-17.877185821533203,-6.127184867858887
test_2852.jpg,a,21.5,False,0.0,-21.5,-22.5,-23.625
test_2853.jpg,d,21.5,False,-21.5,-22.375,-23.8125,0.0
test_2854.jpg,b,15.0,False,-15.0,-3.576278118089249e-07,-22.5,-20.625
test_2855.jpg,d,24.625,False,-25.375,-24.625,-25.0,0.0
test_2856.jpg,b,9.75,False,-9.7500581741333,-5.829164365422912e-05,-20.750059127807617,-21.000059127807617
test_2857.jpg,b,24.0,False,-24.0,0.0,-26.5,-25.375
test_2858.jpg,a,21.875,False,0.0,-21.875,-24.125,-24.625
test_2859.jpg,c,22.25,False,-22.25,-22.5,0.0,-24.125
test_2860.jpg,c,18.875,False,-18.875,-19.125,0.0,-21.4375
test_2861.jpg,d,16.25,False,-19.375,-16.25,-18.75,-1.1920928244535389e-07
test_2862.jpg,d,23.5,False,-24.75,-23.5,-24.75,0.0
test_2863.jpg,d,21.5,False,-24.125,-21.5,-24.25,0.0
test_2864.jpg,b,0.25,True,-11.360281944274902,-0.1727825403213501,-14.447782516479492,-19.022781372070312
test_2865.jpg,c,20.875,False,-23.75,-21.125,0.0,-20.875
test_2866.jpg,b,21.5,False,-22.0,0.0,-21.5,-21.875
test_2867.jpg,a,9.5,False,-7.486063259420916e-05,-9.50007438659668,-17.62507438659668,-17.75007438659668
test_2868.jpg,d,25.0,False,-27.75,-25.0,-26.875,0.0
test_2869.jpg,a,22.625,False,0.0,-22.625,-25.0,-25.8125
test_2870.jpg,b,21.5,False,-23.0,0.0,-22.0,-21.5
test_2871.jpg,b,22.25,False,-22.25,0.0,-25.375,-24.375
test_2872.jpg,d,22.375,False,-22.625,-22.375,-22.5,0.0
test_2873.jpg,d,22.25,False,-24.375,-22.625,-22.25,0.0
test_2874.jpg,b,16.75,False,-19.5,0.0,-16.75,-17.625
test_2875.jpg,a,13.75,False,-1.0728830375228426e-06,-13.750000953674316,-18.625001907348633,-20.375001907348633
test_2876.jpg,d,11.125,False,-11.125014305114746,-19.375015258789062,-22.375015258789062,-1.4781842764932662e-05
test_2877.jpg,a,20.125,False,0.0,-20.125,-20.75,-21.75
test_2878.jpg,a,23.5,False,0.0,-23.5,-27.875,-23.5
test_2879.jpg,d,24.0,False,-24.0,-24.0,-27.375,0.0
test_2880.jpg,d,26.625,False,-26.875,-26.625,-29.25,0.0
test_2881.jpg,c,18.875,False,-18.875,-19.375,0.0,-19.0
test_2882.jpg,a,21.875,False,0.0,-22.625,-21.875,-23.125
test_2883.jpg,a,20.75,False,0.0,-20.75,-22.8125,-23.25
test_2884.jpg,d,22.375,False,-26.125,-22.375,-24.5,0.0
test_2885.jpg,c,17.375,False,-25.375,-21.0,0.0,-17.375
test_2886.jpg,b,22.25,False,-22.25,0.0,-26.5,-24.5
test_2887.jpg,a,13.0,False,-2.264974000354414e-06,-13.000001907348633,-18.625001907348633,-18.750001907348633
test_2888.jpg,b,20.625,False,-20.625,0.0,-23.8125,-23.0
test_2889.jpg,c,17.5,False,-19.875,-17.5,0.0,-19.0
test_2890.jpg,b,21.25,False,-21.25,0.0,-21.875,-22.875
test_2891.jpg,b,15.75,False,-22.875,-1.1920928244535389e-07,-15.75,-21.5
test_2892.jpg,d,26.25,False,-27.375,-26.25,-30.5625,0.0
test_2893.jpg,b,21.5,False,-21.5,0.0,-25.5,-24.375
test_2894.jpg,b,22.75,False,-22.75,0.0,-26.25,-23.0
test_2895.jpg,b,22.5,False,-22.5,0.0,-24.5,-24.25
test_2896.jpg,c,22.75,False,-22.75,-23.875,0.0,-24.375
test_2897.jpg,a,22.4375,False,0.0,-22.4375,-25.9375,-25.125
test_2898.jpg,a,19.1875,False,0.0,-19.1875,-21.375,-22.0625
test_2899.jpg,b,21.5,False,-23.5,0.0,-21.5,-24.0
test_2900.jpg,b,22.0,False,-22.0,0.0,-22.625,-23.125
test_2901.jpg,b,19.125,False,-19.5,0.0,-20.0,-19.125
test_2902.jpg,d,23.75,False,-25.625,-23.75,-26.125,0.0
test_2903.jpg,b,17.125,False,-18.875,0.0,-19.75,-17.125
test_2904.jpg,b,6.5,False,-20.876502990722656,-0.0015023384476080537,-6.501502513885498,-19.251502990722656
test_2905.jpg,b,24.625,False,-24.625,0.0,-25.25,-26.0
test_2906.jpg,c,21.25,False,-23.125,-21.75,0.0,-21.25
test_2907.jpg,d,21.0,False,-25.375,-22.125,-21.0,0.0
test_2908.jpg,a,5.0,False,-0.006715467199683189,-16.006715774536133,-18.381715774536133,-5.006715297698975
test_2909.jpg,d,23.125,False,-24.125,-23.25,-23.125,0.0
test_2910.jpg,d,24.875,False,-27.125,-24.875,-27.125,0.0
test_2911.jpg,c,20.625,False,-26.0,-22.875,0.0,-20.625
test_2912.jpg,b,23.25,False,-23.25,0.0,-26.9375,-25.375
test_2913.jpg,b,13.5,False,-26.875001907348633,-1.4305104514278355e-06,-13.500000953674316,-22.500001907348633
test_2914.jpg,d,25.4375,False,-25.625,-25.4375,-25.4375,0.0
test_2915.jpg,c,19.75,False,-23.0,-19.75,0.0,-23.25
test_2916.jpg,d,23.75,False,-26.5,-23.75,-29.8125,0.0
test_2917.jpg,c,19.25,False,-19.25,-20.125,0.0,-23.5625
test_2918.jpg,b,25.0,False,-25.0,0.0,-27.0,-26.125
test_2919.jpg,b,21.25,False,-22.125,0.0,-22.0,-21.25
test_2920.jpg,a,22.25,False,0.0,-22.25,-24.625,-24.5
test_2921.jpg,d,3.0,False,-24.673587799072266,-3.0485873222351074,-22.798587799072266,-0.04858732968568802
test_2922.jpg,c,22.25,False,-22.25,-22.375,0.0,-24.5
test_2923.jpg,a,19.5,False,0.0,-19.5,-21.25,-20.875
test_2924.jpg,d,24.25,False,-24.25,-24.3125,-24.6875,0.0
test_2925.jpg,c,16.75,False,-18.0,-16.75,-1.1920928244535389e-07,-19.375
test_2926.jpg,c,23.0,False,-23.0,-23.5,0.0,-24.125
test_2927.jpg,c,21.0,False,-21.0,-21.625,0.0,-22.125
test_2928.jpg,b,14.25,False,-15.375000953674316,-1.1920922133867862e-06,-14.875000953674316,-14.250000953674316
test_2929.jpg,b,22.375,False,-24.75,0.0,-22.375,-23.875
test_2930.jpg,a,23.0,False,0.0,-23.0,-23.375,-23.625
test_2931.jpg,b,20.0,False,-20.0,0.0,-21.25,-21.75
test_2932.jpg,b,20.0,False,-22.75,0.0,-20.0,-22.75
test_2933.jpg,a,17.25,False,0.0,-17.25,-17.875,-18.625
test_2934.jpg,b,22.75,False,-22.75,0.0,-24.75,-24.875
test_2935.jpg,b,19.5,False,-19.5,0.0,-23.5,-22.6875
test_2936.jpg,c,23.0,False,-23.1875,-23.1875,0.0,-23.0
test_2937.jpg,b,13.0,False,-22.625001907348633,-2.264974000354414e-06,-13.000001907348633,-16.875001907348633
test_2938.jpg,c,23.0,False,-24.25,-23.375,0.0,-23.0
test_2939.jpg,c,19.0,False,-20.25,-19.0,0.0,-21.0
test_2940.jpg,b,22.0,False,-26.0,0.0,-22.0,-22.0
test_2941.jpg,d,25.75,False,-26.75,-25.75,-27.0,0.0
test_2942.jpg,a,21.5,False,0.0,-22.3125,-22.3125,-21.5
test_2943.jpg,b,19.875,False,-22.875,0.0,-25.375,-19.875
test_2944.jpg,a,23.375,False,0.0,-23.375,-23.375,-24.75
test_2945.jpg,a,19.25,False,0.0,-19.25,-23.5625,-22.8125
test_2946.jpg,b,24.0,False,-25.625,0.0,-24.125,-24.0
test_2947.jpg,c,23.375,False,-25.5,-23.375,0.0,-24.0
test_2948.jpg,c,19.625,False,-22.0,-19.875,0.0,-19.625
test_2949.jpg,b,22.625,False,-22.75,0.0,-22.625,-22.875
test_2950.jpg,c,21.5,False,-21.5,-21.625,0.0,-22.875
test_2951.jpg,c,21.375,False,-24.125,-21.625,0.0,-21.375
test_2952.jpg,d,22.875,False,-24.375,-24.375,-22.875,0.0
test_2953.jpg,a,21.75,False,0.0,-21.75,-23.25,-23.25
test_2954.jpg,c,22.625,False,-22.625,-22.875,0.0,-23.125
test_2955.jpg,a,21.5,False,0.0,-21.5,-23.375,-23.625
test_2956.jpg,c,23.875,False,-24.375,-23.875,0.0,-24.125
test_2957.jpg,a,15.0,False,-3.576278118089249e-07,-19.875,-15.0,-22.375
test_2958.jpg,a,18.875,False,0.0,-18.875,-22.25,-21.75
test_2959.jpg,a,22.25,False,0.0,-22.25,-24.375,-26.5
test_2960.jpg,a,13.5,False,-1.5497195136049413e-06,-15.625001907348633,-13.500001907348633,-19.187501907348633
test_2961.jpg,c,5.5,False,-21.004077911376953,-20.004077911376953,-0.004078404977917671,-5.504078388214111
test_2962.jpg,b,21.0,False,-21.0,0.0,-23.375,-22.875
test_2963.jpg,d,25.625,False,-27.75,-25.625,-29.0,0.0
test_2964.jpg,b,26.125,False,-26.125,0.0,-27.875,-26.875
test_2965.jpg,b,5.75,False,-5.753177642822266,-0.003177833277732134,-16.628177642822266,-16.753177642822266
test_2966.jpg,d,24.0,False,-24.375,-24.0,-26.625,0.0
test_2967.jpg,b,23.25,False,-23.5,0.0,-26.625,-23.25
test_2968.jpg,b,24.5,False,-26.625,0.0,-24.5,-24.875
test_2969.jpg,a,15.875,False,-1.1920928244535389e-07,-15.875,-18.0,-19.375
test_2970.jpg,d,23.375,False,-24.125,-23.375,-26.3125,0.0
test_2971.jpg,a,22.0,False,0.0,-22.0,-23.875,-24.8125
test_2972.jpg,d,24.0,False,-24.0,-24.125,-26.375,0.0
test_2973.jpg,b,21.25,False,-21.25,0.0,-24.625,-21.75
test_2974.jpg,d,25.5,False,-25.5,-25.625,-27.75,0.0
test_2975.jpg,a,18.125,False,0.0,-18.125,-19.5,-19.25
test_2976.jpg,b,23.5,False,-23.5,0.0,-23.625,-24.5
test_2977.jpg,b,18.625,False,-24.0,0.0,-18.625,-21.625
test_2978.jpg,c,16.75,False,-19.75,-16.75,0.0,-19.625
test_2979.jpg,c,18.125,False,-20.375,-19.25,0.0,-18.125
test_2980.jpg,a,22.4375,False,0.0,-22.4375,-24.875,-24.0625
test_2981.jpg,d,9.75,False,-21.500059127807617,-9.7500581741333,-19.500059127807617,-5.829164365422912e-05
test_2982.jpg,c,17.75,False,-17.75,-20.25,0.0,-20.125
test_2983.jpg,d,17.875,False,-17.875,-20.4375,-22.46875,0.0
test_2984.jpg,b,7.75,False,-22.375431060791016,-0.0004306104383431375,-17.875431060791016,-7.750430583953857
test_2985.jpg,a,22.25,False,0.0,-22.25,-25.375,-24.375
test_2986.jpg,b,23.0,False,-25.25,0.0,-23.875,-23.0
test_2987.jpg,c,13.625,False,-13.625000953674316,-20.125001907348633,-1.1920922133867862e-06,-18.500001907348633
test_2988.jpg,c,16.125,False,-19.5,-17.625,-1.1920928244535389e-07,-16.125
test_2989.jpg,b,23.875,False,-25.0,0.0,-23.875,-24.625
test_2990.jpg,d,24.5,False,-25.125,-24.5,-25.25,0.0
test_2991.jpg,d,24.375,False,-25.25,-24.375,-25.375,0.0
test_2992.jpg,a,16.125,False,-2.3841855067985307e-07,-16.125,-16.25,-17.375
test_2993.jpg,a,20.875,False,0.0,-21.625,-20.875,-22.125
test_2994.jpg,c,23.25,False,-24.375,-23.25,0.0,-24.25
test_2995.jpg,c,17.5,False,-17.5,-19.375,0.0,-18.875
test_2996.jpg,a,23.25,False,0.0,-23.25,-25.3125,-25.3125
test_2997.jpg,b,21.25,False,-21.25,0.0,-23.25,-22.125
test_2998.jpg,b,27.5,False,-27.5,0.0,-29.375,-28.125
test_2999.jpg,c,19.375,False,-22.375,-20.75,0.0,-19.375
test_3000.jpg,d,24.375,False,-24.375,-24.75,-27.0,0.0
test_3001.jpg,a,26.5,False,0.0,-26.5,-26.75,-28.25
test_3002.jpg,b,2.5,False,-2.578889846801758,-0.07888974994421005,-18.203889846801758,-17.578889846801758
test_3003.jpg,c,12.625,False,-18.000003814697266,-16.250003814697266,-3.4570634852570947e-06,-12.625003814697266
test_3004.jpg,d,25.75,False,-26.25,-25.75,-28.1875,0.0
test_3005.jpg,c,19.25,False,-19.25,-19.625,0.0,-20.5
test_3006.jpg,b,24.0,False,-24.0,0.0,-25.125,-24.375
test_3007.jpg,a,21.75,False,0.0,-21.75,-26.125,-27.375
test_3008.jpg,d,24.125,False,-25.875,-24.125,-26.0,0.0
test_3009.jpg,d,21.75,False,-21.75,-23.0,-22.8125,0.0
test_3010.jpg,b,16.0,False,-22.125,-1.1920928244535389e-07,-19.125,-16.0
test_3011.jpg,b,24.0,False,-24.0,0.0,-24.625,-25.75
test_3012.jpg,b,20.625,False,-21.625,0.0,-20.625,-21.0
test_3013.jpg,d,23.25,False,-24.625,-23.25,-25.5625,0.0
test_3014.jpg,c,13.0,False,-13.00000286102295,-16.750001907348633,-2.622600959512056e-06,-15.00000286102295
test_3015.jpg,c,17.625,False,-23.5,-17.625,0.0,-19.75
test_3016.jpg,d,23.0,False,-24.0,-23.0,-24.75,0.0
test_3017.jpg,a,14.5,False,-4.768370445162873e-07,-19.5,-14.5,-23.0
test_3018.jpg,d,25.375,False,-25.875,-25.375,-28.375,0.0
test_3019.jpg,c,19.0,False,-20.75,-19.875,0.0,-19.0
test_3020.jpg,d,24.875,False,-25.875,-24.875,-28.125,0.0
test_3021.jpg,b,23.0,False,-23.0,0.0,-26.0,-25.625
test_3022.jpg,b,21.0,False,-21.875,0.0,-23.125,-21.0
test_3023.jpg,a,21.8125,False,0.0,-21.8125,-23.6875,-23.75
test_3024.jpg,d,7.5,False,-25.375553131103516,-7.500553131103516,-25.750553131103516,-0.0005529781919904053
test_3025.jpg,c,19.0,False,-24.625,-24.25,0.0,-19.0
test_3026.jpg,d,21.125,False,-21.125,-21.125,-22.25,0.0
test_3027.jpg,d,24.0,False,-24.0,-24.25,-24.625,0.0
test_3028.jpg,b,23.75,False,-23.75,0.0,-24.625,-24.625
test_3029.jpg,b,21.875,False,-21.875,0.0,-26.75,-23.5
test_3030.jpg,d,23.25,False,-23.25,-23.25,-24.625,0.0
test_3031.jpg,a,19.75,False,0.0,-20.5,-19.75,-20.75
test_3032.jpg,d,25.25,False,-26.75,-25.25,-28.25,0.0
test_3033.jpg,c,22.0625,False,-22.0625,-22.125,0.0,-22.3125
test_3034.jpg,c,21.25,False,-21.375,-21.25,0.0,-22.25
test_3035.jpg,a,22.125,False,0.0,-22.125,-23.9375,-23.125
test_3036.jpg,b,19.75,False,-19.75,0.0,-22.125,-23.25
test_3037.jpg,b,10.375,False,-10.375031471252441,-3.123234637314454e-05,-22.750030517578125,-22.000030517578125
test_3038.jpg,c,21.5,False,-22.875,-21.5,0.0,-21.75
test_3039.jpg,d,16.875,False,-16.875,-21.625,-24.875,0.0
test_3040.jpg,c,22.25,False,-22.375,-22.25,0.0,-25.6875
test_3041.jpg,b,19.5,False,-19.5,0.0,-20.0,-20.125
test_3042.jpg,d,22.125,False,-25.0,-22.125,-22.875,0.0
test_3043.jpg,b,23.5,False,-24.0,0.0,-23.625,-23.5
test_3044.jpg,b,1.75,True,-3.9938478469848633,-0.09384754300117493,-3.4188475608825684,-5.281347751617432
test_3045.jpg,b,24.5,False,-25.0,0.0,-24.5,-25.5
test_3046.jpg,a,23.125,False,0.0,-23.125,-26.0,-26.375
test_3047.jpg,c,20.4375,False,-20.4375,-21.25,0.0,-23.25
test_3048.jpg,c,17.75,False,-19.0,-18.25,0.0,-17.75
test_3049.jpg,a,22.0,False,0.0,-22.0,-23.4375,-23.0625
test_3050.jpg,c,22.625,False,-23.5625,-22.625,0.0,-22.875
test_3051.jpg,c,2.75,False,-2.812011480331421,-10.06201171875,-0.06201142445206642,-13.68701171875
test_3052.jpg,d,21.625,False,-24.375,-21.625,-21.875,0.0
test_3053.jpg,b,10.5,False,-24.00002670288086,-2.753696753643453e-05,-21.00002670288086,-10.500027656555176
test_3054.jpg,a,22.125,False,0.0,-22.75,-22.125,-23.75
test_3055.jpg,a,18.375,False,0.0,-21.625,-18.375,-21.875
test_3056.jpg,b,19.625,False,-20.625,0.0,-20.0,-19.625
test_3057.jpg,c,19.625,False,-21.3125,-19.75,0.0,-19.625
test_3058.jpg,a,22.75,False,0.0,-22.75,-25.125,-26.125
test_3059.jpg,c,20.375,False,-20.375,-20.75,0.0,-21.875
test_3060.jpg,b,19.25,False,-24.125,0.0,-19.25,-21.125
test_3061.jpg,d,24.25,False,-28.375,-26.25,-24.25,0.0
test_3062.jpg,a,24.125,False,0.0,-24.125,-25.5,-24.75
test_3063.jpg,d,10.5,False,-10.500027656555176,-17.37502670288086,-20.75002670288086,-2.753696753643453e-05
test_3064.jpg,a,20.25,False,0.0,-20.25,-21.75,-22.625
test_3065.jpg,b,18.75,False,-18.75,0.0,-22.0,-21.25
test_3066.jpg,d,20.625,False,-24.0,-20.625,-21.75,0.0
test_3067.jpg,a,19.375,False,0.0,-21.25,-19.375,-21.875
test_3068.jpg,a,19.5,False,0.0,-19.5,-21.875,-20.75
test_3069.jpg,d,23.5,False,-25.375,-24.75,-23.5,0.0
test_3070.jpg,b,23.125,False,-23.25,0.0,-26.0,-23.125
test_3071.jpg,d,22.5,False,-23.25,-22.5,-23.25,0.0
test_3072.jpg,a,20.75,False,0.0,-20.75,-25.75,-21.125
test_3073.jpg,a,18.25,False,0.0,-19.625,-18.25,-20.875
test_3074.jpg,a,17.25,False,0.0,-24.5,-17.25,-24.5
test_3075.jpg,b,16.625,False,-20.875,-1.1920928244535389e-07,-16.625,-19.625
test_3076.jpg,c,18.0,False,-23.5,-22.75,0.0,-18.0
test_3077.jpg,d,24.125,False,-26.0,-25.875,-24.125,0.0
test_3078.jpg,b,23.5,False,-23.5,0.0,-25.625,-25.125
test_3079.jpg,c,18.75,False,-21.125,-19.0,0.0,-18.75
test_3080.jpg,b,24.5,False,-25.5,0.0,-24.5,-26.375
test_3081.jpg,a,22.75,False,0.0,-22.75,-26.5,-25.125
test_3082.jpg,c,23.5,False,-23.75,-23.625,0.0,-23.5
test_3083.jpg,b,17.75,False,-22.375,0.0,-17.75,-20.0
test_3084.jpg,b,25.75,False,-25.75,0.0,-28.125,-27.625
test_3085.jpg,b,21.125,False,-21.125,0.0,-21.25,-21.5
test_3086.jpg,d,11.75,False,-22.62500762939453,-11.750007629394531,-21.50000762939453,-7.867782187531702e-06
test_3087.jpg,c,19.0,False,-20.875,-19.875,0.0,-19.0
test_3088.jpg,c,20.25,False,-21.625,-20.25,0.0,-21.5
test_3089.jpg,a,18.875,False,0.0,-18.875,-19.625,-20.625
test_3090.jpg,d,22.5,False,-22.5,-23.125,-26.0,0.0
test_3091.jpg,c,22.25,False,-23.25,-22.25,0.0,-25.75
test_3092.jpg,d,21.5,False,-22.25,-22.25,-21.5,0.0
test_3093.jpg,c,22.25,False,-22.875,-22.25,0.0,-24.0
test_3094.jpg,d,21.5,False,-21.5,-22.6875,-22.75,0.0
test_3095.jpg,a,16.875,False,0.0,-17.375,-19.75,-16.875
test_3096.jpg,b,24.25,False,-24.25,0.0,-29.125,-25.5
test_3097.jpg,a,22.125,False,0.0,-22.125,-25.375,-25.3125
test_3098.jpg,b,19.875,False,-19.875,0.0,-21.125,-20.75
test_3099.jpg,c,22.25,False,-23.5,-22.25,0.0,-25.0
test_3100.jpg,c,22.125,False,-22.125,-22.125,0.0,-25.4375
test_3101.jpg,d,24.0,False,-25.625,-24.125,-24.0,0.0
test_3102.jpg,b,16.25,False,-19.375,-1.1920928244535389e-07,-19.0,-16.25
test_3103.jpg,d,25.875,False,-28.25,-25.875,-29.125,0.0
test_3104.jpg,a,22.125,False,0.0,-22.125,-22.375,-23.25
test_3105.jpg,a,18.75,False,0.0,-18.75,-19.0,-19.5
test_3106.jpg,a,20.5,False,0.0,-20.5,-21.375,-22.375
test_3107.jpg,b,15.5,False,-17.75,-2.3841855067985307e-07,-15.5,-17.125
test_3108.jpg,c,20.0,False,-21.125,-20.0,0.0,-20.5
test_3109.jpg,c,0.0,True,-6.508030891418457,-16.333030700683594,-0.20803076028823853,-16.18303108215332
test_3110.jpg,d,19.625,False,-25.5,-19.625,-24.0,0.0
test_3111.jpg,a,22.5,False,0.0,-22.5,-25.125,-25.0
test_3112.jpg,c,1.0,True,-19.631479263305664,-16.731477737426758,-0.09397891908884048,-10.631478309631348
test_3113.jpg,a,20.375,False,0.0,-22.25,-20.375,-23.25
test_3114.jpg,b,15.25,False,-15.25,-2.3841855067985307e-07,-19.625,-21.0
test_3115.jpg,d,24.375,False,-26.625,-24.375,-24.5,0.0
test_3116.jpg,b,25.375,False,-25.375,0.0,-27.75,-25.5
test_3117.jpg,d,2.25,False,-13.600208282470703,-16.975208282470703,-2.350207805633545,-0.10020788013935089
test_3118.jpg,a,22.5,False,0.0,-22.5,-26.6875,-25.875
test_3119.jpg,b,16.875,False,-18.875,0.0,-18.0,-16.875
test_3120.jpg,c,19.375,False,-19.375,-19.875,0.0,-21.0
test_3121.jpg,a,21.875,False,0.0,-21.875,-22.5,-24.9375
test_3122.jpg,a,18.0,False,0.0,-18.0,-19.0,-19.625
test_3123.jpg,d,27.125,False,-29.25,-27.125,-29.125,0.0
test_3124.jpg,c,18.125,False,-20.875,-18.125,0.0,-19.375
test_3125.jpg,a,16.0,False,-1.1920928244535389e-07,-19.125,-16.0,-18.375
test_3126.jpg,c,22.125,False,-22.125,-23.25,0.0,-24.875
test_3127.jpg,d,17.375,False,-17.375,-18.5,-17.75,0.0
test_3128.jpg,b,23.5,False,-23.5,0.0,-26.75,-24.75
test_3129.jpg,c,18.125,False,-18.5,-18.625,0.0,-18.125
test_3130.jpg,a,24.1875,False,0.0,-24.1875,-26.8125,-24.9375
test_3131.jpg,d,25.0,False,-25.0,-25.25,-28.375,0.0
test_3132.jpg,c,22.5,False,-24.0,-22.75,0.0,-22.5
test_3133.jpg,b,24.0,False,-24.0,0.0,-25.5,-27.125
test_3134.jpg,d,20.25,False,-24.5,-21.5,-20.25,0.0
test_3135.jpg,b,19.0,False,-19.375,0.0,-19.25,-19.0
test_3136.jpg,d,21.5,False,-21.5,-21.5,-24.125,0.0
test_3137.jpg,b,25.75,False,-25.75,0.0,-28.0,-26.25
test_3138.jpg,c,20.25,False,-24.375,-20.25,0.0,-24.375
test_3139.jpg,a,15.875,False,-1.1920928244535389e-07,-15.875,-22.5,-21.75
test_3140.jpg,b,22.25,False,-23.125,0.0,-22.25,-23.75
test_3141.jpg,b,13.25,False,-13.250001907348633,-1.7881377516459906e-06,-19.125001907348633,-18.625001907348633
test_3142.jpg,c,21.375,False,-22.125,-22.0,0.0,-21.375
test_3143.jpg,a,20.375,False,0.0,-20.375,-20.75,-20.5
test_3144.jpg,d,25.0,False,-27.25,-25.0,-26.25,0.0
test_3145.jpg,b,25.375,False,-25.375,0.0,-26.125,-25.5
test_3146.jpg,d,23.625,False,-24.5,-23.625,-26.6875,0.0
test_3147.jpg,d,19.75,False,-19.75,-20.375,-26.375,0.0
test_3148.jpg,b,25.625,False,-26.125,0.0,-26.0,-25.625
test_3149.jpg,b,14.875,False,-24.125,-3.576278118089249e-07,-26.875,-14.875
test_3150.jpg,c,18.875,False,-21.75,-18.875,0.0,-19.375
test_3151.jpg,b,24.25,False,-24.25,0.0,-28.0,-26.625
test_3152.jpg,b,19.375,False,-22.625,0.0,-24.5,-19.375
test_3153.jpg,c,20.375,False,-20.375,-20.5625,0.0,-20.875
test_3154.jpg,d,26.0,False,-28.125,-26.125,-26.0,0.0
test_3155.jpg,b,0.75,True,-17.816097259521484,-0.34109875559806824,-19.41609764099121,-13.9410982131958
test_3156.jpg,b,22.875,False,-22.875,0.0,-26.5625,-25.375
test_3157.jpg,c,23.125,False,-24.125,-23.125,0.0,-25.8125
test_3158.jpg,d,6.5,False,-22.751502990722656,-6.501502513885498,-19.251502990722656,-0.0015023384476080537
test_3159.jpg,a,19.875,False,0.0,-19.875,-21.5,-21.625
test_3160.jpg,c,21.375,False,-23.125,-21.375,0.0,-21.625
test_3161.jpg,a,17.375,False,0.0,-17.375,-19.875,-20.25
test_3162.jpg,b,23.875,False,-23.875,0.0,-26.75,-25.5
test_3163.jpg,d,19.75,False,-19.75,-21.0,-21.125,0.0
test_3164.jpg,c,20.9375,False,-20.9375,-22.0,0.0,-22.25
test_3165.jpg,a,18.875,False,0.0,-18.875,-19.625,-21.75
test_3166.jpg,d,17.25,False,-24.875,-17.25,-23.5,0.0
test_3167.jpg,c,22.1875,False,-22.1875,-23.0,0.0,-23.375
test_3168.jpg,d,24.0,False,-27.625,-24.0,-25.125,0.0
test_3169.jpg,a,19.5,False,0.0,-19.5,-19.75,-20.625
test_3170.jpg,b,24.375,False,-24.375,0.0,-28.5,-26.5
test_3171.jpg,d,25.75,False,-26.875,-25.75,-28.625,0.0
test_3172.jpg,a,16.375,False,-1.1920928244535389e-07,-18.125,-16.375,-20.875
test_3173.jpg,a,20.0,False,0.0,-20.0,-22.5625,-23.125
test_3174.jpg,a,21.375,False,0.0,-21.375,-22.75,-22.875
test_3175.jpg,a,12.0,False,-6.198863957251888e-06,-12.000005722045898,-18.0000057220459,-21.7500057220459
test_3176.jpg,a,25.875,False,0.0,-25.875,-26.75,-29.3125
test_3177.jpg,d,2.75,False,-21.686967849731445,-2.811967611312866,-24.936967849731445,-0.06196761503815651
test_3178.jpg,d,22.0,False,-26.75,-22.0,-26.5,0.0
test_3179.jpg,d,24.375,False,-26.6875,-24.375,-24.6875,0.0
test_3180.jpg,a,21.0,False,0.0,-21.0,-22.25,-22.625
test_3181.jpg,c,11.5,False,-21.625009536743164,-19.625009536743164,-1.0132738680113107e-05,-11.50001049041748
test_3182.jpg,a,20.3125,False,0.0,-20.3125,-22.125,-21.4375
test_3183.jpg,a,18.375,False,0.0,-18.375,-18.75,-19.875
test_3184.jpg,a,20.375,False,0.0,-20.375,-22.375,-22.78125
test_3185.jpg,b,20.0,False,-21.125,0.0,-21.5,-20.0
test_3186.jpg,c,20.625,False,-21.125,-20.625,0.0,-20.875
test_3187.jpg,a,25.875,False,0.0,-25.875,-28.75,-27.8125
test_3188.jpg,a,22.875,False,0.0,-23.625,-27.25,-22.875
test_3189.jpg,d,18.5,False,-23.875,-20.125,-18.5,0.0
test_3190.jpg,d,25.125,False,-25.625,-25.125,-26.0,0.0
test_3191.jpg,b,23.125,False,-23.125,0.0,-23.5,-23.375
test_3192.jpg,a,22.5,False,0.0,-22.5,-23.125,-24.8125
test_3193.jpg,a,17.5,False,0.0,-17.5,-20.875,-18.875
test_3194.jpg,c,16.75,False,-24.25,-18.625,0.0,-16.75
test_3195.jpg,c,23.625,False,-23.875,-23.625,0.0,-24.625
test_3196.jpg,b,0.5,True,-21.573036193847656,-0.17303535342216492,-18.110536575317383,-12.57303524017334
test_3197.jpg,b,19.0,False,-22.75,0.0,-19.0,-21.625
test_3198.jpg,a,8.875,False,-0.00013982271775603294,-18.500139236450195,-8.875140190124512,-21.875139236450195
test_3199.jpg,c,21.5,False,-22.375,-21.5,0.0,-22.375
test_3200.jpg,c,18.625,False,-22.0,-18.625,0.0,-19.125
test_3201.jpg,d,25.125,False,-25.125,-26.1875,-29.875,0.0
test_3202.jpg,c,19.4375,False,-19.9375,-19.4375,0.0,-21.3125
test_3203.jpg,c,21.125,False,-21.75,-21.125,0.0,-21.75
test_3204.jpg,d,25.625,False,-26.875,-25.625,-27.25,0.0
test_3205.jpg,a,22.875,False,0.0,-22.875,-24.75,-25.625
test_3206.jpg,d,22.375,False,-24.75,-23.0,-22.375,0.0
test_3207.jpg,a,22.625,False,0.0,-22.625,-24.0,-23.0
test_3208.jpg,c,22.25,False,-25.75,-22.25,0.0,-22.25
test_3209.jpg,c,20.25,False,-21.25,-20.375,0.0,-20.25
test_3210.jpg,c,18.75,False,-19.0,-18.75,0.0,-19.5
test_3211.jpg,d,25.375,False,-26.625,-25.375,-28.375,0.0
test_3212.jpg,b,0.25,True,-11.427305221557617,-1.077305555343628,-1.3773056268692017,-16.00230598449707
test_3213.jpg,a,22.125,False,0.0,-22.125,-23.25,-24.5
test_3214.jpg,d,22.375,False,-22.375,-23.875,-26.3125,0.0
test_3215.jpg,a,10.25,False,-3.540453326422721e-05,-10.250035285949707,-17.000036239624023,-17.375036239624023
test_3216.jpg,c,20.125,False,-20.125,-20.5,0.0,-20.875
test_3217.jpg,d,2.0,True,-23.55057716369629,-12.450578689575195,-24.050579071044922,-0.038078416138887405
test_3218.jpg,d,22.25,False,-23.5,-22.25,-23.75,0.0
test_3219.jpg,a,6.0,False,-0.002790250116959214,-9.377790451049805,-6.002790451049805,-8.377790451049805
test_3220.jpg,a,20.3125,False,0.0,-20.3125,-21.125,-23.9375
test_3221.jpg,b,20.875,False,-20.875,0.0,-24.5,-23.75
test_3222.jpg,a,24.875,False,0.0,-24.875,-27.25,-25.0
test_3223.jpg,c,21.625,False,-22.625,-21.625,0.0,-24.125
test_3224.jpg,a,22.5,False,0.0,-22.5,-24.875,-24.125
test_3225.jpg,b,26.25,False,-26.25,0.0,-28.125,-26.375
test_3226.jpg,c,5.75,False,-22.503177642822266,-5.753177642822266,-0.0031777145341038704,-18.628177642822266
test_3227.jpg,a,0.75,True,-0.11608130484819412,-14.553581237792969,-7.691081523895264,-15.416081428527832
test_3228.jpg,b,25.625,False,-25.625,0.0,-25.875,-26.75
test_3229.jpg,c,19.875,False,-21.125,-19.875,0.0,-22.125
test_3230.jpg,a,2.75,False,-0.06196761503815651,-2.811967611312866,-17.686967849731445,-19.936967849731445
test_3231.jpg,b,10.5,False,-20.75002670288086,-2.753696753643453e-05,-19.75002670288086,-10.500027656555176
test_3232.jpg,c,18.875,False,-18.875,-22.25,0.0,-21.625
test_3233.jpg,b,20.625,False,-21.875,0.0,-22.25,-20.625
test_3234.jpg,a,24.25,False,0.0,-24.25,-26.0625,-25.3125
test_3235.jpg,d,23.125,False,-23.125,-24.125,-26.75,0.0
test_3236.jpg,d,22.125,False,-24.75,-22.625,-22.125,0.0
test_3237.jpg,a,21.625,False,0.0,-21.625,-24.4375,-23.625
test_3238.jpg,a,23.0,False,0.0,-23.0,-24.0,-23.625
test_3239.jpg,d,5.375,False,-7.879998683929443,-17.7549991607666,-5.379998683929443,-0.00499856797978282
test_3240.jpg,d,22.875,False,-25.875,-22.875,-24.25,0.0
test_3241.jpg,c,17.25,False,-18.75,-17.25,0.0,-20.9375
test_3242.jpg,b,8.25,False,-8.250261306762695,-0.0002613918040879071,-18.250261306762695,-16.625261306762695
test_3243.jpg,a,23.625,False,0.0,-23.625,-25.0,-26.0
test_3244.jpg,b,23.125,False,-23.125,0.0,-26.5,-24.375
test_3245.jpg,a,21.75,False,0.0,-21.75,-25.875,-26.5
test_3246.jpg,b,22.5,False,-22.5,0.0,-23.75,-22.75
test_3247.jpg,b,21.875,False,-21.875,0.0,-25.5625,-23.875
test_3248.jpg,c,19.75,False,-21.0,-19.75,0.0,-20.0
test_3249.jpg,d,24.5,False,-26.25,-24.5,-27.5,0.0
test_3250.jpg,d,21.875,False,-24.0,-21.875,-24.0,0.0
test_3251.jpg,d,18.875,False,-18.875,-24.5,-27.5,0.0
test_3252.jpg,a,23.0625,False,0.0,-23.0625,-25.1875,-25.4375
test_3253.jpg,c,21.875,False,-21.875,-22.375,0.0,-23.0
test_3254.jpg,d,22.75,False,-23.625,-22.75,-25.125,0.0
test_3255.jpg,d,22.0,False,-25.0,-22.0,-22.125,0.0
test_3256.jpg,c,23.75,False,-24.5,-23.75,0.0,-24.125
test_3257.jpg,b,7.75,False,-7.750430583953857,-0.0004306104383431375,-17.750431060791016,-23.750431060791016
test_3258.jpg,a,25.25,False,0.0,-25.25,-27.5,-27.375
test_3259.jpg,a,19.375,False,0.0,-19.375,-20.125,-21.0
test_3260.jpg,b,23.5,False,-24.5,0.0,-23.5,-24.375
test_3261.jpg,a,20.25,False,0.0,-20.25,-21.625,-21.5
test_3262.jpg,d,10.0,False,-12.875048637390137,-14.500048637390137,-10.000048637390137,-4.851700214203447e-05
test_3263.jpg,c,2.25,False,-2.3502070903778076,-14.725207328796387,-0.10020701587200165,-16.22520637512207
test_3264.jpg,d,23.75,False,-24.25,-23.75,-24.0,0.0
test_3265.jpg,a,12.0,False,-6.198863957251888e-06,-20.8750057220459,-12.000005722045898,-20.1250057220459
test_3266.jpg,c,21.75,False,-22.25,-21.75,0.0,-22.5
test_3267.jpg,c,24.0,False,-24.0,-27.375,0.0,-25.0
test_3268.jpg,a,19.375,False,0.0,-19.375,-21.375,-21.5
test_3269.jpg,d,27.75,False,-29.125,-27.75,-29.5,0.0
test_3270.jpg,b,22.125,False,-22.125,0.0,-23.25,-23.8125
test_3271.jpg,a,21.875,False,0.0,-21.875,-23.4375,-23.3125
test_3272.jpg,c,20.375,False,-21.0,-20.375,0.0,-21.875
test_3273.jpg,a,22.125,False,0.0,-22.125,-25.125,-24.5
test_3274.jpg,b,18.875,False,-19.25,0.0,-19.5,-18.875
test_3275.jpg,a,10.75,False,-2.1457441107486375e-05,-10.750020980834961,-18.87502098083496,-21.12502098083496
test_3276.jpg,c,19.25,False,-20.125,-20.375,0.0,-19.25
test_3277.jpg,c,19.125,False,-22.5,-19.5,0.0,-19.125
test_3278.jpg,c,21.0,False,-22.0,-21.0,0.0,-23.0
test_3279.jpg,a,23.6875,False,0.0,-23.6875,-24.125,-24.75
test_3280.jpg,c,22.5,False,-22.5,-22.75,0.0,-24.0
test_3281.jpg,a,24.5625,False,0.0,-24.5625,-25.75,-25.8125
test_3282.jpg,a,17.25,False,0.0,-20.125,-17.25,-22.375
test_3283.jpg,c,20.625,False,-22.125,-20.625,0.0,-21.0
test_3284.jpg,d,25.125,False,-27.5,-25.125,-25.125,0.0
test_3285.jpg,c,9.25,False,-23.37509536743164,-19.75009536743164,-9.60780744208023e-05,-9.250096321105957
test_3286.jpg,b,20.375,False,-20.375,0.0,-22.0,-23.375
test_3287.jpg,b,23.625,False,-23.625,0.0,-24.25,-24.875
test_3288.jpg,d,25.625,False,-25.625,-27.625,-25.625,0.0
test_3289.jpg,a,24.0625,False,0.0,-24.0625,-25.9375,-26.4375
test_3290.jpg,c,22.75,False,-24.125,-23.625,0.0,-22.75
test_3291.jpg,a,17.25,False,0.0,-18.75,-17.25,-19.875
test_3292.jpg,d,12.0,False,-12.000005722045898,-20.5000057220459,-25.8750057220459,-6.198863957251888e-06
test_3293.jpg,a,22.125,False,0.0,-22.125,-24.0,-23.375
test_3294.jpg,d,22.5,False,-26.625,-22.5,-23.125,0.0
test_3295.jpg,d,22.5,False,-23.125,-22.5,-24.0,0.0
test_3296.jpg,d,20.75,False,-20.75,-21.25,-22.125,0.0
test_3297.jpg,d,26.25,False,-28.625,-26.25,-28.0,0.0
test_3298.jpg,c,19.125,False,-20.875,-19.125,0.0,-19.75
test_3299.jpg,a,21.5,False,0.0,-21.5,-22.125,-23.25
test_3300.jpg,d,22.0,False,-24.5,-22.0,-24.0,0.0
test_3301.jpg,b,24.25,False,-24.25,0.0,-28.375,-26.0
test_3302.jpg,d,24.875,False,-24.875,-25.625,-28.0625,0.0
test_3303.jpg,a,21.875,False,0.0,-21.875,-23.625,-23.375
test_3304.jpg,c,17.5,False,-19.75,-18.625,0.0,-17.5
test_3305.jpg,c,19.875,False,-19.875,-20.125,0.0,-19.875
test_3306.jpg,a,23.25,False,0.0,-23.25,-25.125,-25.875
test_3307.jpg,d,23.75,False,-24.625,-23.75,-27.625,0.0
test_3308.jpg,b,20.125,False,-20.125,0.0,-26.875,-23.25
test_3309.jpg,c,21.625,False,-22.375,-21.625,0.0,-24.5
test_3310.jpg,d,20.875,False,-20.875,-22.75,-23.875,0.0
test_3311.jpg,c,18.375,False,-24.25,-20.75,0.0,-18.375
test_3312.jpg,c,18.625,False,-18.625,-20.0,0.0,-20.5
test_3313.jpg,a,25.375,False,0.0,-25.375,-28.0625,-27.875
test_3314.jpg,d,25.25,False,-26.375,-25.25,-28.375,0.0
test_3315.jpg,c,20.25,False,-20.25,-21.9375,0.0,-22.0
test_3316.jpg,b,16.5,False,-25.875,-1.1920928244535389e-07,-16.5,-18.0
test_3317.jpg,c,10.75,False,-14.500021934509277,-10.750021934509277,-2.1934269170742482e-05,-16.87502098083496
test_3318.jpg,a,21.5,False,0.0,-21.5,-23.5,-22.375
test_3319.jpg,d,25.0,False,-28.125,-25.0,-25.375,0.0
test_3320.jpg,c,20.625,False,-22.875,-21.375,0.0,-20.625
test_3321.jpg,c,22.75,False,-25.125,-22.75,0.0,-23.25
test_3322.jpg,c,19.25,False,-22.0,-20.125,0.0,-19.25
test_3323.jpg,a,21.0,False,0.0,-21.0,-22.125,-23.4375
test_3324.jpg,c,22.875,False,-23.0,-22.875,0.0,-23.375
test_3325.jpg,c,18.125,False,-22.875,-20.0,0.0,-18.125
test_3326.jpg,b,22.125,False,-22.125,0.0,-24.0,-24.625
test_3327.jpg,b,16.25,False,-16.25,-1.1920928244535389e-07,-19.625,-22.375
test_3328.jpg,c,12.5,False,-12.500004768371582,-15.125004768371582,-4.410734163684538e-06,-14.750004768371582
test_3329.jpg,c,21.25,False,-25.5,-23.875,0.0,-21.25
test_3330.jpg,c,22.25,False,-22.25,-22.75,0.0,-23.875
test_3331.jpg,d,24.75,False,-27.0,-24.75,-26.375,0.0
test_3332.jpg,d,1.0,True,-9.45648193359375,-15.568982124328613,-16.01898193359375,-0.39398205280303955
test_3333.jpg,c,19.5,False,-21.125,-19.5,0.0,-19.5
test_3334.jpg,d,25.0,False,-26.625,-25.0,-26.5,0.0
test_3335.jpg,b,24.25,False,-24.25,0.0,-27.375,-24.75
test_3336.jpg,c,20.5,False,-22.125,-20.5,0.0,-21.5
test_3337.jpg,b,21.125,False,-21.125,0.0,-22.875,-22.25
test_3338.jpg,c,20.0,False,-21.5,-20.375,0.0,-20.0
test_3339.jpg,a,3.5,False,-0.029750533401966095,-16.02975082397461,-19.52975082397461,-3.5297505855560303
test_3340.jpg,c,1.25,True,-14.23943042755127,-1.5644303560256958,-0.5394303798675537,-15.551931381225586
test_3341.jpg,a,25.25,False,0.0,-25.25,-27.25,-27.625
test_3342.jpg,b,23.5,False,-24.5,0.0,-26.375,-23.5
test_3343.jpg,c,18.75,False,-22.0,-18.75,0.0,-19.375
test_3344.jpg,a,23.25,False,0.0,-23.25,-26.1875,-26.1875
test_3345.jpg,c,13.5,False,-13.50000286102295,-13.75000286102295,-2.622600959512056e-06,-15.25000286102295
test_3346.jpg,d,22.375,False,-25.375,-22.375,-24.375,0.0
test_3347.jpg,d,24.5,False,-25.75,-24.5,-26.5625,0.0
test_3348.jpg,d,25.625,False,-26.625,-25.625,-27.875,0.0
test_3349.jpg,c,19.625,False,-20.75,-20.375,0.0,-19.625
test_3350.jpg,d,14.25,False,-26.375,-14.250000953674316,-23.25,-5.960462772236497e-07
test_3351.jpg,c,20.5,False,-22.75,-20.5,0.0,-20.625
test_3352.jpg,a,22.75,False,0.0,-22.75,-25.375,-25.0625
test_3353.jpg,b,22.75,False,-22.75,0.0,-27.25,-25.375
test_3354.jpg,a,15.75,False,-1.1920928244535389e-07,-15.75,-19.0,-22.0
test_3355.jpg,b,20.875,False,-20.875,0.0,-22.0,-21.0
test_3356.jpg,d,23.25,False,-26.5,-23.375,-23.25,0.0
test_3357.jpg,a,21.25,False,0.0,-21.25,-22.4375,-23.0625
test_3358.jpg,c,19.0,False,-19.5,-19.75,0.0,-19.0
test_3359.jpg,a,21.375,False,0.0,-21.375,-23.875,-23.5
test_3360.jpg,b,16.875,False,-16.875,0.0,-17.25,-19.0
test_3361.jpg,c,22.875,False,-22.875,-23.0,0.0,-23.0
test_3362.jpg,b,21.625,False,-21.625,0.0,-22.75,-22.0
test_3363.jpg,a,17.875,False,0.0,-17.875,-18.625,-19.75
test_3364.jpg,b,24.125,False,-24.125,0.0,-25.125,-25.0
test_3365.jpg,b,21.5,False,-21.5,0.0,-27.375,-22.625
test_3366.jpg,d,1.25,True,-15.395040512084961,-16.545040130615234,-11.832540512084961,-0.08254056423902512
test_3367.jpg,d,24.0,False,-24.0,-24.1875,-24.9375,0.0
test_3368.jpg,d,18.25,False,-27.0,-22.375,-18.25,0.0
test_3369.jpg,d,22.8125,False,-23.25,-22.8125,-23.5,0.0
test_3370.jpg,d,13.75,False,-24.625001907348633,-19.875001907348633,-13.750000953674316,-1.0728830375228426e-06
test_3371.jpg,a,22.25,False,0.0,-22.25,-23.5,-25.625
test_3372.jpg,b,21.875,False,-21.875,0.0,-24.375,-22.125
test_3373.jpg,b,23.0,False,-23.0,0.0,-24.375,-25.125
test_3374.jpg,a,19.5,False,0.0,-19.5,-19.75,-22.0
test_3375.jpg,d,25.125,False,-25.875,-25.125,-28.0,0.0
test_3376.jpg,c,17.625,False,-20.625,-17.625,0.0,-19.875
test_3377.jpg,b,22.25,False,-22.25,0.0,-28.375,-24.5
test_3378.jpg,b,21.375,False,-21.375,0.0,-21.75,-23.0
test_3379.jpg,b,25.0,False,-25.0,0.0,-25.25,-26.5
test_3380.jpg,c,19.75,False,-21.625,-20.25,0.0,-19.75
test_3381.jpg,a,22.875,False,0.0,-22.875,-24.0625,-25.0
test_3382.jpg,c,18.25,False,-19.0,-18.25,0.0,-19.5
test_3383.jpg,a,20.875,False,0.0,-20.875,-22.6875,-22.75
test_3384.jpg,d,18.5,False,-22.0,-18.5,-21.375,0.0
test_3385.jpg,d,23.0,False,-28.25,-24.75,-23.0,0.0
test_3386.jpg,c,14.75,False,-16.5,-14.75,-4.768370445162873e-07,-16.875
test_3387.jpg,b,20.625,False,-20.625,0.0,-21.25,-21.375
test_3388.jpg,a,19.375,False,0.0,-19.375,-24.125,-20.0
test_3389.jpg,c,23.8125,False,-23.8125,-24.0625,0.0,-25.1875
test_3390.jpg,a,18.0,False,0.0,-19.625,-18.0,-25.4375
test_3391.jpg,a,15.625,False,-1.1920928244535389e-07,-21.375,-22.625,-15.625
test_3392.jpg,c,16.5,False,-19.875,-16.875,-1.1920928244535389e-07,-16.5
test_3393.jpg,b,19.5,False,-22.375,0.0,-19.5,-22.25
test_3394.jpg,c,21.5,False,-21.5,-22.0,0.0,-21.9375
test_3395.jpg,b,24.25,False,-24.25,0.0,-26.5,-26.5
test_3396.jpg,d,21.875,False,-21.875,-23.25,-26.5625,0.0
test_3397.jpg,b,17.375,False,-19.0,0.0,-17.375,-19.125
test_3398.jpg,b,23.25,False,-23.25,0.0,-28.125,-24.625
test_3399.jpg,c,23.125,False,-23.375,-23.125,0.0,-27.25
test_3400.jpg,c,13.75,False,-22.000001907348633,-13.750000953674316,-1.0728830375228426e-06,-21.000001907348633
test_3401.jpg,b,20.0,False,-22.25,0.0,-20.0,-21.375
test_3402.jpg,b,23.5,False,-23.5,0.0,-26.0,-25.375
test_3403.jpg,a,22.75,False,0.0,-22.75,-23.0,-25.25
test_3404.jpg,b,23.625,False,-23.625,0.0,-27.625,-25.125
test_3405.jpg,d,23.25,False,-23.25,-23.375,-25.6875,0.0
test_3406.jpg,c,23.375,False,-23.625,-23.375,0.0,-24.875
test_3407.jpg,d,20.875,False,-25.125,-21.125,-20.875,0.0
test_3408.jpg,c,19.875,False,-20.5,-19.875,0.0,-20.9375
test_3409.jpg,b,12.5,False,-20.75000762939453,-7.390948667307384e-06,-12.500007629394531,-12.500007629394531
test_3410.jpg,a,17.0,False,0.0,-22.0,-24.25,-17.0
test_3411.jpg,a,13.625,False,-1.1920922133867862e-06,-13.625000953674316,-20.625001907348633,-23.875001907348633
test_3412.jpg,c,21.875,False,-23.875,-21.875,0.0,-22.125
test_3413.jpg,b,26.0,False,-26.875,0.0,-28.875,-26.0
test_3414.jpg,d,0.25,True,-4.374518394470215,-14.162017822265625,-20.349517822265625,-0.24951857328414917
test_3415.jpg,c,20.5,False,-22.0,-20.5,0.0,-22.375
test_3416.jpg,a,20.875,False,0.0,-20.875,-20.875,-20.875
test_3417.jpg,a,24.5,False,0.0,-24.5,-26.5625,-26.5625
test_3418.jpg,c,23.75,False,-24.75,-23.75,0.0,-24.25
test_3419.jpg,c,22.5,False,-22.625,-23.125,0.0,-22.5
test_3420.jpg,c,22.0,False,-22.0,-22.25,0.0,-25.5625
test_3421.jpg,d,24.875,False,-24.875,-26.125,-29.875,0.0
test_3422.jpg,a,21.25,False,0.0,-21.25,-22.25,-22.625
test_3423.jpg,c,22.0,False,-22.0,-22.5,0.0,-23.375
test_3424.jpg,a,23.125,False,0.0,-23.125,-25.25,-24.75
test_3425.jpg,b,24.0,False,-25.125,0.0,-24.0,-24.75
test_3426.jpg,b,22.875,False,-22.875,0.0,-27.1875,-24.625
test_3427.jpg,c,14.75,False,-15.375000953674316,-14.750000953674316,-7.152555099310121e-07,-16.125
test_3428.jpg,d,22.0,False,-23.6875,-22.0,-22.875,0.0
test_3429.jpg,a,15.125,False,-2.3841855067985307e-07,-15.125,-18.25,-19.75
test_3430.jpg,a,22.5,False,0.0,-24.0,-26.625,-22.5
test_3431.jpg,b,24.75,False,-24.75,0.0,-25.0,-24.75
test_3432.jpg,c,21.875,False,-22.375,-22.125,0.0,-21.875
test_3433.jpg,a,24.125,False,0.0,-24.125,-25.25,-26.75
test_3434.jpg,b,22.25,False,-22.25,0.0,-24.0,-23.75
test_3435.jpg,c,20.5625,False,-20.5625,-21.5,0.0,-23.0
test_3436.jpg,c,19.25,False,-20.0,-19.25,0.0,-21.25
test_3437.jpg,c,12.875,False,-16.125001907348633,-12.87500286102295,-2.861018856492592e-06,-15.50000286102295
test_3438.jpg,a,19.5,False,0.0,-19.5,-22.125,-19.75
test_3439.jpg,b,25.25,False,-26.375,0.0,-26.25,-25.25
test_3440.jpg,a,22.375,False,0.0,-22.375,-23.5,-24.875
test_3441.jpg,d,7.75,False,-18.625476837158203,-7.750475883483887,-10.000475883483887,-0.00047600860125385225
test_3442.jpg,b,11.5,False,-16.375009536743164,-1.0251946150674485e-05,-11.50001049041748,-24.500009536743164
test_3443.jpg,b,24.875,False,-24.875,0.0,-28.5,-26.75
test_3444.jpg,b,21.125,False,-21.125,0.0,-23.9375,-22.625
test_3445.jpg,a,21.8125,False,0.0,-21.8125,-24.09375,-22.59375
test_3446.jpg,d,26.375,False,-28.25,-26.375,-27.5,0.0
test_3447.jpg,b,21.375,False,-22.0,0.0,-22.375,-21.375
test_3448.jpg,b,20.375,False,-24.375,0.0,-20.375,-22.5
test_3449.jpg,a,18.75,False,0.0,-18.75,-19.5,-19.875
test_3450.jpg,d,22.25,False,-22.25,-23.4375,-25.625,0.0
test_3451.jpg,c,20.8125,False,-20.8125,-21.0,0.0,-21.9375
test_3452.jpg,a,19.375,False,0.0,-20.125,-20.875,-19.375
test_3453.jpg,a,21.0,False,0.0,-21.0,-21.75,-21.5
test_3454.jpg,b,23.125,False,-23.875,0.0,-23.625,-23.125
test_3455.jpg,a,19.25,False,0.0,-19.25,-20.25,-21.3125
test_3456.jpg,b,23.0,False,-23.0,0.0,-23.625,-24.625
test_3457.jpg,b,22.875,False,-23.25,0.0,-23.0,-22.875
test_3458.jpg,d,19.125,False,-19.125,-20.625,-24.875,0.0
test_3459.jpg,d,22.0,False,-22.0,-23.1875,-26.375,0.0
test_3460.jpg,b,24.0,False,-24.0,0.0,-26.125,-26.25
test_3461.jpg,d,20.25,False,-22.5,-20.25,-22.625,0.0
test_3462.jpg,b,20.75,False,-20.75,0.0,-25.25,-23.875
test_3463.jpg,a,15.5,False,-2.3841855067985307e-07,-18.125,-15.5,-20.125
test_3464.jpg,b,5.0,False,-13.631735801696777,-0.006735360249876976,-5.006735324859619,-10.881735801696777
test_3465.jpg,b,20.875,False,-20.875,0.0,-22.0,-21.5
test_3466.jpg,b,18.25,False,-19.625,0.0,-18.25,-19.375
test_3467.jpg,a,21.5,False,0.0,-21.5,-22.375,-22.625
test_3468.jpg,a,21.375,False,0.0,-21.375,-22.25,-23.125
test_3469.jpg,c,22.625,False,-22.875,-22.625,0.0,-23.25
test_3470.jpg,a,20.5,False,0.0,-22.0,-20.5,-22.375
test_3471.jpg,b,22.25,False,-22.375,0.0,-22.25,-23.625
test_3472.jpg,d,24.625,False,-26.5,-24.625,-26.625,0.0
test_3473.jpg,b,25.75,False,-27.5,0.0,-25.75,-27.875
test_3474.jpg,c,19.5,False,-19.5,-21.3125,0.0,-22.8125
test_3475.jpg,c,16.25,False,-24.25,-16.25,-1.1920928244535389e-07,-22.75
test_3476.jpg,d,22.375,False,-28.4375,-25.5,-22.375,0.0
test_3477.jpg,b,14.125,False,-20.0,-7.152555099310121e-07,-14.125000953674316,-19.375
test_3478.jpg,d,24.125,False,-24.125,-25.5,-28.75,0.0
test_3479.jpg,a,18.75,False,0.0,-18.875,-18.75,-20.25
test_3480.jpg,a,23.0,False,0.0,-23.0,-23.0,-23.6875
test_3481.jpg,c,22.375,False,-22.875,-22.375,0.0,-22.75
test_3482.jpg,d,23.625,False,-26.125,-23.625,-24.125,0.0
test_3483.jpg,d,25.0,False,-25.0,-25.125,-26.375,0.0
test_3484.jpg,b,20.5,False,-20.5,0.0,-22.125,-21.0
test_3485.jpg,d,21.5,False,-21.5,-21.875,-23.125,0.0
test_3486.jpg,c,23.75,False,-23.875,-23.75,0.0,-25.5
test_3487.jpg,c,22.0,False,-25.125,-22.0,0.0,-23.25
test_3488.jpg,a,12.25,False,-4.768360213347478e-06,-12.250004768371582,-19.125003814697266,-17.500003814697266
test_3489.jpg,a,21.75,False,0.0,-21.75,-22.25,-23.875
test_3490.jpg,b,20.25,False,-20.25,0.0,-21.875,-21.0
test_3491.jpg,a,20.0,False,0.0,-20.0,-22.625,-21.3125
test_3492.jpg,d,20.625,False,-20.625,-22.375,-21.875,0.0
test_3493.jpg,c,9.75,False,-20.625059127807617,-9.7500581741333,-5.829164365422912e-05,-17.875059127807617
test_3494.jpg,a,23.6875,False,0.0,-23.6875,-24.0625,-25.0
test_3495.jpg,a,19.0,False,0.0,-19.0,-21.5,-21.875
test_3496.jpg,c,22.75,False,-23.0,-22.75,0.0,-25.875
test_3497.jpg,d,25.0,False,-27.5,-25.0,-26.25,0.0
test_3498.jpg,d,24.875,False,-25.5,-24.875,-26.25,0.0
test_3499.jpg,c,20.0,False,-24.75,-22.25,0.0,-20.0
test_3500.jpg,b,24.25,False,-24.25,0.0,-25.25,-25.625
test_3501.jpg,a,22.0,False,0.0,-22.0,-22.875,-24.25
test_3502.jpg,d,23.625,False,-23.625,-24.5,-26.5,0.0
test_3503.jpg,b,17.375,False,-17.375,0.0,-22.625,-23.5
test_3504.jpg,b,23.125,False,-23.5,0.0,-26.5,-23.125
test_3505.jpg,c,21.375,False,-21.875,-21.375,0.0,-21.625
test_3506.jpg,c,21.875,False,-22.5,-21.875,0.0,-24.3125
test_3507.jpg,c,20.875,False,-21.375,-20.875,0.0,-23.125
test_3508.jpg,a,21.375,False,0.0,-21.375,-21.375,-21.625
test_3509.jpg,a,21.125,False,0.0,-21.125,-21.625,-23.375
test_3510.jpg,c,23.625,False,-23.625,-25.5,0.0,-23.625
test_3511.jpg,d,24.875,False,-24.875,-25.75,-29.0,0.0
test_3512.jpg,d,2.0,True,-14.913280487060547,-15.688281059265137,-18.538280487060547,-2.2507810592651367
test_3513.jpg,b,19.375,False,-20.0,0.0,-21.375,-19.375
test_3514.jpg,b,22.0,False,-23.0,0.0,-23.0,-22.0
test_3515.jpg,c,21.75,False,-22.375,-21.75,0.0,-22.125
test_3516.jpg,b,24.875,False,-24.875,0.0,-26.5,-25.25
test_3517.jpg,c,21.25,False,-23.875,-21.25,0.0,-21.25
test_3518.jpg,c,21.125,False,-21.125,-22.125,0.0,-24.0
test_3519.jpg,a,20.375,False,0.0,-20.375,-22.5,-22.25
test_3520.jpg,a,22.375,False,0.0,-22.625,-22.375,-23.5
test_3521.jpg,a,3.0,False,-0.048587556928396225,-15.673587799072266,-3.0485875606536865,-16.048587799072266
test_3522.jpg,a,21.0,False,0.0,-23.5,-21.0,-24.25
test_3523.jpg,b,18.375,False,-21.25,0.0,-20.875,-18.375
test_3524.jpg,a,16.25,False,-2.3841855067985307e-07,-16.625,-16.25,-18.25
test_3525.jpg,c,23.375,False,-23.375,-23.9375,0.0,-26.1875
test_3526.jpg,d,25.25,False,-25.875,-25.25,-28.5625,0.0
test_3527.jpg,d,21.0,False,-23.25,-21.0,-23.125,0.0
test_3528.jpg,b,16.25,False,-18.5,-1.1920928244535389e-07,-16.25,-19.0
test_3529.jpg,d,22.75,False,-23.0,-22.75,-24.0,0.0
test_3530.jpg,a,22.625,False,0.0,-22.625,-24.25,-22.875
test_3531.jpg,c,24.0,False,-25.25,-24.5,0.0,-24.0
test_3532.jpg,b,20.875,False,-20.875,0.0,-24.3125,-22.9375
test_3533.jpg,a,17.375,False,0.0,-17.375,-18.375,-18.25
test_3534.jpg,c,18.875,False,-18.875,-19.0,0.0,-20.375
test_3535.jpg,c,21.5,False,-21.875,-22.75,0.0,-21.5
test_3536.jpg,c,14.125,False,-15.750000953674316,-14.125000953674316,-9.536738616588991e-07,-15.625000953674316
test_3537.jpg,c,19.5,False,-23.875,-24.375,0.0,-19.5
test_3538.jpg,b,18.0,False,-21.75,0.0,-18.0,-19.875
test_3539.jpg,b,23.0,False,-23.0,0.0,-26.25,-25.0
test_3540.jpg,b,26.375,False,-26.375,0.0,-29.125,-30.125
test_3541.jpg,b,18.25,False,-22.0,0.0,-18.25,-21.125
test_3542.jpg,d,1.75,True,-20.764339447021484,-2.6893389225006104,-18.776840209960938,-0.5893391370773315
test_3543.jpg,c,19.875,False,-19.875,-20.0,0.0,-20.375
test_3544.jpg,c,11.0,False,-11.000016212463379,-17.625017166137695,-1.6689160474925302e-05,-20.875017166137695
test_3545.jpg,d,24.375,False,-24.375,-24.625,-25.75,0.0
test_3546.jpg,b,18.125,False,-20.75,0.0,-18.125,-19.375
test_3547.jpg,d,24.125,False,-25.125,-25.0,-24.125,0.0
test_3548.jpg,a,17.875,False,0.0,-19.0,-19.5,-17.875
test_3549.jpg,a,18.5,False,0.0,-19.0,-20.25,-18.5
test_3550.jpg,d,24.125,False,-24.125,-26.25,-26.875,0.0
test_3551.jpg,d,3.5,False,-3.5297505855560303,-16.65475082397461,-16.52975082397461,-0.029750533401966095
test_3552.jpg,c,20.75,False,-20.75,-20.75,0.0,-21.25
test_3553.jpg,a,21.375,False,0.0,-21.375,-24.875,-23.25
test_3554.jpg,b,24.375,False,-24.375,0.0,-25.375,-25.875
test_3555.jpg,d,25.875,False,-27.375,-25.875,-28.25,0.0
test_3556.jpg,a,24.125,False,0.0,-24.125,-26.25,-26.6875
test_3557.jpg,d,25.5,False,-27.875,-25.5,-27.0,0.0
test_3558.jpg,c,20.375,False,-21.25,-20.5,0.0,-20.375
test_3559.jpg,b,22.25,False,-22.25,0.0,-25.125,-24.25
test_3560.jpg,a,4.5,False,-0.011092779226601124,-10.011093139648438,-4.511092662811279,-16.636093139648438
test_3561.jpg,c,23.875,False,-24.0,-23.875,0.0,-25.125
test_3562.jpg,d,21.5625,False,-21.8125,-21.5625,-22.3125,0.0
test_3563.jpg,b,24.875,False,-24.875,0.0,-27.0,-26.0
test_3564.jpg,d,25.0,False,-25.75,-25.0,-25.75,0.0
test_3565.jpg,d,24.625,False,-28.0,-24.625,-26.125,0.0
test_3566.jpg,b,21.0,False,-25.125,0.0,-21.0,-22.625
test_3567.jpg,d,21.1875,False,-21.1875,-23.3125,-25.4375,0.0
test_3568.jpg,a,20.375,False,0.0,-20.375,-21.25,-21.375
test_3569.jpg,b,25.75,False,-25.75,0.0,-26.125,-27.625
test_3570.jpg,d,20.5625,False,-20.5625,-22.6875,-24.875,0.0
test_3571.jpg,b,20.5,False,-20.5,0.0,-21.625,-21.875
test_3572.jpg,a,10.25,False,-3.540453326422721e-05,-10.250035285949707,-18.375036239624023,-19.375036239624023
test_3573.jpg,d,26.25,False,-27.75,-26.25,-29.0,0.0
test_3574.jpg,d,17.75,False,-25.75,-22.125,-17.75,0.0
test_3575.jpg,b,19.75,False,-19.75,0.0,-25.125,-22.0
test_3576.jpg,d,22.875,False,-24.375,-22.875,-24.625,0.0
test_3577.jpg,c,19.5,False,-23.25,-19.5,0.0,-24.625
test_3578.jpg,a,18.1875,False,0.0,-18.1875,-20.375,-20.0
test_3579.jpg,b,3.25,False,-6.789168357849121,-0.03916829079389572,-3.289168357849121,-14.789168357849121
test_3580.jpg,b,14.0,False,-18.625,-8.344646857949556e-07,-14.000000953674316,-17.875
test_3581.jpg,c,23.375,False,-24.0,-23.375,0.0,-24.5
test_3582.jpg,d,21.125,False,-24.125,-21.125,-22.125,0.0
test_3583.jpg,d,24.5625,False,-24.6875,-24.5625,-24.625,0.0
test_3584.jpg,a,16.25,False,-1.1920928244535389e-07,-18.125,-16.25,-20.0
test_3585.jpg,b,20.375,False,-20.875,0.0,-23.25,-20.375
test_3586.jpg,d,23.75,False,-24.25,-23.75,-24.875,0.0
test_3587.jpg,b,20.125,False,-20.5,0.0,-21.125,-20.125
test_3588.jpg,c,20.8125,False,-20.8125,-21.125,0.0,-21.6875
test_3589.jpg,d,21.25,False,-27.375,-24.75,-21.25,0.0
test_3590.jpg,a,18.25,False,0.0,-18.25,-19.875,-19.5
test_3591.jpg,b,21.375,False,-21.375,0.0,-25.0,-24.75
test_3592.jpg,c,20.3125,False,-20.3125,-21.4375,0.0,-21.25
test_3593.jpg,b,16.25,False,-19.125,-1.1920928244535389e-07,-20.0,-16.25
test_3594.jpg,b,22.75,False,-22.75,0.0,-23.5,-23.0
test_3595.jpg,b,21.125,False,-21.125,0.0,-24.4375,-23.3125
test_3596.jpg,d,17.875,False,-20.625,-17.875,-20.25,0.0
test_3597.jpg,c,22.25,False,-22.625,-22.25,0.0,-22.375
test_3598.jpg,c,19.625,False,-19.625,-19.875,0.0,-19.625
test_3599.jpg,d,24.875,False,-25.25,-24.875,-25.75,0.0
test_3600.jpg,b,24.0,False,-24.0,0.0,-24.625,-25.875
test_3601.jpg,c,17.625,False,-20.0,-17.625,0.0,-20.0
test_3602.jpg,d,24.75,False,-27.125,-26.25,-24.75,0.0
test_3603.jpg,a,15.875,False,-1.1920928244535389e-07,-15.875,-17.625,-18.0
test_3604.jpg,d,24.625,False,-24.625,-24.875,-27.0625,0.0
test_3605.jpg,d,25.625,False,-25.625,-26.0,-29.6875,0.0
test_3606.jpg,d,23.5,False,-23.5,-23.75,-26.75,0.0
test_3607.jpg,b,25.75,False,-26.125,0.0,-28.125,-25.75
test_3608.jpg,c,20.5,False,-21.875,-20.5,0.0,-22.125
test_3609.jpg,b,19.625,False,-22.375,0.0,-19.625,-20.625
test_3610.jpg,a,22.25,False,0.0,-22.25,-25.1875,-24.8125
test_3611.jpg,b,23.625,False,-23.625,0.0,-24.875,-25.875
test_3612.jpg,d,23.5,False,-25.375,-23.5,-25.625,0.0
test_3613.jpg,d,23.5,False,-23.5,-25.0,-28.0625,0.0
test_3614.jpg,b,16.5,False,-28.5,-1.1920928244535389e-07,-16.5,-26.25
test_3615.jpg,d,24.75,False,-27.125,-24.75,-25.375,0.0
test_3616.jpg,c,4.0,False,-20.393150329589844,-16.518150329589844,-0.018150078132748604,-4.0181498527526855
test_3617.jpg,b,21.375,False,-22.625,0.0,-21.375,-22.375
test_3618.jpg,a,6.0,False,-0.0024756519123911858,-6.002475738525391,-18.37747573852539,-20.00247573852539
test_3619.jpg,a,23.25,False,0.0,-23.25,-25.8125,-26.1875
test_3620.jpg,d,24.875,False,-26.375,-25.25,-24.875,0.0
test_3621.jpg,d,3.125,False,-3.2181966304779053,-3.2181966304779053,-4.718196392059326,-0.0931965559720993
test_3622.jpg,c,21.1875,False,-21.625,-21.1875,0.0,-24.125
test_3623.jpg,b,20.25,False,-20.25,0.0,-28.125,-25.5
test_3624.jpg,d,1.25,True,-10.600578308105469,-20.638078689575195,-22.456829071044922,-0.07557907700538635
test_3625.jpg,c,22.0,False,-24.25,-23.625,0.0,-22.0
test_3626.jpg,b,20.75,False,-23.375,0.0,-20.75,-24.125
test_3627.jpg,c,14.875,False,-16.75,-15.750000953674316,-5.960462772236497e-07,-14.875000953674316
test_3628.jpg,c,22.625,False,-22.875,-22.625,0.0,-23.875
test_3629.jpg,b,22.625,False,-22.625,0.0,-23.75,-22.875
test_3630.jpg,a,8.0,False,-0.00033623288618400693,-14.625336647033691,-14.875336647033691,-8.000336647033691
test_3631.jpg,b,11.25,False,-11.25001335144043,-1.2993727978027891e-05,-21.25001335144043,-20.12501335144043
test_3632.jpg,a,21.125,False,0.0,-21.125,-23.0,-23.375
test_3633.jpg,d,26.875,False,-27.5,-26.875,-28.875,0.0
test_3634.jpg,a,18.625,False,0.0,-18.625,-18.875,-19.875
test_3635.jpg,d,2.25,False,-21.22520637512207,-17.72520637512207,-2.3502066135406494,-0.10020658373832703
test_3636.jpg,c,18.875,False,-20.5,-19.625,0.0,-18.875
test_3637.jpg,b,4.25,False,-4.26417350769043,-0.01417343970388174,-11.51417350769043,-19.76417350769043
test_3638.jpg,b,18.9375,False,-18.9375,0.0,-20.0625,-21.5
test_3639.jpg,d,17.5,False,-17.5,-23.75,-24.375,0.0
test_3640.jpg,c,23.375,False,-23.375,-23.75,0.0,-23.75
test_3641.jpg,a,17.875,False,0.0,-17.875,-18.25,-18.875
test_3642.jpg,c,18.375,False,-20.875,-18.375,0.0,-19.375
test_3643.jpg,a,8.75,False,-0.00015841660206206143,-8.750158309936523,-17.125158309936523,-23.875158309936523
test_3644.jpg,a,21.0,False,0.0,-21.0,-24.4375,-23.9375
test_3645.jpg,a,18.875,False,0.0,-19.125,-18.875,-20.25
test_3646.jpg,d,21.875,False,-23.625,-21.875,-22.75,0.0
test_3647.jpg,a,21.125,False,0.0,-21.125,-24.125,-23.625
test_3648.jpg,c,25.5,False,-27.875,-26.5,0.0,-25.5
test_3649.jpg,a,7.0,False,-0.0009120118920691311,-14.625911712646484,-15.625911712646484,-7.000912189483643
test_3650.jpg,d,24.8125,False,-24.8125,-25.5625,-26.0625,0.0
test_3651.jpg,a,13.75,False,-1.0728830375228426e-06,-20.250001907348633,-13.750000953674316,-22.500001907348633
test_3652.jpg,a,22.25,False,0.0,-22.25,-25.8125,-24.3125
test_3653.jpg,d,22.0,False,-22.0,-23.125,-25.375,0.0
test_3654.jpg,c,19.875,False,-22.25,-21.0,0.0,-19.875
test_3655.jpg,c,16.375,False,-19.125,-17.75,-1.1920928244535389e-07,-16.375
test_3656.jpg,c,23.875,False,-24.375,-23.875,0.0,-25.875
test_3657.jpg,b,21.875,False,-21.875,0.0,-23.5,-24.75
test_3658.jpg,d,24.125,False,-24.5,-24.125,-25.3125,0.0
test_3659.jpg,a,22.75,False,0.0,-23.125,-22.75,-26.75
test_3660.jpg,c,24.0,False,-24.875,-24.0,0.0,-26.75
test_3661.jpg,d,17.125,False,-17.5,-17.125,-26.125,-1.1920928244535389e-07
test_3662.jpg,b,23.5,False,-23.5,0.0,-25.0,-25.125
test_3663.jpg,c,18.625,False,-18.625,-24.0,0.0,-23.125
test_3664.jpg,a,20.875,False,0.0,-20.875,-22.25,-23.0
test_3665.jpg,a,13.5,False,-1.4305104514278355e-06,-13.500000953674316,-17.625001907348633,-18.125001907348633
test_3666.jpg,a,23.0,False,0.0,-23.0,-24.75,-25.3125
test_3667.jpg,d,14.0,False,-25.125,-14.000000953674316,-21.0,-8.344646857949556e-07
test_3668.jpg,b,13.375,False,-17.625001907348633,-2.3841830625315197e-06,-13.375001907348633,-14.000001907348633
test_3669.jpg,b,20.0,False,-20.0,0.0,-22.125,-22.0
test_3670.jpg,a,20.125,False,0.0,-20.125,-21.4375,-21.5625
test_3671.jpg,d,25.0,False,-26.875,-25.0,-26.75,0.0
test_3672.jpg,a,18.875,False,0.0,-18.875,-20.125,-20.25
test_3673.jpg,d,25.625,False,-27.5,-25.625,-26.75,0.0
test_3674.jpg,b,3.75,False,-3.7732479572296143,-0.023248009383678436,-13.023247718811035,-14.773247718811035
test_3675.jpg,b,21.5,False,-21.5,0.0,-25.375,-22.375
test_3676.jpg,c,21.375,False,-21.75,-21.375,0.0,-22.25
test_3677.jpg,a,3.0,False,-0.04858732968568802,-3.0485873222351074,-19.548587799072266,-18.673587799072266
test_3678.jpg,c,18.5,False,-21.375,-18.5,0.0,-19.875
test_3679.jpg,c,12.125,False,-20.2500057220459,-12.125005722045898,-5.364403477869928e-06,-19.2500057220459
test_3680.jpg,a,7.25,False,-0.000797311426140368,-7.250797271728516,-9.625797271728516,-10.750797271728516
test_3681.jpg,a,10.25,False,-3.540453326422721e-05,-10.250035285949707,-19.125036239624023,-17.250036239624023
test_3682.jpg,b,25.125,False,-25.125,0.0,-28.5,-25.5
test_3683.jpg,c,20.125,False,-20.125,-21.25,0.0,-21.5
test_3684.jpg,c,19.75,False,-21.375,-19.875,0.0,-19.75
test_3685.jpg,b,21.5,False,-21.5,0.0,-25.375,-23.875
test_3686.jpg,b,20.75,False,-23.125,0.0,-20.75,-22.75
test_3687.jpg,d,21.5,False,-22.4375,-22.1875,-21.5,0.0
test_3688.jpg,a,22.5,False,0.0,-22.5,-25.3125,-23.75
test_3689.jpg,d,24.0,False,-24.0,-24.125,-26.5,0.0
test_3690.jpg,a,20.75,False,0.0,-20.75,-22.75,-22.875
test_3691.jpg,b,24.5,False,-26.25,0.0,-24.625,-24.5
test_3692.jpg,a,15.625,False,-1.1920928244535389e-07,-15.625,-18.75,-20.25
test_3693.jpg,d,23.0,False,-23.0,-23.625,-24.875,0.0
test_3694.jpg,c,23.5,False,-24.25,-23.5,0.0,-24.8125
test_3695.jpg,d,17.5,False,-17.5,-20.5,-21.875,0.0
test_3696.jpg,a,17.25,False,0.0,-18.375,-17.25,-18.875
test_3697.jpg,c,19.75,False,-24.25,-20.375,0.0,-19.75
test_3698.jpg,a,20.125,False,0.0,-23.0,-24.625,-20.125
test_3699.jpg,c,14.5,False,-25.875,-22.875,-4.768370445162873e-07,-14.5
test_3700.jpg,c,22.5,False,-22.5,-22.5625,0.0,-23.0
test_3701.jpg,b,13.25,False,-13.250001907348633,-1.7881377516459906e-06,-21.500001907348633,-19.125001907348633
test_3702.jpg,c,14.0,False,-20.875,-18.5,-8.344646857949556e-07,-14.000000953674316
test_3703.jpg,b,23.125,False,-23.125,0.0,-23.625,-23.875
test_3704.jpg,d,21.25,False,-24.0,-21.25,-24.625,0.0
test_3705.jpg,c,22.0,False,-22.0,-23.0,0.0,-24.1875
test_3706.jpg,d,2.5,False,-2.614105701446533,-11.489106178283691,-3.364105701446533,-0.11410580575466156
test_3707.jpg,c,21.0,False,-22.125,-21.0,0.0,-21.875
test_3708.jpg,c,22.375,False,-22.375,-22.5,0.0,-23.25
test_3709.jpg,b,1.5,True,-2.6445469856262207,-0.09454706311225891,-10.732047080993652,-13.382047653198242
test_3710.jpg,d,17.875,False,-17.875,-21.5,-23.0,0.0
test_3711.jpg,c,24.125,False,-25.5,-24.625,0.0,-24.125
test_3712.jpg,b,24.5,False,-24.5,0.0,-25.375,-25.625
test_3713.jpg,a,21.75,False,0.0,-21.75,-24.8125,-23.125
test_3714.jpg,c,16.625,False,-17.75,-17.0,-2.3841855067985307e-07,-16.625
test_3715.jpg,b,21.0,False,-21.0,0.0,-25.0,-22.6875
test_3716.jpg,b,24.125,False,-24.125,0.0,-25.0,-24.625
test_3717.jpg,b,19.875,False,-20.75,0.0,-20.25,-19.875
test_3718.jpg,a,16.0,False,-1.1920928244535389e-07,-17.125,-16.0,-17.0
test_3719.jpg,d,22.375,False,-25.25,-22.75,-22.375,0.0
test_3720.jpg,d,25.625,False,-25.875,-25.625,-27.75,0.0
test_3721.jpg,b,20.375,False,-20.625,0.0,-21.25,-20.375
test_3722.jpg,a,22.3125,False,0.0,-22.3125,-23.5625,-23.8125
test_3723.jpg,d,21.125,False,-24.875,-21.125,-22.125,0.0
test_3724.jpg,d,23.875,False,-24.75,-24.125,-23.875,0.0
test_3725.jpg,c,22.875,False,-24.875,-22.875,0.0,-25.375
test_3726.jpg,a,15.375,False,-3.576278118089249e-07,-15.375,-16.875,-16.125
test_3727.jpg,d,19.125,False,-24.5,-19.125,-23.25,0.0
test_3728.jpg,a,19.25,False,0.0,-19.25,-23.875,-22.75
test_3729.jpg,a,22.625,False,0.0,-22.625,-24.25,-24.1875
test_3730.jpg,b,23.25,False,-23.5,0.0,-24.375,-23.25
test_3731.jpg,d,22.5,False,-22.5,-23.375,-26.75,0.0
test_3732.jpg,b,20.375,False,-21.5,0.0,-22.5,-20.375
test_3733.jpg,a,23.0,False,0.0,-23.0,-24.25,-25.25
test_3734.jpg,a,18.25,False,0.0,-18.875,-18.625,-18.25
test_3735.jpg,d,22.5,False,-24.375,-22.75,-22.5,0.0
test_3736.jpg,a,21.25,False,0.0,-21.25,-21.5,-22.375
test_3737.jpg,b,20.0,False,-21.375,0.0,-20.0,-21.125
test_3738.jpg,a,22.0,False,0.0,-22.125,-22.0,-23.625
test_3739.jpg,d,25.625,False,-26.375,-25.625,-26.375,0.0
test_3740.jpg,a,16.375,False,-1.1920928244535389e-07,-16.375,-21.0,-22.5
test_3741.jpg,c,20.5,False,-21.75,-22.125,0.0,-20.5
test_3742.jpg,c,19.625,False,-19.625,-20.5,0.0,-19.9375
test_3743.jpg,a,21.75,False,0.0,-21.75,-24.75,-24.0
test_3744.jpg,b,22.125,False,-22.125,0.0,-22.375,-23.0
test_3745.jpg,d,7.0,False,-20.87592887878418,-7.0009284019470215,-11.000927925109863,-0.0009282094542868435
test_3746.jpg,b,20.375,False,-20.375,0.0,-21.0,-22.25
test_3747.jpg,a,6.75,False,-0.0011707840021699667,-6.751170635223389,-14.501171112060547,-16.501171112060547
test_3748.jpg,d,9.75,False,-15.2500581741333,-9.7500581741333,-20.500059127807617,-5.8530047681415454e-05
test_3749.jpg,a,1.5,True,-0.06042487174272537,-16.347925186157227,-11.272924423217773,-17.135425567626953
test_3750.jpg,c,21.375,False,-22.5,-21.375,0.0,-22.375
test_3751.jpg,d,22.0,False,-24.0,-22.0,-22.5,0.0
test_3752.jpg,a,21.25,False,0.0,-21.25,-22.875,-22.5
test_3753.jpg,c,11.0,False,-21.375017166137695,-11.000016212463379,-1.6689160474925302e-05,-20.750017166137695
test_3754.jpg,a,21.5,False,0.0,-21.5,-22.875,-22.75
test_3755.jpg,d,23.875,False,-25.875,-23.875,-26.5,0.0
test_3756.jpg,d,22.25,False,-25.25,-23.0,-22.25,0.0
test_3757.jpg,a,21.375,False,0.0,-21.375,-22.875,-23.75
test_3758.jpg,c,19.625,False,-21.875,-21.875,0.0,-19.625
test_3759.jpg,d,17.75,False,-28.375,-17.75,-24.75,0.0
test_3760.jpg,d,24.75,False,-27.375,-24.75,-25.875,0.0
test_3761.jpg,c,22.0,False,-24.25,-22.0,0.0,-24.0
test_3762.jpg,a,18.625,False,0.0,-18.625,-22.0,-21.9375
test_3763.jpg,c,16.25,False,-17.75,-16.25,-1.1920928244535389e-07,-17.625
test_3764.jpg,d,19.0,False,-21.875,-19.0,-20.0,0.0
test_3765.jpg,a,21.25,False,0.0,-21.25,-22.375,-22.5
test_3766.jpg,a,18.0,False,0.0,-20.5,-18.0,-21.25
test_3767.jpg,a,22.0,False,0.0,-22.0,-24.1875,-24.375
test_3768.jpg,b,19.625,False,-21.25,0.0,-19.625,-22.75
test_3769.jpg,a,22.75,False,0.0,-22.75,-26.625,-25.8125
test_3770.jpg,c,20.875,False,-20.875,-21.25,0.0,-21.625
test_3771.jpg,a,20.25,False,0.0,-20.25,-21.25,-21.25
test_3772.jpg,b,23.25,False,-23.25,0.0,-26.875,-25.0
test_3773.jpg,c,19.125,False,-20.125,-19.9375,0.0,-19.125
test_3774.jpg,b,24.375,False,-24.375,0.0,-27.375,-25.25
test_3775.jpg,b,18.75,False,-20.25,0.0,-18.75,-19.5
test_3776.jpg,a,25.5,False,0.0,-25.5,-27.75,-26.875
test_3777.jpg,b,22.625,False,-23.5,0.0,-28.625,-22.625
test_3778.jpg,c,19.625,False,-19.625,-19.625,0.0,-19.625
test_3779.jpg,d,9.75,False,-9.7500581741333,-16.375059127807617,-19.125059127807617,-5.8410845667822286e-05
test_3780.jpg,d,26.0,False,-27.5,-26.0,-28.375,0.0
test_3781.jpg,d,21.0,False,-25.75,-22.5,-21.0,0.0
test_3782.jpg,b,22.25,False,-22.25,0.0,-26.5,-24.25
test_3783.jpg,b,20.875,False,-20.875,0.0,-21.75,-23.125
test_3784.jpg,c,18.125,False,-18.5,-18.125,0.0,-18.75
test_3785.jpg,a,24.375,False,0.0,-24.375,-26.0625,-26.6875
test_3786.jpg,a,15.0,False,-3.576278118089249e-07,-17.5,-15.0,-23.25
test_3787.jpg,b,10.5,False,-21.62502670288086,-2.753696753643453e-05,-24.87502670288086,-10.500027656555176
test_3788.jpg,a,20.0,False,0.0,-20.0,-21.6875,-21.8125
test_3789.jpg,c,21.0,False,-21.875,-21.0,0.0,-23.6875
test_3790.jpg,b,14.25,False,-14.250000953674316,-5.960462772236497e-07,-18.0,-19.5
test_3791.jpg,d,4.0,False,-19.893150329589844,-15.893150329589844,-4.0181498527526855,-0.018150078132748604
test_3792.jpg,b,18.5,False,-18.75,0.0,-18.5,-18.5
test_3793.jpg,d,25.0,False,-26.75,-25.0,-27.875,0.0
test_3794.jpg,d,22.625,False,-24.625,-22.625,-26.625,0.0
test_3795.jpg,b,21.75,False,-21.75,0.0,-24.625,-23.375
test_3796.jpg,a,25.5,False,0.0,-25.5,-27.75,-29.0
test_3797.jpg,a,24.125,False,0.0,-24.125,-26.625,-25.6875
test_3798.jpg,c,22.75,False,-23.875,-22.75,0.0,-24.75
test_3799.jpg,c,18.875,False,-18.875,-19.0,0.0,-20.375
test_3800.jpg,d,18.75,False,-20.375,-18.75,-19.25,0.0
test_3801.jpg,c,17.875,False,-17.875,-19.0,0.0,-21.625
test_3802.jpg,c,15.125,False,-20.75,-15.125,-2.3841855067985307e-07,-20.75
test_3803.jpg,b,19.75,False,-24.25,0.0,-19.75,-21.75
test_3804.jpg,a,13.75,False,-1.0728830375228426e-06,-13.750000953674316,-18.625001907348633,-22.375001907348633
test_3805.jpg,c,14.0,False,-23.875,-21.125,-8.344646857949556e-07,-14.000000953674316
test_3806.jpg,a,21.9375,False,0.0,-21.9375,-23.75,-23.75
test_3807.jpg,d,25.875,False,-27.25,-25.875,-27.4375,0.0
test_3808.jpg,b,20.875,False,-21.375,0.0,-28.125,-20.875
test_3809.jpg,b,20.75,False,-20.75,0.0,-24.5,-22.5
test_3810.jpg,c,20.25,False,-23.875,-21.5,0.0,-20.25
test_3811.jpg,d,24.375,False,-25.375,-24.375,-25.125,0.0
test_3812.jpg,c,12.0,False,-12.000006675720215,-18.0000057220459,-6.318072337307967e-06,-16.2500057220459
test_3813.jpg,b,17.875,False,-24.5,0.0,-25.375,-17.875
test_3814.jpg,d,2.75,False,-16.561967849731445,-2.811967611312866,-19.561967849731445,-0.06196761503815651
test_3815.jpg,b,22.0,False,-22.0,0.0,-23.125,-23.75
test_3816.jpg,c,22.0,False,-22.0,-22.375,0.0,-23.125
test_3817.jpg,d,25.75,False,-27.875,-25.75,-26.875,0.0
test_3818.jpg,d,23.5625,False,-23.5625,-25.25,-27.125,0.0
test_3819.jpg,b,1.0,True,-15.61900520324707,-2.8690054416656494,-13.831504821777344,-12.519004821777344
test_3820.jpg,d,24.625,False,-26.875,-24.625,-26.75,0.0
test_3821.jpg,c,20.25,False,-23.375,-20.25,0.0,-25.125
test_3822.jpg,d,24.625,False,-24.625,-25.125,-28.1875,0.0
test_3823.jpg,a,17.375,False,0.0,-19.625,-17.375,-21.5
test_3824.jpg,d,28.375,False,-28.375,-28.5,-28.5,0.0
test_3825.jpg,a,18.75,False,0.0,-18.75,-19.375,-20.625
test_3826.jpg,d,21.5,False,-25.125,-21.5,-23.875,0.0
test_3827.jpg,d,25.125,False,-25.25,-25.125,-26.375,0.0
test_3828.jpg,b,20.75,False,-20.75,0.0,-24.375,-23.1875
test_3829.jpg,d,19.5,False,-19.5,-23.25,-23.625,0.0
test_3830.jpg,d,21.75,False,-23.125,-21.75,-22.375,0.0
test_3831.jpg,a,20.1875,False,0.0,-20.1875,-23.8125,-23.4375
test_3832.jpg,c,23.125,False,-24.125,-23.125,0.0,-23.375
test_3833.jpg,b,20.75,False,-20.75,0.0,-22.5,-21.625
test_3834.jpg,c,21.875,False,-24.0,-21.875,0.0,-24.0
test_3835.jpg,d,23.375,False,-24.1875,-23.375,-26.8125,0.0
test_3836.jpg,b,8.75,False,-12.250163078308105,-0.00016318420239258558,-8.750163078308105,-17.000164031982422
test_3837.jpg,c,23.375,False,-24.125,-23.375,0.0,-24.0
test_3838.jpg,d,21.0,False,-22.0,-21.0,-22.375,0.0
test_3839.jpg,a,24.75,False,0.0,-25.125,-24.75,-25.8125
test_3840.jpg,c,20.25,False,-20.25,-21.25,0.0,-21.875
test_3841.jpg,c,20.5,False,-21.125,-20.5,0.0,-22.875
test_3842.jpg,a,20.375,False,0.0,-20.375,-21.0,-22.0
test_3843.jpg,d,26.625,False,-27.125,-26.625,-27.75,0.0
test_3844.jpg,a,21.75,False,0.0,-21.75,-22.5,-23.375
test_3845.jpg,c,21.625,False,-26.125,-21.625,0.0,-22.875
test_3846.jpg,d,25.0,False,-26.25,-25.0,-26.125,0.0
test_3847.jpg,a,21.125,False,0.0,-21.125,-22.75,-22.75
test_3848.jpg,c,14.75,False,-20.0,-18.0,-3.576278118089249e-07,-14.75
test_3849.jpg,c,18.75,False,-20.375,-18.75,0.0,-18.75
test_3850.jpg,a,23.0,False,0.0,-23.0,-26.1875,-25.625
test_3851.jpg,d,22.75,False,-23.0,-22.75,-25.25,0.0
test_3852.jpg,c,23.25,False,-23.875,-23.25,0.0,-23.5
test_3853.jpg,d,26.25,False,-27.5,-26.25,-27.3125,0.0
test_3854.jpg,d,22.125,False,-22.125,-23.625,-26.625,0.0
test_3855.jpg,b,19.375,False,-19.75,0.0,-20.5,-19.375
test_3856.jpg,b,25.25,False,-25.25,0.0,-28.75,-25.75
test_3857.jpg,d,22.75,False,-23.875,-22.75,-22.75,0.0
test_3858.jpg,c,21.625,False,-22.75,-21.625,0.0,-23.75
test_3859.jpg,d,23.5,False,-23.5,-24.0,-28.125,0.0
test_3860.jpg,d,24.5,False,-25.0,-24.5,-26.125,0.0
test_3861.jpg,c,23.25,False,-24.875,-23.375,0.0,-23.25
test_3862.jpg,a,21.0,False,0.0,-21.0,-23.375,-21.625
test_3863.jpg,a,21.0,False,0.0,-21.0,-21.375,-23.375
test_3864.jpg,b,19.75,False,-20.5,0.0,-21.75,-19.75
test_3865.jpg,d,23.25,False,-23.25,-26.0,-27.5,0.0
test_3866.jpg,d,25.75,False,-27.6875,-25.75,-26.0,0.0
test_3867.jpg,b,20.625,False,-20.625,0.0,-23.9375,-23.0
test_3868.jpg,d,24.875,False,-27.0,-24.875,-26.75,0.0
test_3869.jpg,c,16.125,False,-20.0,-16.125,-1.1920928244535389e-07,-17.75
test_3870.jpg,d,21.375,False,-26.5,-21.875,-21.375,0.0
test_3871.jpg,c,22.875,False,-24.75,-23.5,0.0,-22.875
test_3872.jpg,c,18.75,False,-21.125,-19.625,0.0,-18.75
test_3873.jpg,d,23.5,False,-27.125,-23.5,-27.5,0.0
test_3874.jpg,b,19.625,False,-19.625,0.0,-21.375,-21.0
test_3875.jpg,c,20.5625,False,-20.5625,-21.9375,0.0,-21.125
test_3876.jpg,c,20.875,False,-20.875,-22.0,0.0,-22.0
test_3877.jpg,d,23.0,False,-24.25,-23.0,-23.25,0.0
test_3878.jpg,c,22.25,False,-22.25,-22.75,0.0,-22.25
test_3879.jpg,d,22.5,False,-25.125,-22.5,-22.625,0.0
test_3880.jpg,b,22.125,False,-22.125,0.0,-25.9375,-24.125
test_3881.jpg,a,21.0625,False,0.0,-21.0625,-24.4375,-23.875
test_3882.jpg,d,24.0,False,-24.0,-24.25,-25.4375,0.0
test_3883.jpg,c,21.75,False,-21.9375,-22.25,0.0,-21.75
test_3884.jpg,b,14.625,False,-14.625,-4.768370445162873e-07,-18.875,-19.0
test_3885.jpg,c,21.0,False,-21.0,-21.875,0.0,-22.6875
test_3886.jpg,b,19.625,False,-20.125,0.0,-21.75,-19.625
test_3887.jpg,a,23.25,False,0.0,-23.25,-25.875,-26.5
test_3888.jpg,a,17.625,False,0.0,-17.625,-18.75,-18.375
test_3889.jpg,c,19.75,False,-21.625,-19.75,0.0,-21.875
test_3890.jpg,b,14.25,False,-14.250001907348633,-1.6689286894688848e-06,-14.250001907348633,-14.625001907348633
test_3891.jpg,d,23.625,False,-23.625,-24.0,-25.75,0.0
test_3892.jpg,b,21.5,False,-21.5,0.0,-22.0,-21.625
test_3893.jpg,d,23.125,False,-23.5,-23.125,-23.75,0.0
test_3894.jpg,a,20.375,False,0.0,-20.375,-23.25,-22.875
test_3895.jpg,d,21.125,False,-23.875,-21.125,-23.25,0.0
test_3896.jpg,c,23.375,False,-24.25,-23.875,0.0,-23.375
test_3897.jpg,a,20.875,False,0.0,-20.875,-24.25,-24.625
test_3898.jpg,b,20.625,False,-20.625,0.0,-24.6875,-22.0
test_3899.jpg,c,21.375,False,-21.375,-24.125,0.0,-24.0
test_3900.jpg,b,23.25,False,-23.25,0.0,-25.625,-23.875
test_3901.jpg,a,22.25,False,0.0,-22.25,-22.625,-25.0
test_3902.jpg,a,24.375,False,0.0,-24.375,-25.8125,-27.25
test_3903.jpg,d,24.0,False,-24.0,-24.75,-26.375,0.0
test_3904.jpg,c,23.0,False,-24.5,-23.0,0.0,-23.75
test_3905.jpg,d,18.0,False,-23.25,-18.0,-21.875,0.0
test_3906.jpg,d,22.375,False,-25.75,-22.375,-23.875,0.0
test_3907.jpg,b,23.0,False,-23.0,0.0,-28.4375,-25.75
test_3908.jpg,b,22.875,False,-23.875,0.0,-22.875,-23.125
test_3909.jpg,b,20.375,False,-20.375,0.0,-23.5625,-21.9375
test_3910.jpg,a,24.75,False,0.0,-24.75,-27.625,-26.75
test_3911.jpg,c,21.875,False,-22.25,-21.875,0.0,-22.0
test_3912.jpg,c,22.5,False,-23.625,-22.5,0.0,-23.0
test_3913.jpg,c,20.75,False,-20.75,-21.75,0.0,-22.25
test_3914.jpg,d,19.5,False,-25.625,-22.375,-19.5,0.0
test_3915.jpg,b,18.125,False,-24.375,0.0,-18.125,-21.125
test_3916.jpg,c,16.625,False,-19.5,-16.625,-1.1920928244535389e-07,-20.0
test_3917.jpg,c,21.5,False,-21.625,-21.5,0.0,-22.3125
test_3918.jpg,a,0.5,True,-0.5454046726226807,-11.695405006408691,-0.8704047203063965,-13.182904243469238
test_3919.jpg,c,14.625,False,-17.375,-14.625,-4.768370445162873e-07,-17.875
test_3920.jpg,c,16.0,False,-22.625,-21.625,-1.1920928244535389e-07,-16.0
test_3921.jpg,d,20.875,False,-26.75,-24.25,-20.875,0.0
test_3922.jpg,d,27.875,False,-29.75,-27.875,-30.0,0.0
test_3923.jpg,d,22.25,False,-24.375,-22.25,-22.25,0.0
test_3924.jpg,a,20.875,False,0.0,-20.875,-22.875,-24.0
test_3925.jpg,a,24.25,False,0.0,-24.25,-26.0625,-25.6875
test_3926.jpg,c,17.25,False,-19.75,-18.375,0.0,-17.25
test_3927.jpg,c,16.0,False,-19.25,-17.375,-1.1920928244535389e-07,-16.0
test_3928.jpg,c,22.25,False,-24.625,-22.25,0.0,-22.375
test_3929.jpg,a,16.5,False,-1.1920928244535389e-07,-16.5,-17.125,-17.625
test_3930.jpg,c,21.625,False,-21.625,-21.875,0.0,-23.75
test_3931.jpg,d,23.25,False,-23.875,-23.25,-25.9375,0.0
test_3932.jpg,b,21.125,False,-22.125,0.0,-21.75,-21.125
test_3933.jpg,a,20.75,False,0.0,-20.75,-23.75,-20.75
test_3934.jpg,b,20.125,False,-22.875,0.0,-25.875,-20.125
test_3935.jpg,c,19.25,False,-20.75,-19.25,0.0,-19.5
test_3936.jpg,d,8.25,False,-22.000261306762695,-8.250261306762695,-16.625261306762695,-0.00026127262390218675
test_3937.jpg,a,20.6875,False,0.0,-21.5,-20.6875,-23.625
test_3938.jpg,c,11.375,False,-11.37501335144043,-13.37501335144043,-1.3232143828645349e-05,-15.25001335144043
test_3939.jpg,c,22.125,False,-22.125,-22.5,0.0,-24.125
test_3940.jpg,b,19.75,False,-21.125,0.0,-19.75,-20.75
test_3941.jpg,c,22.625,False,-24.125,-22.625,0.0,-22.875
test_3942.jpg,a,23.625,False,0.0,-23.625,-24.5,-24.125
test_3943.jpg,d,24.875,False,-25.375,-24.875,-28.3125,0.0
test_3944.jpg,a,23.875,False,0.0,-23.875,-27.0,-26.125
test_3945.jpg,d,25.5,False,-26.25,-25.5,-30.125,0.0
test_3946.jpg,c,21.125,False,-21.625,-21.125,0.0,-24.8125
test_3947.jpg,a,21.25,False,0.0,-21.25,-24.25,-23.0
test_3948.jpg,c,19.625,False,-21.375,-20.125,0.0,-19.625
test_3949.jpg,b,20.125,False,-20.125,0.0,-23.375,-20.625
test_3950.jpg,b,16.25,False,-16.25,-1.1920928244535389e-07,-20.625,-20.375
test_3951.jpg,b,22.75,False,-24.375,0.0,-22.75,-25.25
test_3952.jpg,b,19.875,False,-19.875,0.0,-21.25,-21.125
test_3953.jpg,b,21.125,False,-21.125,0.0,-23.75,-23.125
test_3954.jpg,b,26.375,False,-26.375,0.0,-28.375,-28.125
test_3955.jpg,b,17.375,False,-17.375,0.0,-18.5,-18.75
test_3956.jpg,d,23.375,False,-24.75,-23.625,-23.375,0.0
test_3957.jpg,a,21.75,False,0.0,-22.125,-24.125,-21.75
test_3958.jpg,a,7.75,False,-0.00043072958942502737,-15.625431060791016,-18.375431060791016,-7.750430583953857
test_3959.jpg,c,19.5,False,-19.5,-19.5,0.0,-19.625
test_3960.jpg,d,25.0,False,-25.875,-25.0,-25.625,0.0
test_3961.jpg,c,19.5,False,-20.25,-19.5,0.0,-20.5
test_3962.jpg,d,23.0,False,-23.0,-24.125,-26.4375,0.0
test_3963.jpg,b,22.75,False,-23.0,0.0,-22.75,-23.125
test_3964.jpg,b,19.0,False,-19.0,0.0,-20.125,-19.875
test_3965.jpg,a,18.375,False,0.0,-18.375,-19.875,-20.375
test_3966.jpg,b,21.625,False,-21.625,0.0,-24.4375,-24.0625
test_3967.jpg,d,10.5,False,-27.37502670288086,-10.500027656555176,-26.25002670288086,-2.753696753643453e-05
test_3968.jpg,d,22.875,False,-25.5,-22.875,-23.25,0.0
test_3969.jpg,c,9.875,False,-21.500051498413086,-19.125051498413086,-5.149708886165172e-05,-9.875051498413086
test_3970.jpg,d,25.375,False,-26.375,-25.375,-27.875,0.0
test_3971.jpg,a,24.0,False,0.0,-24.0,-25.9375,-25.125
test_3972.jpg,d,25.0,False,-25.1875,-25.0,-27.8125,0.0
test_3973.jpg,a,22.5625,False,0.0,-22.5625,-25.25,-25.5
test_3974.jpg,a,21.0,False,0.0,-21.0,-21.625,-22.0
test_3975.jpg,c,21.5625,False,-21.75,-21.5625,0.0,-22.0
test_3976.jpg,a,17.75,False,0.0,-17.75,-20.875,-21.25
test_3977.jpg,b,21.5,False,-23.0,0.0,-21.5,-23.375
test_3978.jpg,a,20.25,False,0.0,-20.25,-21.0,-22.25
test_3979.jpg,d,25.125,False,-25.625,-25.25,-25.125,0.0
test_3980.jpg,c,20.125,False,-22.875,-22.375,0.0,-20.125
test_3981.jpg,b,21.5,False,-21.5,0.0,-22.0,-23.0
test_3982.jpg,a,20.0,False,0.0,-20.0,-21.75,-22.375
test_3983.jpg,c,1.25,True,-18.13773536682129,-16.112735748291016,-0.18773579597473145,-1.7877358198165894
test_3984.jpg,d,22.375,False,-22.375,-23.0,-24.375,0.0
test_3985.jpg,c,20.625,False,-21.875,-20.625,0.0,-23.5
test_3986.jpg,d,22.875,False,-22.875,-24.0,-25.0,0.0
test_3987.jpg,c,20.1875,False,-20.1875,-21.5,0.0,-21.5
test_3988.jpg,a,11.125,False,-1.5258672647178173e-05,-14.875015258789062,-11.125015258789062,-15.875015258789062
test_3989.jpg,a,19.25,False,0.0,-19.25,-20.0,-19.625
test_3990.jpg,a,2.75,False,-0.06282440572977066,-7.062824249267578,-15.687824249267578,-2.8128244876861572
test_3991.jpg,b,20.875,False,-22.0,0.0,-20.875,-24.0
test_3992.jpg,b,20.875,False,-20.875,0.0,-23.0,-22.5625
test_3993.jpg,c,20.625,False,-21.125,-21.0,0.0,-20.625
test_3994.jpg,b,20.0,False,-21.5,0.0,-21.375,-20.0
test_3995.jpg,d,21.0,False,-26.125,-21.0,-23.25,0.0
test_3996.jpg,c,18.5,False,-19.75,-18.5,0.0,-18.625
test_3997.jpg,c,23.875,False,-24.875,-24.125,0.0,-23.875
test_3998.jpg,c,20.75,False,-21.375,-21.625,0.0,-20.75
test_3999.jpg,b,19.375,False,-19.375,0.0,-22.6875,-21.625
test_4000.jpg,c,18.5,False,-20.25,-18.5,0.0,-18.5
test_4001.jpg,c,10.875,False,-10.875019073486328,-16.750019073486328,-1.8954096958623268e-05,-17.125019073486328
test_4002.jpg,b,0.25,True,-21.660282135009766,-0.2477821558713913,-19.272781372070312,-10.322781562805176
test_4003.jpg,d,22.75,False,-28.25,-25.375,-22.75,0.0
test_4004.jpg,b,23.5,False,-23.5,0.0,-24.25,-25.5
test_4005.jpg,b,13.75,False,-19.500001907348633,-1.0728830375228426e-06,-13.750000953674316,-18.750001907348633
test_4006.jpg,d,25.0,False,-25.75,-25.0,-28.1875,0.0
test_4007.jpg,d,18.25,False,-18.25,-20.0,-24.125,0.0
test_4008.jpg,c,20.75,False,-23.125,-20.75,0.0,-22.0
test_4009.jpg,b,21.0,False,-22.5,0.0,-21.0,-21.75
test_4010.jpg,d,21.0,False,-23.75,-21.0,-22.375,0.0
test_4011.jpg,d,20.0,False,-20.0,-20.625,-22.125,0.0
test_4012.jpg,a,22.875,False,0.0,-22.875,-24.625,-25.125
test_4013.jpg,d,21.875,False,-25.375,-21.875,-23.125,0.0
test_4014.jpg,a,20.8125,False,0.0,-20.8125,-22.25,-22.5
test_4015.jpg,a,16.25,False,-1.1920928244535389e-07,-16.25,-17.375,-17.25
test_4016.jpg,a,22.375,False,0.0,-22.375,-25.25,-24.5
test_4017.jpg,c,22.625,False,-24.0,-23.5,0.0,-22.625
test_4018.jpg,b,26.125,False,-26.125,0.0,-26.125,-26.125
test_4019.jpg,a,22.375,False,0.0,-22.375,-23.75,-26.875
test_4020.jpg,a,2.25,False,-0.10020701587200165,-2.3502070903778076,-14.975207328796387,-16.22520637512207
test_4021.jpg,d,19.8125,False,-19.8125,-22.4375,-23.6875,0.0
test_4022.jpg,d,20.875,False,-26.0,-21.125,-20.875,0.0
test_4023.jpg,d,25.5,False,-27.0,-25.5,-26.5,0.0
test_4024.jpg,c,21.875,False,-23.375,-23.5,0.0,-21.875
test_4025.jpg,a,19.875,False,0.0,-19.875,-23.6875,-22.5
test_4026.jpg,d,27.375,False,-28.75,-27.375,-30.3125,0.0
test_4027.jpg,c,20.375,False,-22.875,-20.375,0.0,-21.0
test_4028.jpg,c,19.0625,False,-19.0625,-19.5,0.0,-20.5625
test_4029.jpg,d,26.0,False,-27.0,-26.0,-29.1875,0.0
test_4030.jpg,c,1.5,True,-19.88542366027832,-14.42292308807373,-0.06042400375008583,-20.647924423217773
test_4031.jpg,d,25.125,False,-25.125,-25.75,-28.9375,0.0
test_4032.jpg,c,16.0,False,-16.0,-18.375,-1.1920928244535389e-07,-19.5
test_4033.jpg,b,16.0,False,-21.0,-1.1920928244535389e-07,-16.0,-19.625
test_4034.jpg,d,14.625,False,-25.5,-21.125,-14.625,-4.768370445162873e-07
test_4035.jpg,d,3.125,False,-3.451336622238159,-6.826336860656738,-3.201336622238159,-0.07633669674396515
test_4036.jpg,b,21.75,False,-23.375,0.0,-22.25,-21.75
test_4037.jpg,c,17.25,False,-17.25,-22.25,0.0,-21.625
test_4038.jpg,a,20.0,False,0.0,-20.0,-21.75,-22.125
test_4039.jpg,d,23.75,False,-25.5,-23.75,-25.0,0.0
test_4040.jpg,d,21.75,False,-25.75,-21.75,-21.875,0.0
test_4041.jpg,c,22.375,False,-23.25,-22.375,0.0,-22.375
test_4042.jpg,a,22.375,False,0.0,-22.375,-23.8125,-24.3125
test_4043.jpg,c,19.75,False,-20.875,-20.25,0.0,-19.75
test_4044.jpg,c,21.6875,False,-22.0625,-21.6875,0.0,-23.3125
test_4045.jpg,d,25.375,False,-25.875,-25.375,-28.375,0.0
test_4046.jpg,b,22.625,False,-22.625,0.0,-26.125,-25.0
test_4047.jpg,b,21.0,False,-21.0,0.0,-23.0,-21.875
test_4048.jpg,b,22.0,False,-22.0,0.0,-25.875,-23.5
test_4049.jpg,c,16.25,False,-16.25,-21.5,-1.1920928244535389e-07,-24.5
test_4050.jpg,b,21.0,False,-25.5,0.0,-26.625,-21.0
test_4051.jpg,a,5.0,False,-0.006715822499245405,-14.756715774536133,-5.006715774536133,-15.881715774536133
test_4052.jpg,b,19.625,False,-22.0,0.0,-20.125,-19.625
test_4053.jpg,a,21.0,False,0.0,-21.0,-21.75,-22.125
test_4054.jpg,c,22.5,False,-23.625,-23.0,0.0,-22.5
test_4055.jpg,a,10.875,False,-1.9311717551317997e-05,-14.750019073486328,-10.875019073486328,-16.750019073486328
test_4056.jpg,a,20.625,False,0.0,-20.625,-21.875,-21.0
test_4057.jpg,d,23.75,False,-24.5,-23.75,-24.5,0.0
test_4058.jpg,d,22.875,False,-25.125,-22.875,-23.25,0.0
test_4059.jpg,a,14.375,False,-8.344646857949556e-07,-15.750000953674316,-14.375000953674316,-16.25
test_4060.jpg,c,6.25,False,-18.376928329467773,-15.12692928314209,-0.0019288521725684404,-6.251928806304932
test_4061.jpg,d,24.875,False,-25.375,-24.875,-26.875,0.0
test_4062.jpg,d,24.625,False,-26.0,-24.625,-24.625,0.0
test_4063.jpg,a,7.5,False,-0.0005532164941541851,-15.375553131103516,-7.500553131103516,-16.875553131103516
test_4064.jpg,c,14.625,False,-14.625,-18.625,-4.768370445162873e-07,-17.75
test_4065.jpg,a,18.125,False,0.0,-18.125,-18.875,-20.375
test_4066.jpg,a,20.5625,False,0.0,-20.5625,-23.5625,-23.75
test_4067.jpg,a,24.125,False,0.0,-24.125,-26.875,-26.6875
test_4068.jpg,a,24.5,False,0.0,-24.5,-27.1875,-27.375
test_4069.jpg,d,26.125,False,-26.3125,-26.125,-30.25,0.0
test_4070.jpg,c,18.875,False,-22.875,-19.75,0.0,-18.875
test_4071.jpg,b,19.375,False,-20.625,0.0,-19.375,-19.875
test_4072.jpg,b,24.875,False,-24.875,0.0,-26.125,-25.375
test_4073.jpg,b,20.5,False,-20.5,0.0,-20.875,-20.75
test_4074.jpg,b,24.0,False,-24.0,0.0,-24.75,-24.25
test_4075.jpg,b,22.375,False,-22.375,0.0,-23.125,-22.75
test_4076.jpg,d,2.75,False,-2.811967611312866,-18.311967849731445,-20.686967849731445,-0.06196761503815651
test_4077.jpg,a,21.125,False,0.0,-21.125,-21.25,-24.75
test_4078.jpg,d,23.875,False,-23.875,-24.75,-26.4375,0.0
test_4079.jpg,a,20.625,False,0.0,-20.625,-20.875,-21.125
test_4080.jpg,c,16.625,False,-21.0,-16.625,-1.1920928244535389e-07,-19.5
test_4081.jpg,d,24.625,False,-25.375,-24.625,-26.0,0.0
test_4082.jpg,b,13.5,False,-13.500000953674316,-1.4305104514278355e-06,-17.625001907348633,-19.875001907348633
test_4083.jpg,d,24.5,False,-25.125,-24.5,-27.25,0.0
test_4084.jpg,a,22.875,False,0.0,-22.875,-23.5625,-24.625
test_4085.jpg,d,25.0,False,-27.875,-25.0,-26.125,0.0
test_4086.jpg,c,16.875,False,-19.25,-18.5,0.0,-16.875
test_4087.jpg,c,21.25,False,-24.0,-22.875,0.0,-21.25
test_4088.jpg,b,20.125,False,-20.125,0.0,-21.25,-22.625
test_4089.jpg,d,16.625,False,-27.25,-16.625,-22.375,-1.1920928244535389e-07
test_4090.jpg,b,21.0,False,-21.0,0.0,-25.875,-23.0
test_4091.jpg,b,21.875,False,-22.0,0.0,-22.75,-21.875
test_4092.jpg,a,21.5,False,0.0,-22.75,-21.5,-24.25
test_4093.jpg,d,4.0,False,-23.268150329589844,-14.518150329589844,-4.018150329589844,-0.01815043017268181
test_4094.jpg,c,21.1875,False,-21.1875,-21.4375,0.0,-23.0
test_4095.jpg,a,22.125,False,0.0,-22.125,-24.9375,-24.0
test_4096.jpg,b,21.75,False,-22.875,0.0,-24.125,-21.75
test_4097.jpg,a,20.375,False,0.0,-20.375,-20.625,-21.0
test_4098.jpg,a,19.375,False,0.0,-19.375,-20.25,-21.5
test_4099.jpg,a,23.75,False,0.0,-23.75,-26.125,-26.125
test_4100.jpg,d,23.0,False,-24.875,-23.0,-26.125,0.0
test_4101.jpg,c,18.875,False,-18.875,-21.75,0.0,-21.125
test_4102.jpg,b,1.0,True,-13.70743179321289,-0.4449313282966614,-14.469930648803711,-17.03243064880371
test_4103.jpg,d,26.25,False,-27.0,-26.25,-29.5,0.0
test_4104.jpg,b,23.5,False,-23.5,0.0,-26.75,-25.0
test_4105.jpg,c,3.0,False,-9.798643112182617,-16.173643112182617,-0.048642970621585846,-3.048642873764038
test_4106.jpg,d,24.75,False,-25.75,-24.75,-26.875,0.0
test_4107.jpg,c,15.875,False,-18.125,-16.875,-2.3841855067985307e-07,-15.875
test_4108.jpg,a,9.0,False,-0.00015376816736534238,-10.875153541564941,-9.000153541564941,-11.375153541564941
test_4109.jpg,b,16.75,False,-24.875,0.0,-22.75,-16.75
test_4110.jpg,d,22.125,False,-24.875,-22.125,-22.25,0.0
test_4111.jpg,a,18.625,False,0.0,-19.0,-19.125,-18.625
test_4112.jpg,c,22.125,False,-24.875,-23.25,0.0,-22.125
test_4113.jpg,d,23.75,False,-24.0,-23.75,-26.25,0.0
test_4114.jpg,a,27.5,False,0.0,-27.5,-28.875,-29.125
test_4115.jpg,d,22.5,False,-23.375,-22.5,-23.375,0.0
test_4116.jpg,a,22.5,False,0.0,-22.5,-22.875,-24.125
test_4117.jpg,d,19.0,False,-19.75,-19.0,-21.75,0.0
test_4118.jpg,a,21.125,False,0.0,-21.125,-23.125,-23.375
test_4119.jpg,c,22.5,False,-22.5,-22.625,0.0,-22.625
test_4120.jpg,d,26.375,False,-29.0,-26.75,-26.375,0.0
test_4121.jpg,b,24.125,False,-24.125,0.0,-26.6875,-24.75
test_4122.jpg,a,24.1875,False,0.0,-24.1875,-25.4375,-26.5625
test_4123.jpg,d,22.0,False,-25.375,-22.0,-22.75,0.0
test_4124.jpg,c,23.125,False,-23.125,-25.125,0.0,-25.625
test_4125.jpg,b,20.625,False,-22.375,0.0,-20.625,-23.625
test_4126.jpg,d,26.0,False,-26.125,-26.0,-26.875,0.0
test_4127.jpg,a,21.5,False,0.0,-21.5,-22.9375,-24.3125
test_4128.jpg,c,17.75,False,-20.375,-18.5,0.0,-17.75
test_4129.jpg,d,22.625,False,-26.75,-22.625,-26.5,0.0
test_4130.jpg,d,24.5,False,-26.25,-24.5,-28.25,0.0
test_4131.jpg,d,19.5,False,-25.375,-19.5,-24.5,0.0
test_4132.jpg,c,22.375,False,-22.75,-22.375,0.0,-24.5
test_4133.jpg,d,14.25,False,-24.625,-20.5,-14.250000953674316,-5.960462772236497e-07
test_4134.jpg,b,23.5,False,-24.875,0.0,-25.125,-23.5
test_4135.jpg,a,25.25,False,0.0,-25.25,-27.1875,-29.3125
test_4136.jpg,b,23.375,False,-23.375,0.0,-25.875,-23.625
test_4137.jpg,a,20.0,False,0.0,-20.0,-20.25,-21.25
test_4138.jpg,c,18.875,False,-18.875,-20.0625,0.0,-19.625
test_4139.jpg,b,19.625,False,-19.625,0.0,-23.625,-22.25
test_4140.jpg,d,25.375,False,-25.375,-25.5,-28.0,0.0
test_4141.jpg,b,22.375,False,-25.25,0.0,-30.125,-22.375
test_4142.jpg,a,22.5,False,0.0,-22.5,-23.25,-23.625
test_4143.jpg,a,16.5,False,-1.1920928244535389e-07,-17.75,-16.5,-19.375
test_4144.jpg,c,10.375,False,-19.750030517578125,-10.375031471252441,-3.123234637314454e-05,-19.625030517578125
test_4145.jpg,d,21.8125,False,-21.8125,-22.875,-24.1875,0.0
test_4146.jpg,a,21.875,False,0.0,-21.875,-21.875,-23.6875
test_4147.jpg,b,24.375,False,-24.375,0.0,-24.375,-24.5
test_4148.jpg,d,26.125,False,-27.625,-26.125,-28.0,0.0
test_4149.jpg,d,23.625,False,-24.5,-25.375,-23.625,0.0
test_4150.jpg,b,18.375,False,-20.875,0.0,-21.875,-18.375
test_4151.jpg,b,11.0,False,-26.375017166137695,-1.6689160474925302e-05,-11.000016212463379,-23.250017166137695
test_4152.jpg,c,9.0,False,-9.000123023986816,-17.125123977661133,-0.0001234931987710297,-17.500123977661133
test_4153.jpg,a,18.5,False,0.0,-18.5,-18.5,-19.25
test_4154.jpg,c,20.75,False,-21.5,-21.875,0.0,-20.75
test_4155.jpg,d,9.5,False,-9.500075340270996,-15.500075340270996,-20.12507438659668,-7.497983460780233e-05
test_4156.jpg,b,21.125,False,-22.625,0.0,-21.5,-21.125
test_4157.jpg,b,19.625,False,-19.625,0.0,-20.75,-19.875
test_4158.jpg,c,21.75,False,-23.25,-22.5,0.0,-21.75
test_4159.jpg,c,18.0,False,-18.0,-20.875,0.0,-19.625
test_4160.jpg,a,21.8125,False,0.0,-21.8125,-24.0,-24.375
test_4161.jpg,c,22.5,False,-22.5,-23.5,0.0,-26.375
test_4162.jpg,b,1.75,True,-13.435566902160645,-0.5730676054954529,-15.385567665100098,-17.598068237304688
test_4163.jpg,c,22.375,False,-22.5,-22.375,0.0,-22.875
test_4164.jpg,c,13.25,False,-13.250001907348633,-17.875001907348633,-1.9073468138230965e-06,-16.375001907348633
test_4165.jpg,b,26.875,False,-27.125,0.0,-26.875,-28.625
test_4166.jpg,d,22.8125,False,-22.8125,-23.5625,-26.5625,0.0
test_4167.jpg,d,23.375,False,-23.375,-23.75,-24.625,0.0
test_4168.jpg,d,25.875,False,-26.375,-27.375,-25.875,0.0
test_4169.jpg,b,22.375,False,-22.375,0.0,-25.0,-24.0
test_4170.jpg,c,21.25,False,-21.5,-21.25,0.0,-21.75
test_4171.jpg,a,20.0,False,0.0,-20.0,-20.875,-21.75
test_4172.jpg,b,17.5,False,-17.5,0.0,-24.75,-22.875
test_4173.jpg,b,17.25,False,-19.875,0.0,-18.25,-17.25
test_4174.jpg,a,22.0,False,0.0,-22.0,-23.90625,-23.625
test_4175.jpg,b,22.5,False,-24.125,0.0,-22.5,-24.125
test_4176.jpg,d,21.375,False,-27.5,-24.125,-21.375,0.0
test_4177.jpg,a,20.0,False,0.0,-20.0,-22.125,-23.0
test_4178.jpg,c,21.75,False,-24.5,-21.75,0.0,-24.0
test_4179.jpg,c,22.125,False,-23.0,-22.875,0.0,-22.125
test_4180.jpg,c,19.25,False,-19.25,-24.0,0.0,-23.25
test_4181.jpg,c,22.5,False,-24.125,-22.5,0.0,-22.75
test_4182.jpg,c,17.75,False,-22.25,-21.25,0.0,-17.75
test_4183.jpg,d,21.125,False,-22.375,-21.125,-21.875,0.0
test_4184.jpg,b,20.125,False,-20.125,0.0,-21.625,-23.375
test_4185.jpg,b,25.0,False,-25.0,0.0,-27.875,-27.375
test_4186.jpg,d,20.5,False,-20.5,-24.5,-26.125,0.0
test_4187.jpg,b,22.125,False,-22.125,0.0,-25.375,-22.375
test_4188.jpg,c,15.375,False,-15.375,-20.875,-2.3841855067985307e-07,-21.5
test_4189.jpg,b,16.0,False,-19.75,-1.1920928244535389e-07,-16.0,-19.875
test_4190.jpg,c,21.1875,False,-21.1875,-22.0,0.0,-23.875
test_4191.jpg,c,18.375,False,-18.875,-18.375,0.0,-19.0
test_4192.jpg,a,21.0,False,0.0,-21.0,-24.4375,-24.25
test_4193.jpg,b,24.0,False,-24.0,0.0,-27.125,-24.375
test_4194.jpg,d,21.6875,False,-21.6875,-23.25,-23.875,0.0
test_4195.jpg,c,19.75,False,-21.375,-19.75,0.0,-20.375
test_4196.jpg,b,9.25,False,-19.75009536743164,-9.60780744208023e-05,-17.00009536743164,-9.250096321105957
test_4197.jpg,b,24.625,False,-27.625,0.0,-24.625,-25.25
test_4198.jpg,a,21.375,False,0.0,-21.375,-24.625,-24.3125
test_4199.jpg,c,20.375,False,-20.375,-20.75,0.0,-21.0
test_4200.jpg,a,19.875,False,0.0,-19.875,-21.0625,-20.3125
test_4201.jpg,a,22.625,False,0.0,-22.625,-23.5,-26.625
test_4202.jpg,b,24.0,False,-24.0,0.0,-24.75,-25.25
test_4203.jpg,d,24.0,False,-24.75,-24.0,-25.25,0.0
test_4204.jpg,c,21.25,False,-21.5,-21.25,0.0,-22.125
test_4205.jpg,a,23.5,False,0.0,-23.5,-24.6875,-24.75
test_4206.jpg,b,19.875,False,-25.625,0.0,-24.875,-19.875
test_4207.jpg,b,16.875,False,-19.0,0.0,-16.875,-16.875
test_4208.jpg,d,24.125,False,-24.375,-24.125,-27.0625,0.0
test_4209.jpg,c,20.5,False,-20.5,-20.625,0.0,-21.5
test_4210.jpg,a,19.875,False,0.0,-20.5,-19.875,-21.0
test_4211.jpg,d,27.875,False,-29.0,-28.125,-27.875,0.0
test_4212.jpg,c,21.875,False,-24.5,-21.875,0.0,-24.625
test_4213.jpg,c,21.875,False,-22.375,-21.875,0.0,-22.25
test_4214.jpg,c,21.125,False,-22.5,-21.125,0.0,-21.625
test_4215.jpg,c,21.75,False,-22.75,-21.75,0.0,-24.6875
test_4216.jpg,b,18.875,False,-24.75,0.0,-25.0,-18.875
test_4217.jpg,c,21.75,False,-22.25,-21.75,0.0,-23.25
test_4218.jpg,a,21.75,False,0.0,-21.75,-24.0,-23.5
test_4219.jpg,b,16.75,False,-25.25,0.0,-16.75,-22.25
test_4220.jpg,d,25.5,False,-25.5,-25.5,-26.625,0.0
test_4221.jpg,c,18.375,False,-19.25,-18.375,0.0,-19.875
test_4222.jpg,d,26.5,False,-28.125,-26.5,-27.125,0.0
test_4223.jpg,b,25.125,False,-25.125,0.0,-28.75,-26.75
test_4224.jpg,d,26.0,False,-27.625,-26.0,-27.125,0.0
test_4225.jpg,b,18.625,False,-18.875,0.0,-21.375,-18.625
test_4226.jpg,b,23.875,False,-23.875,0.0,-24.25,-25.375
test_4227.jpg,d,24.75,False,-26.125,-24.75,-26.75,0.0
test_4228.jpg,c,3.75,False,-20.273244857788086,-3.773245334625244,-0.023245446383953094,-17.023244857788086
test_4229.jpg,c,20.75,False,-20.75,-21.875,0.0,-25.125
test_4230.jpg,b,19.0,False,-19.625,0.0,-19.0,-20.125
test_4231.jpg,c,22.375,False,-24.125,-22.375,0.0,-24.5
test_4232.jpg,d,11.5,False,-11.50001049041748,-20.500009536743164,-22.625009536743164,-1.0132738680113107e-05
test_4233.jpg,b,21.75,False,-21.875,0.0,-22.625,-21.75
test_4234.jpg,c,16.5,False,-18.125,-18.25,-1.1920928244535389e-07,-16.5
test_4235.jpg,c,23.0,False,-24.0,-23.0,0.0,-24.5
test_4236.jpg,d,22.125,False,-22.25,-22.125,-25.25,0.0
test_4237.jpg,a,6.25,False,-0.0019290901254862547,-6.25192928314209,-15.00192928314209,-15.62692928314209
test_4238.jpg,d,22.875,False,-24.25,-22.875,-23.875,0.0
test_4239.jpg,b,21.75,False,-22.75,0.0,-23.375,-21.75
test_4240.jpg,d,25.875,False,-27.75,-25.875,-27.875,0.0
test_4241.jpg,c,20.875,False,-23.5,-20.875,0.0,-21.875
test_4242.jpg,a,18.375,False,0.0,-22.0,-18.375,-24.75
test_4243.jpg,b,23.375,False,-24.25,0.0,-28.5,-23.375
test_4244.jpg,a,18.75,False,0.0,-19.0,-18.75,-20.875
test_4245.jpg,a,20.5,False,0.0,-20.625,-20.5,-21.0
test_4246.jpg,c,22.25,False,-24.75,-22.25,0.0,-22.375
test_4247.jpg,c,20.375,False,-21.125,-20.375,0.0,-21.125
test_4248.jpg,c,22.75,False,-22.75,-22.75,0.0,-24.75
test_4249.jpg,c,21.625,False,-23.5,-22.5,0.0,-21.625
test_4250.jpg,c,2.75,False,-2.812783718109131,-8.812783241271973,-0.06278365105390549,-7.312783718109131
test_4251.jpg,c,18.0,False,-20.375,-18.0,0.0,-18.75
test_4252.jpg,a,21.625,False,0.0,-21.625,-23.375,-23.8125
test_4253.jpg,d,14.25,False,-18.125,-14.250000953674316,-16.125,-7.152555099310121e-07
test_4254.jpg,a,20.875,False,0.0,-20.875,-21.125,-22.25
test_4255.jpg,c,7.25,False,-17.375709533691406,-19.125709533691406,-0.0007098776986822486,-7.2507100105285645
test_4256.jpg,a,24.875,False,0.0,-25.0,-26.25,-24.875
test_4257.jpg,b,21.125,False,-21.25,0.0,-21.125,-21.5
test_4258.jpg,d,23.125,False,-24.0,-23.125,-25.375,0.0
test_4259.jpg,c,22.0,False,-22.625,-22.0,0.0,-22.5
test_4260.jpg,b,20.125,False,-20.125,0.0,-23.4375,-21.75
test_4261.jpg,c,20.5,False,-20.5,-20.875,0.0,-22.5
test_4262.jpg,a,19.8125,False,0.0,-19.8125,-21.625,-20.9375
test_4263.jpg,a,5.75,False,-0.0031777145341038704,-5.753177642822266,-19.878177642822266,-19.628177642822266
test_4264.jpg,b,18.375,False,-18.375,0.0,-18.375,-18.75
test_4265.jpg,b,18.5,False,-24.75,0.0,-18.5,-22.75
test_4266.jpg,c,11.5,False,-11.50001049041748,-21.625009536743164,-1.0132738680113107e-05,-22.250009536743164
test_4267.jpg,b,20.75,False,-20.75,0.0,-22.25,-20.875
test_4268.jpg,a,21.25,False,0.0,-21.25,-23.6875,-24.5
test_4269.jpg,b,19.375,False,-19.375,0.0,-22.125,-20.9375
test_4270.jpg,d,27.0,False,-28.4375,-27.0,-29.5625,0.0
test_4271.jpg,c,19.5,False,-19.5,-20.625,0.0,-20.5
test_4272.jpg,b,19.5,False,-19.5,0.0,-20.375,-19.625
test_4273.jpg,a,24.75,False,0.0,-24.75,-28.0625,-26.75
test_4274.jpg,b,22.625,False,-22.625,0.0,-25.25,-23.125
test_4275.jpg,c,19.8125,False,-20.125,-19.8125,0.0,-21.1875
test_4276.jpg,b,19.75,False,-19.75,0.0,-20.0,-20.875
test_4277.jpg,c,23.0,False,-23.375,-23.0,0.0,-25.0625
test_4278.jpg,d,21.375,False,-22.375,-21.375,-24.25,0.0
test_4279.jpg,d,21.625,False,-21.625,-22.9375,-24.5625,0.0
test_4280.jpg,c,20.625,False,-21.125,-20.625,0.0,-21.625
test_4281.jpg,a,16.125,False,-1.1920928244535389e-07,-16.125,-19.0,-19.625
test_4282.jpg,b,22.875,False,-22.875,0.0,-25.25,-25.25
test_4283.jpg,d,25.125,False,-28.375,-25.125,-27.75,0.0
test_4284.jpg,b,20.25,False,-20.5,0.0,-20.25,-20.625
test_4285.jpg,b,17.875,False,-17.875,0.0,-21.25,-18.125
test_4286.jpg,a,22.875,False,0.0,-22.875,-23.875,-24.0
test_4287.jpg,a,21.125,False,0.0,-21.125,-22.6875,-24.0
test_4288.jpg,a,24.25,False,0.0,-24.25,-25.4375,-26.4375
test_4289.jpg,c,7.5,False,-7.500593185424805,-10.125593185424805,-0.0005930095794610679,-18.375593185424805
test_4290.jpg,c,21.125,False,-21.125,-21.875,0.0,-21.75
test_4291.jpg,b,22.125,False,-22.125,0.0,-25.125,-22.875
test_4292.jpg,a,19.625,False,0.0,-20.625,-20.625,-19.625
test_4293.jpg,d,21.75,False,-25.5,-21.875,-21.75,0.0
test_4294.jpg,b,16.625,False,-21.875,-1.1920928244535389e-07,-22.25,-16.625
test_4295.jpg,d,23.25,False,-23.375,-23.25,-28.0,0.0
test_4296.jpg,b,23.25,False,-23.25,0.0,-26.5,-26.25
test_4297.jpg,b,9.0,False,-9.000123023986816,-0.00012337400403339416,-19.125123977661133,-20.125123977661133
test_4298.jpg,b,22.375,False,-22.375,0.0,-27.375,-24.875
test_4299.jpg,c,20.625,False,-21.375,-20.625,0.0,-21.125
test_4300.jpg,d,21.25,False,-23.375,-21.25,-24.625,0.0
test_4301.jpg,d,21.375,False,-21.375,-23.3125,-24.625,0.0
test_4302.jpg,a,9.5,False,-7.486063259420916e-05,-9.50007438659668,-22.25007438659668,-25.00007438659668
test_4303.jpg,b,20.75,False,-20.75,0.0,-26.125,-23.125
test_4304.jpg,d,10.25,False,-20.125036239624023,-17.750036239624023,-10.250035285949707,-3.540453326422721e-05
test_4305.jpg,d,22.875,False,-22.875,-24.0,-26.125,0.0
test_4306.jpg,c,22.375,False,-23.75,-22.5,0.0,-22.375
test_4307.jpg,d,25.25,False,-25.5,-25.25,-28.75,0.0
test_4308.jpg,d,22.375,False,-27.125,-22.375,-26.0,0.0
test_4309.jpg,d,24.625,False,-28.0,-25.75,-24.625,0.0
test_4310.jpg,b,11.5,False,-11.50001049041748,-1.0132738680113107e-05,-23.375009536743164,-24.625009536743164
test_4311.jpg,d,21.375,False,-25.0,-22.375,-21.375,0.0
test_4312.jpg,d,1.75,True,-22.648067474365234,-14.660567283630371,-21.348068237304688,-0.573067307472229
test_4313.jpg,d,18.0,False,-18.0,-24.25,-25.125,0.0
test_4314.jpg,a,7.75,False,-0.0004306104383431375,-17.125431060791016,-7.750430583953857,-19.750431060791016
test_4315.jpg,d,16.75,False,-18.75,-16.75,-17.875,-1.1920928244535389e-07
test_4316.jpg,d,17.875,False,-22.875,-21.625,-17.875,0.0
test_4317.jpg,b,21.875,False,-21.875,0.0,-22.375,-24.0
test_4318.jpg,a,23.375,False,0.0,-23.375,-26.375,-26.125
test_4319.jpg,c,21.875,False,-23.0,-23.125,0.0,-21.875
test_4320.jpg,a,21.125,False,0.0,-21.125,-23.75,-23.5625
test_4321.jpg,c,16.25,False,-18.75,-16.25,-1.1920928244535389e-07,-20.0
test_4322.jpg,d,27.5,False,-29.125,-27.5,-29.375,0.0
test_4323.jpg,a,15.0,False,-3.576278118089249e-07,-15.0,-19.875,-19.0
test_4324.jpg,b,22.5,False,-23.5,0.0,-23.125,-22.5
test_4325.jpg,d,24.75,False,-26.375,-24.75,-25.875,0.0
test_4326.jpg,d,0.25,True,-22.397781372070312,-21.23528289794922,-16.085281372070312,-0.17278185486793518
test_4327.jpg,c,20.5,False,-22.0,-20.5,0.0,-20.875
test_4328.jpg,b,19.0,False,-21.625,0.0,-19.0,-21.625
test_4329.jpg,a,23.875,False,0.0,-23.875,-26.0625,-26.0
test_4330.jpg,c,21.0625,False,-21.0625,-22.8125,0.0,-25.875
test_4331.jpg,a,24.375,False,0.0,-24.375,-26.0,-26.0
test_4332.jpg,c,22.75,False,-23.875,-22.875,0.0,-22.75
test_4333.jpg,b,21.625,False,-24.75,0.0,-21.625,-25.625
test_4334.jpg,c,3.75,False,-3.7732458114624023,-14.523245811462402,-0.023245912045240402,-18.64824676513672
test_4335.jpg,d,23.875,False,-26.125,-23.875,-25.25,0.0
test_4336.jpg,a,20.125,False,0.0,-20.125,-22.0625,-20.9375
test_4337.jpg,c,21.625,False,-23.5,-21.625,0.0,-23.375
test_4338.jpg,c,0.0,True,-14.557943344116211,-18.245445251464844,-0.20794419944286346,-19.020444869995117
test_4339.jpg,c,19.25,False,-21.625,-19.75,0.0,-19.25
test_4340.jpg,d,27.25,False,-27.25,-28.5,-29.5625,0.0
test_4341.jpg,d,6.25,False,-6.252025127410889,-9.25202465057373,-14.25202465057373,-0.0020251020323485136
test_4342.jpg,a,4.5,False,-0.011047743260860443,-4.511047840118408,-17.51104736328125,-18.13604736328125
test_4343.jpg,d,15.875,False,-15.875,-19.875,-21.25,-1.1920928244535389e-07
test_4344.jpg,b,16.5,False,-17.125,-1.1920928244535389e-07,-17.375,-16.5
test_4345.jpg,d,25.25,False,-27.125,-25.5,-25.25,0.0
test_4346.jpg,c,18.625,False,-20.875,-19.125,0.0,-18.625
test_4347.jpg,d,21.0,False,-22.9375,-21.0,-22.0625,0.0
test_4348.jpg,d,22.125,False,-23.0,-22.125,-22.375,0.0
test_4349.jpg,a,20.875,False,0.0,-20.875,-26.75,-26.5
test_4350.jpg,a,23.75,False,0.0,-23.75,-26.75,-26.0
test_4351.jpg,c,23.875,False,-23.875,-23.875,0.0,-24.625
test_4352.jpg,b,25.375,False,-25.375,0.0,-26.0,-26.125
test_4353.jpg,b,23.625,False,-23.625,0.0,-26.5,-25.25
test_4354.jpg,c,19.625,False,-20.5,-19.625,0.0,-20.625
test_4355.jpg,c,13.625,False,-26.500001907348633,-22.125001907348633,-1.1920922133867862e-06,-13.625000953674316
test_4356.jpg,c,21.0,False,-22.5,-21.0,0.0,-23.25
test_4357.jpg,b,20.375,False,-20.375,0.0,-25.5,-23.375
test_4358.jpg,d,20.5,False,-20.5,-24.375,-26.25,0.0
test_4359.jpg,a,22.75,False,0.0,-22.75,-24.375,-24.875
test_4360.jpg,b,20.75,False,-20.75,0.0,-23.375,-21.875
test_4361.jpg,c,20.25,False,-20.25,-21.75,0.0,-22.25
test_4362.jpg,c,19.75,False,-21.125,-20.375,0.0,-19.75
test_4363.jpg,d,24.125,False,-25.75,-24.125,-26.625,0.0
test_4364.jpg,b,22.625,False,-22.625,0.0,-23.375,-24.625
test_4365.jpg,a,20.9375,False,0.0,-20.9375,-22.375,-23.5
test_4366.jpg,a,20.875,False,0.0,-21.375,-20.875,-23.5
test_4367.jpg,c,18.375,False,-19.125,-18.375,0.0,-19.5
test_4368.jpg,c,19.25,False,-19.375,-20.5,0.0,-19.25
test_4369.jpg,b,10.5,False,-10.500027656555176,-2.753696753643453e-05,-22.62502670288086,-22.75002670288086
test_4370.jpg,d,23.5,False,-23.5,-24.125,-25.5,0.0
test_4371.jpg,a,23.125,False,0.0,-23.125,-24.0,-26.375
test_4372.jpg,b,22.875,False,-23.0,0.0,-22.875,-24.25
test_4373.jpg,a,4.75,False,-0.008614521473646164,-18.50861358642578,-4.758614540100098,-20.00861358642578
test_4374.jpg,d,21.0,False,-22.375,-21.0,-21.5,0.0
test_4375.jpg,d,20.375,False,-22.375,-20.375,-21.875,0.0
test_4376.jpg,d,22.375,False,-25.0,-22.375,-23.875,0.0
test_4377.jpg,d,21.625,False,-23.375,-21.625,-22.375,0.0
test_4378.jpg,a,19.625,False,0.0,-19.625,-21.8125,-20.1875
test_4379.jpg,a,10.75,False,-2.1815061700181104e-05,-14.875021934509277,-10.750021934509277,-16.87502098083496
test_4380.jpg,c,18.0,False,-18.25,-18.0,0.0,-18.75
test_4381.jpg,c,22.0,False,-23.375,-22.0,0.0,-24.25
test_4382.jpg,a,19.5,False,0.0,-20.125,-19.5,-21.875
test_4383.jpg,a,23.0,False,0.0,-23.0,-25.875,-25.25
test_4384.jpg,d,19.0,False,-22.5,-22.25,-19.0,0.0
test_4385.jpg,a,20.75,False,0.0,-20.75,-24.4375,-22.875
test_4386.jpg,d,24.125,False,-24.125,-25.125,-27.125,0.0
test_4387.jpg,a,19.5,False,0.0,-19.5,-21.375,-21.375
test_4388.jpg,a,21.4375,False,0.0,-21.4375,-24.3125,-23.875
test_4389.jpg,c,22.5,False,-24.625,-22.5,0.0,-23.375
test_4390.jpg,c,18.75,False,-20.0,-18.75,0.0,-18.75
test_4391.jpg,a,11.0,False,-1.6689160474925302e-05,-17.750017166137695,-11.000016212463379,-18.750017166137695
test_4392.jpg,c,3.5,False,-3.5297508239746094,-14.77975082397461,-0.0297507643699646,-17.52975082397461
test_4393.jpg,b,22.25,False,-22.25,0.0,-27.5,-23.875
test_4394.jpg,b,23.375,False,-23.375,0.0,-24.875,-24.625
test_4395.jpg,b,25.75,False,-25.75,0.0,-28.75,-27.625
test_4396.jpg,a,18.25,False,0.0,-18.25,-20.625,-22.0
test_4397.jpg,a,22.0,False,0.0,-22.0,-22.125,-22.875
test_4398.jpg,a,19.875,False,0.0,-19.875,-21.5,-22.125
test_4399.jpg,a,18.875,False,0.0,-18.875,-22.25,-23.375
test_4400.jpg,a,21.125,False,0.0,-21.125,-23.875,-23.0
test_4401.jpg,a,19.0,False,0.0,-19.0,-20.0,-19.375
test_4402.jpg,b,22.25,False,-22.25,0.0,-25.75,-23.5
test_4403.jpg,b,17.5,False,-20.75,0.0,-17.5,-19.625
test_4404.jpg,d,12.25,False,-25.000003814697266,-12.250004768371582,-21.375003814697266,-4.768360213347478e-06
test_4405.jpg,a,12.625,False,-3.4570634852570947e-06,-16.000003814697266,-12.625003814697266,-16.875003814697266
test_4406.jpg,b,22.125,False,-22.125,0.0,-25.75,-25.625
test_4407.jpg,d,21.625,False,-21.625,-22.3125,-23.6875,0.0
test_4408.jpg,b,18.875,False,-23.625,0.0,-18.875,-21.0
test_4409.jpg,b,24.25,False,-24.25,0.0,-25.25,-24.25
test_4410.jpg,a,16.875,False,0.0,-16.875,-21.375,-22.125
test_4411.jpg,d,22.75,False,-25.5,-24.125,-22.75,0.0
test_4412.jpg,a,21.375,False,0.0,-21.375,-23.5,-23.5
test_4413.jpg,b,18.75,False,-23.0,0.0,-21.125,-18.75
test_4414.jpg,d,2.75,False,-15.686969757080078,-13.061969757080078,-2.811969757080078,-0.061969857662916183
test_4415.jpg,c,21.375,False,-23.75,-22.5,0.0,-21.375
test_4416.jpg,c,20.0,False,-20.25,-20.0,0.0,-20.125
test_4417.jpg,c,21.5625,False,-21.5625,-21.625,0.0,-24.5625
test_4418.jpg,c,21.875,False,-22.375,-21.875,0.0,-23.25
test_4419.jpg,d,23.5,False,-26.625,-24.5,-23.5,0.0
test_4420.jpg,d,24.625,False,-24.75,-24.625,-27.875,0.0
test_4421.jpg,c,23.125,False,-25.75,-23.625,0.0,-23.125
test_4422.jpg,d,22.625,False,-22.75,-22.625,-24.25,0.0
test_4423.jpg,d,22.875,False,-22.875,-24.0,-27.1875,0.0
test_4424.jpg,d,25.625,False,-27.0,-25.625,-28.75,0.0
test_4425.jpg,a,15.125,False,-4.768370445162873e-07,-15.125,-16.625,-15.625
test_4426.jpg,d,21.375,False,-21.375,-21.875,-23.25,0.0
test_4427.jpg,a,14.0,False,-1.4305104514278355e-06,-14.000000953674316,-15.125000953674316,-15.000000953674316
test_4428.jpg,b,22.625,False,-22.625,0.0,-24.375,-24.0
test_4429.jpg,d,21.375,False,-23.5,-21.375,-24.25,0.0
test_4430.jpg,d,23.875,False,-25.875,-23.875,-24.5,0.0
test_4431.jpg,b,20.375,False,-24.0,0.0,-22.75,-20.375
test_4432.jpg,b,14.0,False,-15.750000953674316,-1.0728830375228426e-06,-14.000000953674316,-16.625001907348633
test_4433.jpg,a,4.0,False,-0.018150078132748604,-16.143150329589844,-4.0181498527526855,-19.768150329589844
test_4434.jpg,c,22.5,False,-22.5,-22.625,0.0,-23.3125
test_4435.jpg,d,19.5,False,-20.625,-20.875,-19.5,0.0
test_4436.jpg,b,19.625,False,-22.25,0.0,-23.125,-19.625
test_4437.jpg,c,21.75,False,-23.5,-21.75,0.0,-22.125
test_4438.jpg,a,15.25,False,-2.3841855067985307e-07,-15.25,-19.125,-21.75
test_4439.jpg,b,26.0,False,-26.0,0.0,-26.625,-26.0
test_4440.jpg,a,21.75,False,0.0,-21.75,-25.25,-23.5
test_4441.jpg,c,19.5,False,-20.25,-20.0,0.0,-19.5
test_4442.jpg,b,21.125,False,-21.125,0.0,-22.5,-21.625
test_4443.jpg,c,20.25,False,-21.125,-20.25,0.0,-21.0
test_4444.jpg,c,20.875,False,-22.25,-21.5,0.0,-20.875
test_4445.jpg,c,20.875,False,-20.875,-22.375,0.0,-22.75
test_4446.jpg,a,19.625,False,0.0,-19.625,-20.5,-20.375
test_4447.jpg,c,22.0,False,-23.625,-22.0,0.0,-23.375
test_4448.jpg,d,24.875,False,-27.875,-25.125,-24.875,0.0
test_4449.jpg,a,23.125,False,0.0,-23.125,-25.125,-25.625
test_4450.jpg,c,19.75,False,-20.5,-20.8125,0.0,-19.75
test_4451.jpg,c,17.75,False,-23.5,-20.875,0.0,-17.75
test_4452.jpg,d,24.25,False,-24.5,-24.25,-26.5,0.0
test_4453.jpg,d,12.875,False,-14.25000286102295,-12.87500286102295,-19.000003814697266,-3.2186455882765586e-06
test_4454.jpg,a,20.125,False,0.0,-21.25,-20.125,-22.375
test_4455.jpg,b,18.5,False,-20.25,0.0,-18.5,-19.25
test_4456.jpg,d,13.625,False,-13.875001907348633,-13.625001907348633,-15.750001907348633,-2.264974000354414e-06
test_4457.jpg,d,19.75,False,-23.5,-20.875,-19.75,0.0
test_4458.jpg,a,14.625,False,-4.768370445162873e-07,-14.625,-20.0,-22.125
test_4459.jpg,a,19.8125,False,0.0,-19.8125,-20.4375,-20.875
test_4460.jpg,b,6.0,False,-16.62747573852539,-0.0024758896324783564,-6.002475738525391,-16.50247573852539
test_4461.jpg,d,23.125,False,-23.125,-24.125,-28.125,0.0
test_4462.jpg,d,24.875,False,-26.75,-24.875,-25.875,0.0
test_4463.jpg,c,21.75,False,-21.75,-22.375,0.0,-22.375
test_4464.jpg,a,19.125,False,0.0,-20.625,-24.625,-19.125
test_4465.jpg,c,18.0,False,-19.625,-18.0,0.0,-19.125
test_4466.jpg,d,23.625,False,-23.75,-23.625,-23.75,0.0
test_4467.jpg,d,24.25,False,-26.75,-24.25,-27.5,0.0
test_4468.jpg,d,22.625,False,-22.625,-23.9375,-25.75,0.0
test_4469.jpg,d,21.875,False,-21.875,-23.375,-27.125,0.0
test_4470.jpg,a,21.125,False,0.0,-21.125,-21.25,-22.8125
test_4471.jpg,b,13.625,False,-17.625001907348633,-1.6689286894688848e-06,-14.625001907348633,-13.625001907348633
test_4472.jpg,b,23.875,False,-23.875,0.0,-27.125,-24.375
test_4473.jpg,d,24.0,False,-24.125,-24.0,-27.0,0.0
test_4474.jpg,d,17.75,False,-24.5,-23.0,-17.75,0.0
test_4475.jpg,c,20.75,False,-21.0,-22.5625,0.0,-20.75
test_4476.jpg,c,21.0,False,-23.25,-22.0,0.0,-21.0
test_4477.jpg,c,23.75,False,-24.0,-24.0,0.0,-23.75
test_4478.jpg,d,23.125,False,-23.75,-23.125,-26.5,0.0
test_4479.jpg,a,21.5,False,0.0,-21.6875,-21.5,-22.1875
test_4480.jpg,c,20.125,False,-21.375,-20.125,0.0,-21.125
test_4481.jpg,d,16.875,False,-25.625,-16.875,-17.5,-1.1920928244535389e-07
test_4482.jpg,c,20.75,False,-21.375,-20.75,0.0,-22.8125
test_4483.jpg,c,20.5,False,-21.5,-21.25,0.0,-20.5
test_4484.jpg,c,12.875,False,-12.87500286102295,-20.250001907348633,-2.50339189733495e-06,-20.625001907348633
test_4485.jpg,a,10.0,False,-4.541770613286644e-05,-19.375045776367188,-19.250045776367188,-10.000045776367188
test_4486.jpg,c,20.75,False,-23.25,-20.75,0.0,-21.0
test_4487.jpg,a,22.625,False,0.0,-22.625,-26.0,-25.125
test_4488.jpg,a,21.875,False,0.0,-21.875,-23.5,-23.75
test_4489.jpg,d,22.625,False,-24.25,-22.625,-23.375,0.0
test_4490.jpg,d,24.0,False,-26.875,-26.25,-24.0,0.0
test_4491.jpg,c,20.625,False,-23.75,-20.625,0.0,-20.75
test_4492.jpg,c,21.125,False,-22.75,-21.125,0.0,-21.5
test_4493.jpg,b,23.875,False,-24.0,0.0,-24.375,-23.875
test_4494.jpg,c,20.25,False,-21.625,-20.25,0.0,-22.5
test_4495.jpg,d,24.375,False,-24.5,-24.375,-27.625,0.0
test_4496.jpg,a,21.625,False,0.0,-21.625,-23.0625,-24.3125
test_4497.jpg,a,18.125,False,0.0,-19.0,-18.125,-19.75
test_4498.jpg,c,22.0,False,-22.5,-22.0,0.0,-23.25
test_4499.jpg,c,0.75,True,-8.841222763061523,-12.50372314453125,-0.11622347682714462,-16.041223526000977
test_4500.jpg,a,22.25,False,0.0,-22.25,-23.625,-24.0
test_4501.jpg,b,18.5,False,-18.625,0.0,-19.125,-18.5
test_4502.jpg,b,23.75,False,-23.75,0.0,-28.125,-25.5
test_4503.jpg,a,24.875,False,0.0,-24.875,-26.75,-27.125
test_4504.jpg,b,22.25,False,-22.25,0.0,-28.5625,-23.5
test_4505.jpg,d,23.375,False,-25.75,-23.375,-25.0,0.0
test_4506.jpg,d,23.625,False,-25.0,-23.875,-23.625,0.0
test_4507.jpg,a,6.75,False,-0.001176975667476654,-6.751176834106445,-12.251176834106445,-13.126176834106445
test_4508.jpg,c,18.0,False,-19.0,-18.0,0.0,-18.375
test_4509.jpg,a,19.5625,False,0.0,-19.5625,-21.375,-21.25
test_4510.jpg,b,19.75,False,-19.75,0.0,-20.75,-21.75
test_4511.jpg,a,15.5,False,-3.576278118089249e-07,-15.5,-16.25,-17.375
test_4512.jpg,a,20.75,False,0.0,-20.75,-23.875,-24.3125
test_4513.jpg,d,23.9375,False,-23.9375,-25.1875,-27.5625,0.0
test_4514.jpg,a,23.0,False,0.0,-23.0,-25.5,-25.75
test_4515.jpg,b,15.0,False,-17.125,-3.576278118089249e-07,-15.0,-22.0
test_4516.jpg,b,21.5,False,-22.0,0.0,-21.5,-21.75
test_4517.jpg,d,24.5625,False,-24.5625,-24.875,-26.8125,0.0
test_4518.jpg,d,15.75,False,-19.0,-15.75,-17.625,-1.1920928244535389e-07
test_4519.jpg,a,21.25,False,0.0,-21.25,-22.125,-21.875
test_4520.jpg,c,19.625,False,-22.125,-19.625,0.0,-21.25
test_4521.jpg,d,19.875,False,-19.875,-24.0,-27.375,0.0
test_4522.jpg,b,21.625,False,-22.75,0.0,-21.625,-22.125
test_4523.jpg,a,11.625,False,-8.940656698541716e-06,-11.625008583068848,-19.250009536743164,-20.000009536743164
test_4524.jpg,a,17.25,False,0.0,-18.5,-17.25,-19.125
test_4525.jpg,c,7.25,False,-7.2507100105285645,-16.500709533691406,-0.0007099968497641385,-16.750709533691406
test_4526.jpg,d,20.1875,False,-20.1875,-22.125,-23.78125,0.0
test_4527.jpg,d,19.75,False,-22.0,-19.75,-20.5,0.0
test_4528.jpg,c,20.25,False,-20.625,-21.125,0.0,-20.25
test_4529.jpg,d,27.125,False,-27.125,-28.5,-30.25,0.0
test_4530.jpg,a,18.625,False,0.0,-18.625,-19.75,-20.5
test_4531.jpg,c,7.0,False,-7.000911235809326,-18.750911712646484,-0.0009114163694903255,-19.250911712646484
test_4532.jpg,c,21.75,False,-22.875,-21.75,0.0,-24.0
test_4533.jpg,c,21.875,False,-23.0,-21.875,0.0,-23.125
test_4534.jpg,d,3.75,False,-21.273244857788086,-3.773245334625244,-18.273244857788086,-0.023245446383953094
test_4535.jpg,a,19.625,False,0.0,-19.625,-23.25,-23.375
test_4536.jpg,b,23.375,False,-23.375,0.0,-25.625,-24.625
test_4537.jpg,d,25.5,False,-27.25,-25.5,-26.375,0.0
test_4538.jpg,d,23.0,False,-23.125,-23.0,-25.0625,0.0
test_4539.jpg,c,0.75,True,-8.221512794494629,-3.3465123176574707,-0.14651238918304443,-18.484012603759766
test_4540.jpg,d,22.5,False,-24.5,-22.5,-24.875,0.0
test_4541.jpg,b,24.5,False,-24.5,0.0,-26.625,-26.25
test_4542.jpg,d,10.75,False,-24.68752098083496,-23.25002098083496,-10.750020980834961,-2.1457441107486375e-05
test_4543.jpg,c,15.625,False,-23.375,-15.625,-1.1920928244535389e-07,-20.0
test_4544.jpg,a,21.375,False,0.0,-21.375,-22.75,-23.125
test_4545.jpg,d,16.375,False,-17.625,-16.375,-19.875,-1.1920928244535389e-07
test_4546.jpg,b,7.0,False,-18.250911712646484,-0.0009114163694903255,-19.750911712646484,-7.000911235809326
test_4547.jpg,b,22.25,False,-22.25,0.0,-25.5,-24.75
test_4548.jpg,a,20.25,False,0.0,-20.25,-24.0,-23.5
test_4549.jpg,d,15.5,False,-26.75,-23.125,-15.5,-2.3841855067985307e-07
test_4550.jpg,c,23.25,False,-24.875,-23.25,0.0,-24.75
test_4551.jpg,c,22.625,False,-23.5,-22.625,0.0,-23.375
test_4552.jpg,d,24.625,False,-25.75,-24.625,-25.125,0.0
test_4553.jpg,b,2.875,False,-7.1809611320495605,-0.05596095696091652,-2.9309608936309814,-8.055960655212402
test_4554.jpg,d,7.5,False,-7.500553131103516,-19.375553131103516,-22.000553131103516,-0.0005529781919904053
test_4555.jpg,a,21.5,False,0.0,-21.5,-23.875,-23.6875
test_4556.jpg,a,19.625,False,0.0,-21.375,-19.625,-22.75
test_4557.jpg,c,2.0,True,-23.04486083984375,-20.957361221313477,-0.8573616147041321,-0.9573615789413452
test_4558.jpg,a,2.0,True,-0.7199336290359497,-15.21993350982666,-18.582433700561523,-0.9699336290359497
test_4559.jpg,b,19.75,False,-27.5,0.0,-19.75,-24.75
test_4560.jpg,c,21.5,False,-23.625,-22.875,0.0,-21.5
test_4561.jpg,b,20.75,False,-20.75,0.0,-23.0,-21.25
test_4562.jpg,a,18.75,False,0.0,-18.75,-19.875,-19.5
test_4563.jpg,c,22.5,False,-22.5,-23.0,0.0,-22.625
test_4564.jpg,a,20.75,False,0.0,-20.75,-21.625,-22.375
test_4565.jpg,d,24.5,False,-24.5,-24.5,-25.75,0.0
test_4566.jpg,a,21.375,False,0.0,-21.375,-24.8125,-23.875
test_4567.jpg,a,25.3125,False,0.0,-25.3125,-28.46875,-27.6875
test_4568.jpg,d,21.5,False,-25.25,-23.0,-21.5,0.0
test_4569.jpg,b,20.125,False,-21.625,0.0,-21.375,-20.125
test_4570.jpg,c,20.625,False,-21.625,-20.625,0.0,-22.125
test_4571.jpg,c,1.0,True,-18.61897850036621,-12.781478881835938,-0.3939785659313202,-17.081478118896484
test_4572.jpg,c,19.375,False,-22.0,-19.375,0.0,-19.625
test_4573.jpg,c,17.625,False,-17.625,-20.375,0.0,-22.625
test_4574.jpg,d,25.875,False,-26.0,-25.875,-29.8125,0.0
test_4575.jpg,c,19.375,False,-21.875,-21.875,0.0,-19.375
test_4576.jpg,a,23.75,False,0.0,-23.75,-25.8125,-25.6875
test_4577.jpg,b,19.875,False,-19.875,0.0,-23.9375,-22.8125
test_4578.jpg,a,20.625,False,0.0,-20.625,-21.625,-21.875
test_4579.jpg,c,22.625,False,-26.375,-24.875,0.0,-22.625
test_4580.jpg,a,5.25,False,-0.005233872216194868,-16.380233764648438,-5.2552337646484375,-21.255233764648438
test_4581.jpg,d,24.0,False,-24.625,-24.0,-29.875,0.0
test_4582.jpg,c,15.75,False,-23.875,-15.75,-1.1920928244535389e-07,-22.625
test_4583.jpg,c,17.25,False,-17.25,-18.125,0.0,-17.875
test_4584.jpg,d,23.75,False,-24.0,-23.75,-26.0,0.0
test_4585.jpg,b,24.875,False,-25.75,0.0,-24.875,-27.625
test_4586.jpg,d,24.75,False,-27.0,-24.75,-29.25,0.0
test_4587.jpg,c,21.9375,False,-21.9375,-22.3125,0.0,-22.25
test_4588.jpg,c,2.75,False,-2.8119683265686035,-14.186968803405762,-0.061968401074409485,-15.686968803405762
test_4589.jpg,a,8.0,False,-0.00033539868309162557,-20.625335693359375,-21.000335693359375,-8.000335693359375
test_4590.jpg,a,19.875,False,0.0,-19.875,-20.5625,-20.0625
test_4591.jpg,b,3.375,False,-3.4093334674835205,-0.03433343768119812,-8.784333229064941,-7.534333229064941
test_4592.jpg,b,12.5,False,-18.125003814697266,-3.6954811548639555e-06,-22.000003814697266,-12.500003814697266
test_4593.jpg,d,14.5,False,-18.625,-18.125,-14.5,-4.768370445162873e-07
test_4594.jpg,a,20.5,False,0.0,-21.625,-20.5,-24.125
test_4595.jpg,a,2.0,True,-0.03807863965630531,-18.063077926635742,-19.925579071044922,-14.813078880310059
test_4596.jpg,b,23.5,False,-24.125,0.0,-23.5,-23.875
test_4597.jpg,b,19.0,False,-21.375,0.0,-23.125,-19.0
test_4598.jpg,c,17.625,False,-22.375,-20.875,0.0,-17.625
test_4599.jpg,d,22.75,False,-24.25,-22.75,-25.5,0.0
test_4600.jpg,a,22.5,False,0.0,-24.375,-27.375,-22.5
test_4601.jpg,d,24.0,False,-24.625,-24.0,-25.625,0.0
test_4602.jpg,d,25.75,False,-27.625,-25.75,-27.75,0.0
test_4603.jpg,d,25.125,False,-26.375,-25.125,-29.25,0.0
test_4604.jpg,a,22.875,False,0.0,-22.875,-24.25,-26.75
test_4605.jpg,b,2.5,False,-15.078889846801758,-0.07889018952846527,-2.578890085220337,-15.828889846801758
test_4606.jpg,b,17.0,False,-24.0,0.0,-17.0,-21.625
test_4607.jpg,c,22.25,False,-22.25,-23.75,0.0,-23.25
test_4608.jpg,c,20.875,False,-21.375,-20.875,0.0,-23.5
test_4609.jpg,c,3.75,False,-3.7732455730438232,-16.148244857788086,-0.023245563730597496,-18.773244857788086
test_4610.jpg,d,23.75,False,-23.875,-23.75,-25.125,0.0
test_4611.jpg,c,14.375,False,-20.375,-14.375000953674316,-5.960462772236497e-07,-17.25
test_4612.jpg,b,23.0,False,-23.0,0.0,-24.625,-23.625
test_4613.jpg,c,15.125,False,-15.125,-20.5,-2.3841855067985307e-07,-20.125
test_4614.jpg,c,14.625,False,-17.0,-14.625000953674316,-8.344646857949556e-07,-15.000000953674316
test_4615.jpg,a,19.625,False,0.0,-19.625,-19.625,-19.875
test_4616.jpg,a,18.75,False,0.0,-18.75,-19.25,-19.875
test_4617.jpg,c,22.75,False,-23.125,-22.75,0.0,-23.875
test_4618.jpg,c,9.75,False,-9.7500581741333,-19.500059127807617,-5.829164365422912e-05,-22.625059127807617
test_4619.jpg,d,23.25,False,-23.5,-23.25,-23.375,0.0
test_4620.jpg,c,22.0,False,-22.0,-23.1875,0.0,-23.5625
test_4621.jpg,d,22.5,False,-22.5,-23.875,-27.75,0.0
test_4622.jpg,a,22.25,False,0.0,-22.25,-22.625,-23.375
test_4623.jpg,c,21.0,False,-21.6875,-21.75,0.0,-21.0
test_4624.jpg,a,19.375,False,0.0,-19.375,-20.25,-21.875
test_4625.jpg,d,22.125,False,-23.625,-22.125,-22.625,0.0
test_4626.jpg,a,22.875,False,0.0,-22.875,-24.5,-24.5625
test_4627.jpg,c,17.625,False,-19.375,-18.0,0.0,-17.625
test_4628.jpg,b,21.5,False,-21.5,0.0,-24.125,-22.625
test_4629.jpg,c,18.375,False,-19.875,-18.375,0.0,-19.625
test_4630.jpg,b,18.875,False,-19.625,0.0,-22.0,-18.875
test_4631.jpg,a,24.625,False,0.0,-24.625,-25.625,-26.8125
test_4632.jpg,d,21.625,False,-21.625,-22.5,-23.5625,0.0
test_4633.jpg,b,18.625,False,-19.75,0.0,-18.625,-19.375
test_4634.jpg,b,24.875,False,-24.875,0.0,-27.5,-26.0
test_4635.jpg,b,18.25,False,-18.25,0.0,-22.625,-22.125
test_4636.jpg,b,12.5,False,-12.500003814697266,-3.6954811548639555e-06,-24.125003814697266,-24.125003814697266
test_4637.jpg,b,22.375,False,-22.625,0.0,-22.375,-22.75
test_4638.jpg,c,2.75,False,-11.686982154846191,-2.8119819164276123,-0.061981845647096634,-12.061982154846191
test_4639.jpg,b,14.875,False,-17.625,-4.768370445162873e-07,-14.875,-16.5
test_4640.jpg,a,20.4375,False,0.0,-20.4375,-21.0625,-20.6875
test_4641.jpg,a,22.75,False,0.0,-22.75,-24.875,-24.125
test_4642.jpg,a,8.75,False,-0.00015841660206206143,-18.500158309936523,-23.500158309936523,-8.750158309936523
test_4643.jpg,a,20.875,False,0.0,-20.875,-22.375,-22.5
test_4644.jpg,a,24.375,False,0.0,-24.875,-24.375,-26.5
test_4645.jpg,c,19.375,False,-19.75,-19.375,0.0,-21.875
test_4646.jpg,a,18.25,False,0.0,-18.25,-22.0,-25.125
test_4647.jpg,b,22.25,False,-23.0,0.0,-22.75,-22.25
test_4648.jpg,a,16.25,False,-1.1920928244535389e-07,-18.0,-19.75,-16.25
test_4649.jpg,b,17.25,False,-21.5,0.0,-17.25,-20.25
test_4650.jpg,d,24.125,False,-24.125,-25.0625,-26.5,0.0
test_4651.jpg,a,22.875,False,0.0,-22.875,-25.25,-25.0
test_4652.jpg,d,18.75,False,-25.125,-22.125,-18.75,0.0
test_4653.jpg,b,25.25,False,-25.25,0.0,-25.5,-25.625
test_4654.jpg,a,20.125,False,0.0,-20.125,-22.25,-22.8125
test_4655.jpg,b,23.625,False,-23.625,0.0,-26.0,-24.625
test_4656.jpg,b,6.25,False,-18.126928329467773,-0.0019287331961095333,-6.251928806304932,-15.876928329467773
test_4657.jpg,a,21.5,False,0.0,-22.125,-21.5,-24.875
test_4658.jpg,d,24.125,False,-24.125,-24.5,-27.3125,0.0
test_4659.jpg,d,26.0,False,-27.75,-26.0,-27.125,0.0
test_4660.jpg,c,19.5,False,-19.5,-20.25,0.0,-21.125
test_4661.jpg,c,20.375,False,-22.0,-20.375,0.0,-21.25
test_4662.jpg,a,8.875,False,-0.00014006110723130405,-15.500140190124512,-8.875140190124512,-18.250139236450195
test_4663.jpg,c,7.75,False,-23.625431060791016,-21.000431060791016,-0.0004306104383431375,-7.750430583953857
test_4664.jpg,d,11.25,False,-24.62501335144043,-11.25001335144043,-22.87501335144043,-1.2993727978027891e-05
test_4665.jpg,b,19.875,False,-19.875,0.0,-22.625,-21.0
test_4666.jpg,b,7.5,False,-16.500553131103516,-0.0005539313424378633,-7.500554084777832,-14.000554084777832
test_4667.jpg,b,19.625,False,-20.75,0.0,-19.625,-20.25
test_4668.jpg,c,23.625,False,-26.125,-24.25,0.0,-23.625
test_4669.jpg,a,22.25,False,0.0,-22.25,-22.9375,-23.75
test_4670.jpg,b,20.875,False,-21.625,0.0,-20.875,-24.0
test_4671.jpg,b,24.25,False,-25.25,0.0,-26.125,-24.25
test_4672.jpg,b,20.5,False,-23.875,0.0,-20.5,-21.0
test_4673.jpg,c,22.375,False,-23.9375,-22.375,0.0,-23.125
test_4674.jpg,a,22.0,False,0.0,-22.0,-22.25,-24.625
test_4675.jpg,c,21.0,False,-23.25,-21.125,0.0,-21.0
test_4676.jpg,a,21.1875,False,0.0,-21.625,-21.1875,-22.375
test_4677.jpg,c,21.625,False,-22.125,-21.875,0.0,-21.625
test_4678.jpg,d,25.125,False,-25.625,-25.125,-25.875,0.0
test_4679.jpg,b,21.25,False,-22.875,0.0,-23.125,-21.25
test_4680.jpg,c,20.75,False,-21.5,-20.75,0.0,-21.375
test_4681.jpg,c,20.25,False,-23.375,-20.25,0.0,-22.875
test_4682.jpg,a,22.75,False,0.0,-22.75,-24.9375,-25.3125
test_4683.jpg,a,12.25,False,-4.887569048150908e-06,-16.3750057220459,-12.250004768371582,-17.2500057220459
test_4684.jpg,a,19.0,False,0.0,-19.0,-20.5,-23.125
test_4685.jpg,c,23.25,False,-23.875,-23.25,0.0,-23.875
test_4686.jpg,c,4.125,False,-4.141048908233643,-11.391048431396484,-0.016048895195126534,-12.641048431396484
test_4687.jpg,a,21.375,False,0.0,-21.375,-22.75,-23.5
test_4688.jpg,d,22.875,False,-22.875,-23.875,-26.375,0.0
test_4689.jpg,b,18.875,False,-20.125,0.0,-22.0,-18.875
test_4690.jpg,a,21.0,False,0.0,-21.0,-25.25,-24.375
test_4691.jpg,b,24.5,False,-25.0,0.0,-26.625,-24.5
test_4692.jpg,b,20.25,False,-21.875,0.0,-24.375,-20.25
test_4693.jpg,b,23.875,False,-23.875,0.0,-24.0,-24.25
test_4694.jpg,a,18.375,False,0.0,-18.375,-19.75,-19.75
test_4695.jpg,a,18.0,False,0.0,-18.0,-19.0,-19.375
test_4696.jpg,b,22.125,False,-22.125,0.0,-23.625,-24.375
test_4697.jpg,b,23.375,False,-24.125,0.0,-23.375,-23.875
test_4698.jpg,a,18.75,False,0.0,-18.75,-20.3125,-20.6875
test_4699.jpg,c,17.875,False,-19.625,-17.875,0.0,-19.5
test_4700.jpg,a,20.0,False,0.0,-20.0,-20.375,-21.6875
test_4701.jpg,a,13.25,False,-1.7881377516459906e-06,-13.250001907348633,-19.125001907348633,-20.625001907348633
test_4702.jpg,c,21.0,False,-21.0,-21.5,0.0,-21.625
test_4703.jpg,b,14.0,False,-21.25,-8.344646857949556e-07,-14.000000953674316,-17.625
test_4704.jpg,b,20.125,False,-20.125,0.0,-24.125,-22.0
test_4705.jpg,d,25.0,False,-25.0625,-25.0,-26.25,0.0
test_4706.jpg,b,21.75,False,-21.75,0.0,-26.375,-24.0
test_4707.jpg,a,5.5,False,-0.004078404977917671,-5.504078388214111,-18.754077911376953,-18.379077911376953
test_4708.jpg,a,6.625,False,-0.0013806821079924703,-6.626380920410156,-10.126380920410156,-11.126380920410156
test_4709.jpg,a,25.0625,False,0.0,-25.0625,-26.5625,-27.0625
test_4710.jpg,c,19.75,False,-21.125,-19.75,0.0,-22.0
test_4711.jpg,b,18.375,False,-22.75,0.0,-18.375,-21.625
test_4712.jpg,d,22.875,False,-25.5,-22.875,-23.125,0.0
test_4713.jpg,a,17.875,False,0.0,-17.875,-19.375,-20.375
test_4714.jpg,c,2.5,False,-2.578889846801758,-17.203889846801758,-0.078889861702919,-15.828889846801758
test_4715.jpg,d,20.75,False,-27.875,-23.125,-20.75,0.0
test_4716.jpg,c,21.75,False,-22.75,-21.75,0.0,-22.875
test_4717.jpg,b,8.0,False,-8.000335693359375,-0.00033539868309162557,-18.500335693359375,-17.375335693359375
test_4718.jpg,d,23.125,False,-23.125,-23.25,-27.0625,0.0
test_4719.jpg,d,26.25,False,-27.25,-26.25,-28.625,0.0
test_4720.jpg,c,3.75,False,-3.7732455730438232,-16.898244857788086,-0.023245563730597496,-19.398244857788086
test_4721.jpg,d,13.375,False,-25.375001907348633,-20.000001907348633,-13.375001907348633,-1.5497195136049413e-06
test_4722.jpg,c,19.5,False,-20.0,-19.5,0.0,-20.5
test_4723.jpg,a,22.125,False,0.0,-22.25,-22.125,-24.625
test_4724.jpg,a,20.5625,False,0.0,-20.5625,-23.125,-23.3125
test_4725.jpg,b,20.875,False,-21.375,0.0,-21.25,-20.875
test_4726.jpg,c,13.125,False,-18.125001907348633,-17.875001907348633,-2.0265558760002023e-06,-13.125001907348633
test_4727.jpg,d,23.3125,False,-23.3125,-23.875,-25.1875,0.0
test_4728.jpg,a,21.375,False,0.0,-21.375,-23.75,-23.0
test_4729.jpg,b,23.25,False,-24.25,0.0,-23.25,-24.625
test_4730.jpg,a,21.75,False,0.0,-21.75,-23.5,-24.25
test_4731.jpg,c,22.375,False,-22.75,-22.375,0.0,-22.375
test_4732.jpg,c,21.75,False,-22.625,-21.75,0.0,-23.5
test_4733.jpg,d,23.0625,False,-23.0625,-23.3125,-26.4375,0.0
test_4734.jpg,c,21.875,False,-23.5,-21.875,0.0,-23.375
test_4735.jpg,b,23.125,False,-23.125,0.0,-24.25,-24.375
test_4736.jpg,b,23.375,False,-24.5,0.0,-25.625,-23.375
test_4737.jpg,d,25.125,False,-27.875,-25.125,-26.375,0.0
test_4738.jpg,a,15.75,False,-1.1920928244535389e-07,-19.125,-18.875,-15.75
test_4739.jpg,d,18.5,False,-23.0,-18.5,-21.5,0.0
test_4740.jpg,b,23.125,False,-23.125,0.0,-25.375,-23.875
test_4741.jpg,d,22.125,False,-23.25,-22.125,-23.0,0.0
test_4742.jpg,d,22.9375,False,-23.0625,-22.9375,-23.75,0.0
test_4743.jpg,a,19.0,False,0.0,-19.0,-19.5,-22.625
test_4744.jpg,d,23.25,False,-24.125,-23.25,-23.75,0.0
test_4745.jpg,d,14.375,False,-19.125,-14.375000953674316,-15.625000953674316,-7.152555099310121e-07
test_4746.jpg,a,9.5,False,-7.486063259420916e-05,-9.50007438659668,-17.62507438659668,-17.50007438659668
test_4747.jpg,c,17.75,False,-19.0,-17.75,0.0,-19.875
test_4748.jpg,c,8.5,False,-21.50020408630371,-8.500203132629395,-0.00020346954988781363,-18.62520408630371
test_4749.jpg,d,17.25,False,-24.0,-17.25,-21.875,0.0
test_4750.jpg,d,22.125,False,-22.125,-22.375,-25.5,0.0
test_4751.jpg,c,22.875,False,-23.0,-22.875,0.0,-25.625
test_4752.jpg,a,18.25,False,0.0,-19.0,-18.25,-20.625
test_4753.jpg,b,23.875,False,-23.875,0.0,-26.125,-24.875
test_4754.jpg,d,22.5,False,-26.125,-22.5,-25.5,0.0
test_4755.jpg,a,23.0,False,0.0,-23.0,-24.125,-25.125
test_4756.jpg,d,22.9375,False,-22.9375,-23.5625,-26.1875,0.0
test_4757.jpg,a,20.875,False,0.0,-20.875,-21.875,-22.875
test_4758.jpg,d,6.25,False,-24.751928329467773,-6.251928806304932,-22.376928329467773,-0.0019286142196506262
test_4759.jpg,c,22.75,False,-22.75,-25.5,0.0,-23.375
test_4760.jpg,a,23.1875,False,0.0,-23.1875,-27.125,-25.8125
test_4761.jpg,c,19.75,False,-22.625,-21.25,0.0,-19.75
test_4762.jpg,c,21.625,False,-22.25,-22.3125,0.0,-21.625
test_4763.jpg,a,18.5,False,0.0,-18.5,-19.375,-20.375
test_4764.jpg,a,24.5,False,0.0,-24.5,-25.4375,-26.0
test_4765.jpg,c,22.875,False,-23.375,-22.875,0.0,-24.0
test_4766.jpg,b,21.375,False,-23.5,0.0,-23.625,-21.375
test_4767.jpg,a,19.625,False,0.0,-20.0,-19.625,-21.125
test_4768.jpg,b,20.75,False,-23.125,0.0,-22.625,-20.75
test_4769.jpg,d,21.625,False,-23.125,-21.625,-22.25,0.0
test_4770.jpg,c,21.125,False,-21.875,-21.125,0.0,-22.125
test_4771.jpg,b,22.125,False,-22.125,0.0,-23.25,-24.5
test_4772.jpg,c,18.875,False,-19.875,-18.875,0.0,-20.375
test_4773.jpg,b,23.25,False,-23.25,0.0,-24.5,-24.875
test_4774.jpg,c,24.125,False,-24.25,-24.125,0.0,-26.0
test_4775.jpg,c,18.125,False,-18.875,-18.125,0.0,-18.25
test_4776.jpg,a,23.625,False,0.0,-23.625,-25.625,-24.8125
test_4777.jpg,d,24.375,False,-24.375,-24.5,-25.5625,0.0
test_4778.jpg,c,20.125,False,-20.125,-20.5,0.0,-21.75
test_4779.jpg,b,6.0,False,-14.252479553222656,-0.002479932736605406,-6.0024800300598145,-12.502479553222656
test_4780.jpg,d,18.625,False,-25.25,-18.625,-25.25,0.0
test_4781.jpg,c,20.0,False,-20.875,-20.0,0.0,-20.25
test_4782.jpg,d,1.75,True,-14.660567283630371,-20.248065948486328,-24.385568618774414,-0.573067307472229
test_4783.jpg,a,21.875,False,0.0,-21.875,-24.3125,-25.25
test_4784.jpg,c,18.625,False,-20.625,-18.625,0.0,-19.375
test_4785.jpg,b,22.5,False,-22.5,0.0,-23.625,-23.875
test_4786.jpg,a,18.5,False,0.0,-18.75,-18.5,-20.625
test_4787.jpg,b,22.125,False,-24.0,0.0,-23.875,-22.125
test_4788.jpg,b,19.0,False,-19.0,0.0,-22.125,-20.0
test_4789.jpg,a,19.375,False,0.0,-20.5,-19.375,-24.5625
test_4790.jpg,b,23.625,False,-23.625,0.0,-26.5,-25.625
test_4791.jpg,d,24.25,False,-27.125,-24.25,-25.375,0.0
test_4792.jpg,a,21.25,False,0.0,-21.25,-21.875,-22.875
test_4793.jpg,c,18.875,False,-20.75,-19.5,0.0,-18.875
test_4794.jpg,b,15.75,False,-23.125,-1.1920928244535389e-07,-21.125,-15.75
test_4795.jpg,b,18.5,False,-23.75,0.0,-18.5,-26.625
test_4796.jpg,b,22.5,False,-22.5,0.0,-24.5,-23.25
test_4797.jpg,c,21.875,False,-21.875,-22.625,0.0,-22.75
test_4798.jpg,d,23.625,False,-23.625,-25.25,-28.25,0.0
test_4799.jpg,b,20.5,False,-22.125,0.0,-20.5,-20.625
test_4800.jpg,d,7.5,False,-24.625553131103516,-7.500553131103516,-23.625553131103516,-0.0005529781919904053
test_4801.jpg,b,16.375,False,-20.25,-1.1920928244535389e-07,-16.375,-20.625
test_4802.jpg,b,25.375,False,-25.375,0.0,-28.875,-26.375
test_4803.jpg,b,25.125,False,-25.125,0.0,-27.25,-26.0
test_4804.jpg,b,20.75,False,-22.0,0.0,-22.5,-20.75
test_4805.jpg,d,26.375,False,-28.625,-26.375,-26.875,0.0
test_4806.jpg,c,22.25,False,-23.875,-22.375,0.0,-22.25
test_4807.jpg,c,21.125,False,-23.0,-22.875,0.0,-21.125
test_4808.jpg,a,19.125,False,0.0,-19.125,-21.8125,-21.5
test_4809.jpg,b,20.0,False,-23.375,0.0,-25.25,-20.0
test_4810.jpg,b,19.875,False,-20.875,0.0,-19.875,-20.25
test_4811.jpg,c,18.0,False,-19.25,-19.0,0.0,-18.0
test_4812.jpg,b,23.125,False,-23.125,0.0,-26.75,-24.25
test_4813.jpg,d,23.25,False,-23.25,-25.3125,-27.125,0.0
test_4814.jpg,a,23.75,False,0.0,-23.75,-24.75,-25.25
test_4815.jpg,c,16.625,False,-18.5,-16.625,-2.3841855067985307e-07,-16.625
test_4816.jpg,a,21.375,False,0.0,-21.375,-21.625,-22.875
test_4817.jpg,b,20.25,False,-20.25,0.0,-22.0,-20.625
test_4818.jpg,a,7.75,False,-0.0004343043256085366,-13.500433921813965,-7.750434398651123,-13.000433921813965
test_4819.jpg,a,24.5,False,0.0,-24.5,-26.9375,-25.5
test_4820.jpg,b,4.5,False,-17.76104736328125,-0.01104797888547182,-15.511048316955566,-4.511047840118408
test_4821.jpg,a,21.125,False,0.0,-21.125,-22.8125,-22.4375
test_4822.jpg,d,25.75,False,-26.375,-25.75,-26.625,0.0
test_4823.jpg,b,19.375,False,-19.375,0.0,-22.375,-20.375
test_4824.jpg,b,21.625,False,-21.625,0.0,-22.5,-21.625
test_4825.jpg,b,8.375,False,-9.62531566619873,-0.00031549722189083695,-8.37531566619873,-10.87531566619873
test_4826.jpg,d,21.75,False,-23.375,-21.75,-22.75,0.0
test_4827.jpg,a,20.375,False,0.0,-20.375,-20.5,-22.125
test_4828.jpg,b,15.5,False,-17.375,-3.576278118089249e-07,-16.25,-15.5
test_4829.jpg,a,20.25,False,0.0,-20.25,-22.5,-23.5625
test_4830.jpg,b,18.875,False,-19.0,0.0,-20.0,-18.875
test_4831.jpg,a,22.25,False,0.0,-22.25,-25.0,-23.625
test_4832.jpg,c,14.375,False,-14.375000953674316,-14.875000953674316,-9.536738616588991e-07,-17.625
test_4833.jpg,b,25.125,False,-25.125,0.0,-27.25,-25.5
test_4834.jpg,d,23.0,False,-24.25,-23.0,-25.875,0.0
test_4835.jpg,b,12.0,False,-17.3750057220459,-6.318072337307967e-06,-12.000006675720215,-16.2500057220459
test_4836.jpg,d,20.875,False,-24.375,-20.875,-23.375,0.0
test_4837.jpg,d,19.375,False,-23.25,-19.375,-21.25,0.0
test_4838.jpg,b,24.75,False,-24.75,0.0,-25.125,-25.125
test_4839.jpg,d,25.25,False,-28.5,-25.25,-29.375,0.0
test_4840.jpg,c,21.875,False,-22.625,-22.5,0.0,-21.875
test_4841.jpg,a,18.875,False,0.0,-18.875,-20.875,-21.375
test_4842.jpg,b,22.0,False,-23.375,0.0,-26.375,-22.0
test_4843.jpg,d,5.75,False,-5.754087924957275,-7.254087924957275,-8.504088401794434,-0.004088021349161863
test_4844.jpg,a,1.25,True,-0.07977905124425888,-16.042278289794922,-4.829779148101807,-7.717279434204102
test_4845.jpg,c,19.625,False,-20.5,-19.625,0.0,-19.875
test_4846.jpg,c,17.0,False,-18.875,-17.625,0.0,-17.0
test_4847.jpg,c,20.25,False,-21.75,-20.25,0.0,-21.125
test_4848.jpg,c,21.875,False,-22.75,-21.875,0.0,-24.0
test_4849.jpg,a,20.125,False,0.0,-20.125,-23.1875,-22.125
test_4850.jpg,c,23.5,False,-24.375,-23.5,0.0,-24.0
test_4851.jpg,b,20.125,False,-20.125,0.0,-22.5,-21.25
test_4852.jpg,a,23.6875,False,0.0,-23.6875,-25.75,-25.75
test_4853.jpg,b,8.5,False,-8.500203132629395,-0.00020346954988781363,-23.50020408630371,-22.25020408630371
test_4854.jpg,b,21.75,False,-21.875,0.0,-21.75,-23.625
test_4855.jpg,d,26.375,False,-27.75,-26.375,-28.75,0.0
test_4856.jpg,c,21.25,False,-22.625,-21.875,0.0,-21.25
test_4857.jpg,d,23.75,False,-26.0,-26.0,-23.75,0.0
test_4858.jpg,a,20.625,False,0.0,-20.625,-20.75,-20.75
test_4859.jpg,a,22.25,False,0.0,-22.25,-24.1875,-24.375
test_4860.jpg,a,23.0,False,0.0,-23.0,-23.125,-25.125
test_4861.jpg,b,23.0,False,-24.75,0.0,-23.0,-24.5
test_4862.jpg,d,24.75,False,-24.75,-24.875,-26.875,0.0
test_4863.jpg,d,23.25,False,-23.25,-23.75,-26.875,0.0
test_4864.jpg,d,21.375,False,-22.375,-21.375,-23.0,0.0
test_4865.jpg,c,21.0,False,-21.0,-21.125,0.0,-22.375
test_4866.jpg,d,22.125,False,-23.0,-22.125,-22.375,0.0
test_4867.jpg,b,22.5,False,-22.5,0.0,-26.125,-23.875
test_4868.jpg,c,20.75,False,-22.625,-20.75,0.0,-23.75
test_4869.jpg,a,20.875,False,0.0,-21.875,-26.0625,-20.875
test_4870.jpg,b,14.5,False,-19.75,-4.768370445162873e-07,-20.3125,-14.5
test_4871.jpg,b,0.75,True,-13.37598705291748,-0.3509870171546936,-3.100986957550049,-11.90098762512207
test_4872.jpg,a,19.625,False,0.0,-19.625,-20.625,-20.5
test_4873.jpg,c,19.125,False,-21.5,-19.125,0.0,-19.125
test_4874.jpg,b,23.75,False,-23.75,0.0,-27.75,-25.0
test_4875.jpg,a,21.75,False,0.0,-21.75,-23.125,-23.625
test_4876.jpg,b,17.75,False,-25.875,0.0,-17.75,-24.625
test_4877.jpg,c,19.25,False,-20.125,-19.25,0.0,-21.625
test_4878.jpg,d,23.5,False,-25.375,-23.5,-24.5,0.0
test_4879.jpg,c,21.75,False,-21.75,-23.5625,0.0,-25.875
test_4880.jpg,c,22.125,False,-22.125,-22.375,0.0,-23.0
test_4881.jpg,a,21.5,False,0.0,-21.5,-23.0625,-23.8125
test_4882.jpg,c,22.875,False,-25.25,-22.875,0.0,-24.125
test_4883.jpg,a,21.875,False,0.0,-23.125,-21.875,-26.125
test_4884.jpg,d,21.875,False,-22.375,-21.875,-22.375,0.0
test_4885.jpg,a,20.625,False,0.0,-20.625,-22.9375,-22.6875
test_4886.jpg,b,21.25,False,-22.75,0.0,-23.5,-21.25
test_4887.jpg,d,22.8125,False,-24.375,-22.8125,-23.3125,0.0
test_4888.jpg,c,22.375,False,-22.5,-22.375,0.0,-23.0
test_4889.jpg,c,22.375,False,-23.125,-22.375,0.0,-24.5
test_4890.jpg,c,22.5,False,-24.875,-22.5,0.0,-23.625
test_4891.jpg,d,22.375,False,-26.875,-22.875,-22.375,0.0
test_4892.jpg,c,17.0,False,-18.875,-17.25,0.0,-17.0
test_4893.jpg,c,22.125,False,-22.125,-22.875,0.0,-22.875
test_4894.jpg,d,24.875,False,-25.875,-24.875,-27.375,0.0
test_4895.jpg,d,23.875,False,-26.375,-23.875,-25.25,0.0
test_4896.jpg,b,20.625,False,-20.75,0.0,-20.625,-22.375
test_4897.jpg,a,20.4375,False,0.0,-20.4375,-20.875,-21.5
test_4898.jpg,c,22.5,False,-23.5,-22.5,0.0,-23.75
test_4899.jpg,a,20.25,False,0.0,-20.25,-23.4375,-22.25
test_4900.jpg,c,20.375,False,-20.375,-20.5,0.0,-21.25
test_4901.jpg,b,21.0,False,-21.375,0.0,-21.75,-21.0
test_4902.jpg,b,19.25,False,-19.25,0.0,-22.375,-21.125
test_4903.jpg,c,21.0,False,-21.0,-22.5,0.0,-22.25
test_4904.jpg,d,15.25,False,-22.5,-20.625,-15.25,-2.3841855067985307e-07
test_4905.jpg,d,13.125,False,-13.125001907348633,-22.375001907348633,-25.250001907348633,-2.0265558760002023e-06
test_4906.jpg,d,27.5,False,-28.75,-28.8125,-27.5,0.0
test_4907.jpg,b,20.75,False,-20.75,0.0,-23.5,-23.0
test_4908.jpg,b,22.125,False,-22.25,0.0,-24.625,-22.125
test_4909.jpg,b,22.875,False,-22.875,0.0,-23.375,-23.125
test_4910.jpg,b,21.375,False,-21.375,0.0,-22.875,-23.125
test_4911.jpg,c,12.875,False,-12.87500286102295,-16.625001907348633,-2.622600959512056e-06,-18.750001907348633
test_4912.jpg,d,25.125,False,-26.75,-25.125,-30.75,0.0
test_4913.jpg,a,21.625,False,0.0,-21.625,-23.4375,-23.375
test_4914.jpg,b,20.5,False,-20.5,0.0,-23.25,-21.25
test_4915.jpg,d,24.0,False,-24.125,-24.0,-25.0625,0.0
test_4916.jpg,d,26.25,False,-26.875,-26.25,-29.125,0.0
test_4917.jpg,c,20.25,False,-20.875,-21.25,0.0,-20.25
test_4918.jpg,b,5.25,False,-19.380233764648438,-0.005233872216194868,-5.2552337646484375,-15.880233764648438
test_4919.jpg,b,21.125,False,-21.125,0.0,-22.75,-22.375
test_4920.jpg,b,12.5,False,-22.750003814697266,-4.172316494077677e-06,-14.500003814697266,-12.500003814697266
test_4921.jpg,c,13.25,False,-20.750001907348633,-19.500001907348633,-1.7881377516459906e-06,-13.250001907348633
test_4922.jpg,b,23.625,False,-25.0,0.0,-23.625,-26.625
test_4923.jpg,a,19.875,False,0.0,-19.875,-20.375,-21.875
test_4924.jpg,c,19.75,False,-21.5,-19.75,0.0,-21.75
test_4925.jpg,d,24.375,False,-24.375,-24.375,-25.25,0.0
test_4926.jpg,d,24.5,False,-24.5,-24.75,-29.5625,0.0
test_4927.jpg,a,15.5,False,-2.3841855067985307e-07,-17.625,-15.5,-21.875
test_4928.jpg,a,21.625,False,0.0,-21.75,-21.625,-22.75
test_4929.jpg,d,20.0,False,-27.375,-20.0,-21.25,0.0
test_4930.jpg,b,19.75,False,-19.75,0.0,-23.3125,-23.0625
test_4931.jpg,d,19.75,False,-19.75,-21.75,-21.0,0.0
test_4932.jpg,d,23.125,False,-24.0,-23.125,-26.75,0.0
test_4933.jpg,d,26.75,False,-29.125,-26.75,-29.625,0.0
test_4934.jpg,c,21.375,False,-21.75,-21.375,0.0,-22.625
test_4935.jpg,b,19.3125,False,-19.3125,0.0,-24.5625,-23.1875
test_4936.jpg,a,2.75,False,-0.06196851283311844,-14.436968803405762,-14.811968803405762,-2.8119685649871826
test_4937.jpg,a,19.75,False,0.0,-19.75,-21.5,-21.125
test_4938.jpg,d,20.875,False,-22.25,-20.875,-22.25,0.0
test_4939.jpg,a,18.125,False,0.0,-18.125,-18.625,-18.75
test_4940.jpg,d,23.625,False,-23.625,-25.5625,-27.5625,0.0
test_4941.jpg,d,22.125,False,-23.375,-22.125,-22.5,0.0
test_4942.jpg,b,13.5,False,-18.250001907348633,-1.5497195136049413e-06,-13.500001907348633,-15.875001907348633
test_4943.jpg,c,3.75,False,-17.901350021362305,-3.776350259780884,-0.02635025978088379,-5.776350021362305
test_4944.jpg,d,20.625,False,-28.375,-25.75,-20.625,0.0
test_4945.jpg,c,17.875,False,-18.875,-17.875,0.0,-18.75
test_4946.jpg,a,4.25,False,-0.01416344940662384,-4.264163494110107,-19.889163970947266,-17.389163970947266
test_4947.jpg,b,19.0,False,-22.375,0.0,-19.875,-19.0
test_4948.jpg,c,16.625,False,-22.125,-16.625,-1.1920928244535389e-07,-20.25
test_4949.jpg,b,24.375,False,-25.5,0.0,-24.375,-26.25
test_4950.jpg,d,21.9375,False,-22.375,-21.9375,-23.6875,0.0
test_4951.jpg,b,17.375,False,-17.375,0.0,-19.0,-19.75
test_4952.jpg,d,26.125,False,-27.5,-26.125,-29.375,0.0
test_4953.jpg,d,25.875,False,-26.25,-25.875,-29.875,0.0
test_4954.jpg,b,5.5,False,-5.504078388214111,-0.004078404977917671,-24.004077911376953,-20.629077911376953
test_4955.jpg,d,22.5,False,-24.875,-22.5,-23.125,0.0
test_4956.jpg,b,26.0,False,-26.0,0.0,-26.5,-26.125
test_4957.jpg,a,15.375,False,-2.3841855067985307e-07,-19.0,-20.125,-15.375
test_4958.jpg,c,22.375,False,-24.0,-24.375,0.0,-22.375
test_4959.jpg,a,25.25,False,0.0,-25.25,-27.25,-29.625
test_4960.jpg,d,8.0,False,-8.000335693359375,-17.375335693359375,-21.125335693359375,-0.00033539868309162557
test_4961.jpg,a,21.125,False,0.0,-21.1875,-24.625,-21.125
test_4962.jpg,c,22.0,False,-23.5,-22.5,0.0,-22.0
test_4963.jpg,d,25.125,False,-26.75,-25.125,-25.875,0.0
test_4964.jpg,a,21.25,False,0.0,-22.0,-21.25,-26.0
test_4965.jpg,c,19.0,False,-24.625,-22.125,0.0,-19.0
test_4966.jpg,d,22.625,False,-24.0,-22.625,-23.0,0.0
test_4967.jpg,c,20.25,False,-20.25,-20.25,0.0,-20.625
test_4968.jpg,d,23.75,False,-25.125,-23.75,-25.75,0.0
test_4969.jpg,c,20.0,False,-23.25,-21.0,0.0,-20.0
test_4970.jpg,a,13.75,False,-1.5497195136049413e-06,-15.750001907348633,-13.750001907348633,-14.875001907348633
test_4971.jpg,c,20.875,False,-21.125,-20.875,0.0,-22.75
test_4972.jpg,d,15.0,False,-24.625,-21.125,-15.0,-3.576278118089249e-07
test_4973.jpg,c,7.75,False,-7.750430583953857,-17.500431060791016,-0.00043072958942502737,-18.000431060791016
test_4974.jpg,b,22.125,False,-22.125,0.0,-23.75,-24.25
test_4975.jpg,b,17.5,False,-24.25,0.0,-17.5,-20.625
test_4976.jpg,c,20.125,False,-20.3125,-20.125,0.0,-21.75
test_4977.jpg,c,17.625,False,-17.875,-17.625,0.0,-19.0
test_4978.jpg,b,24.75,False,-24.75,0.0,-28.375,-25.75
test_4979.jpg,c,22.875,False,-23.125,-22.875,0.0,-24.75
test_4980.jpg,a,20.125,False,0.0,-20.125,-21.625,-22.125
test_4981.jpg,d,19.875,False,-21.125,-19.875,-21.75,0.0
test_4982.jpg,d,20.5,False,-24.5,-20.5,-25.0,0.0
test_4983.jpg,d,25.25,False,-28.75,-25.25,-28.625,0.0
test_4984.jpg,d,21.375,False,-21.375,-24.75,-23.75,0.0
test_4985.jpg,d,23.75,False,-23.75,-24.25,-25.1875,0.0
test_4986.jpg,d,22.75,False,-23.5625,-22.75,-23.875,0.0
test_4987.jpg,c,21.125,False,-22.0,-21.125,0.0,-22.5625
test_4988.jpg,c,22.375,False,-22.875,-22.375,0.0,-25.125
test_4989.jpg,d,10.875,False,-17.250019073486328,-16.625019073486328,-10.875019073486328,-1.9073304429184645e-05
test_4990.jpg,b,20.75,False,-22.375,0.0,-20.75,-22.125
test_4991.jpg,d,21.5,False,-22.3125,-21.5,-23.25,0.0
test_4992.jpg,c,22.875,False,-23.75,-22.875,0.0,-25.0
test_4993.jpg,c,21.25,False,-23.625,-21.25,0.0,-22.75
test_4994.jpg,c,0.25,True,-19.835281372070312,-14.685281753540039,-4.635282039642334,-12.685281753540039
test_4995.jpg,a,10.375,False,-3.194758028257638e-05,-10.375031471252441,-14.375031471252441,-15.875031471252441
test_4996.jpg,b,20.875,False,-20.875,0.0,-22.625,-22.375
test_4997.jpg,a,21.0,False,0.0,-21.0,-21.875,-23.75
test_4998.jpg,d,22.125,False,-25.5,-23.5,-22.125,0.0
test_4999.jpg,a,19.75,False,0.0,-19.75,-22.0,-21.25
test_5000.jpg,d,23.0,False,-23.0,-23.125,-27.875,0.0
test_5001.jpg,b,21.625,False,-21.625,0.0,-24.0,-21.625
test_5002.jpg,c,23.0,False,-23.75,-23.0,0.0,-24.875
test_5003.jpg,a,22.25,False,0.0,-22.25,-22.5,-23.875
test_5004.jpg,c,18.0,False,-22.125,-18.0,0.0,-21.5
test_5005.jpg,a,23.8125,False,0.0,-23.8125,-27.125,-26.5625
test_5006.jpg,b,24.375,False,-24.375,0.0,-27.875,-26.125
test_5007.jpg,d,24.375,False,-25.125,-24.375,-27.25,0.0
test_5008.jpg,b,19.25,False,-19.25,0.0,-21.25,-21.125
test_5009.jpg,b,21.25,False,-21.25,0.0,-27.75,-23.375
test_5010.jpg,b,17.0,False,-21.625,0.0,-23.25,-17.0
test_5011.jpg,a,22.375,False,0.0,-22.375,-24.5625,-24.625
test_5012.jpg,b,7.75,False,-26.125431060791016,-0.0004306104383431375,-22.250431060791016,-7.750430583953857
test_5013.jpg,b,16.875,False,-16.875,0.0,-20.75,-19.875
test_5014.jpg,d,20.75,False,-20.75,-23.5,-24.125,0.0
test_5015.jpg,d,23.375,False,-26.625,-23.5,-23.375,0.0
test_5016.jpg,b,23.75,False,-23.75,0.0,-25.75,-23.875
test_5017.jpg,c,19.5,False,-23.875,-19.5,0.0,-19.5
test_5018.jpg,b,18.875,False,-20.125,0.0,-19.875,-18.875
test_5019.jpg,c,21.75,False,-21.75,-22.125,0.0,-21.9375
test_5020.jpg,a,22.25,False,0.0,-22.25,-25.875,-24.375
test_5021.jpg,b,15.25,False,-18.625,-2.3841855067985307e-07,-20.625,-15.25
test_5022.jpg,d,13.25,False,-23.125001907348633,-13.250001907348633,-17.875001907348633,-1.7881377516459906e-06
test_5023.jpg,d,21.0,False,-27.25,-21.375,-21.0,0.0
test_5024.jpg,d,23.5,False,-24.75,-23.5,-25.375,0.0
test_5025.jpg,d,25.625,False,-27.25,-25.625,-28.625,0.0
test_5026.jpg,c,19.0,False,-19.0,-20.875,0.0,-21.875
test_5027.jpg,b,21.125,False,-28.125,0.0,-23.375,-21.125
test_5028.jpg,b,17.25,False,-19.0,0.0,-17.875,-17.25
test_5029.jpg,c,0.625,True,-1.7238857746124268,-5.998885631561279,-0.6863856315612793,-4.198885917663574
test_5030.jpg,b,24.375,False,-24.375,0.0,-27.375,-25.5
test_5031.jpg,b,21.375,False,-21.375,0.0,-25.6875,-24.0
test_5032.jpg,b,21.25,False,-21.5,0.0,-21.75,-21.25
test_5033.jpg,a,24.75,False,0.0,-24.75,-26.5,-27.0625
test_5034.jpg,d,23.25,False,-23.25,-24.5,-27.5,0.0
test_5035.jpg,b,21.625,False,-21.625,0.0,-26.625,-23.625
test_5036.jpg,b,10.5,False,-10.500027656555176,-2.753696753643453e-05,-20.25002670288086,-20.12502670288086
test_5037.jpg,b,15.25,False,-22.625,-2.3841855067985307e-07,-20.75,-15.25
test_5038.jpg,a,21.6875,False,0.0,-22.3125,-21.6875,-23.75
test_5039.jpg,a,20.0,False,0.0,-20.0,-20.75,-21.0
test_5040.jpg,c,13.75,False,-16.500001907348633,-13.750000953674316,-1.311301275563892e-06,-15.875000953674316
test_5041.jpg,b,25.0,False,-25.0,0.0,-25.875,-27.125
test_5042.jpg,d,13.125,False,-13.125001907348633,-15.375001907348633,-17.000001907348633,-2.264974000354414e-06
test_5043.jpg,b,16.375,False,-18.875,-1.1920928244535389e-07,-16.375,-19.0
test_5044.jpg,c,22.0,False,-23.5,-22.0,0.0,-22.375
test_5045.jpg,c,15.125,False,-15.125,-16.875,-3.576278118089249e-07,-17.375
test_5046.jpg,c,11.75,False,-28.75000762939453,-25.62500762939453,-7.867782187531702e-06,-11.750007629394531
test_5047.jpg,b,21.4375,False,-21.4375,0.0,-23.625,-23.3125
test_5048.jpg,a,14.875,False,-4.768370445162873e-07,-14.875,-15.75,-19.5
test_5049.jpg,c,22.5,False,-22.5,-23.0,0.0,-24.9375
test_5050.jpg,b,20.625,False,-22.125,0.0,-20.625,-23.375
test_5051.jpg,c,21.75,False,-24.875,-25.125,0.0,-21.75
test_5052.jpg,c,22.75,False,-25.875,-22.75,0.0,-23.25
test_5053.jpg,c,20.625,False,-20.75,-20.625,0.0,-21.625
test_5054.jpg,a,22.875,False,0.0,-22.875,-23.0,-23.875
test_5055.jpg,b,18.75,False,-18.75,0.0,-20.625,-19.125
test_5056.jpg,a,7.5,False,-0.0005530973430722952,-15.625553131103516,-7.500553131103516,-17.500553131103516
test_5057.jpg,b,23.125,False,-23.125,0.0,-25.5,-24.0
test_5058.jpg,d,23.0,False,-23.5,-23.0,-23.5,0.0
test_5059.jpg,c,19.5,False,-19.5,-21.0,0.0,-23.875
test_5060.jpg,b,22.625,False,-24.5,0.0,-22.625,-23.0
test_5061.jpg,d,1.75,True,-4.077768802642822,-15.102768898010254,-16.502769470214844,-0.05276879295706749
test_5062.jpg,d,23.25,False,-24.75,-23.25,-25.5,0.0
test_5063.jpg,b,25.625,False,-26.0,0.0,-27.0,-25.625
test_5064.jpg,c,23.5,False,-26.5,-23.5,0.0,-26.125
test_5065.jpg,c,18.125,False,-18.625,-18.125,0.0,-18.125
test_5066.jpg,d,24.625,False,-25.625,-24.625,-26.5,0.0
test_5067.jpg,c,20.875,False,-20.875,-20.875,0.0,-21.875
test_5068.jpg,d,21.625,False,-25.625,-23.25,-21.625,0.0
test_5069.jpg,c,22.0,False,-22.875,-22.0,0.0,-24.5
test_5070.jpg,d,21.0,False,-22.8125,-21.0,-23.625,0.0
test_5071.jpg,d,19.25,False,-25.375,-22.625,-19.25,0.0
test_5072.jpg,b,23.5,False,-24.0,0.0,-24.25,-23.5
test_5073.jpg,c,19.875,False,-20.625,-19.875,0.0,-24.0
test_5074.jpg,a,22.0625,False,0.0,-22.0625,-23.0,-25.375
